コンテンツ,動画のタイトル,動画公開時刻,長さ,エンゲージ ビュー,平均再生率（%） (%),視聴を継続 (%),ユニーク視聴者数,視聴者あたりの平均視聴回数,新しい視聴者数,リピーター,ライトな視聴者,コアな視聴者,ハイプ,ハイプポイント,登録者減少数,登録者増加数,高評価数,低評価数,高評価率（低評価比） (%),共有数,コメントの追加回数,売上合計 (JPY),注文数,承認済みのコミッション (JPY),保留中のコミッション (JPY),返却された商品 (JPY),YouTube Premium の視聴回数,YouTube Premium 総再生時間（単位: 時間）,再生リストの総再生時間（単位: 時間）,再生リストからの視聴,再生リスト開始あたりの再生回数,ストリーミング時間,設定されているリマインダーの数,チャット メッセージ,リアクション,投稿のチャンネル登録者,リミックス数,リミックス視聴回数,コミュニティ クリップの視聴回数,コミュニティ クリップから発生した総再生時間（単位は時間）,カードのクリック数,カードの表示回数,カード表示 1 回あたりのクリック数 (%),カードのティーザーのクリック数,カード ティーザーの表示回数,カード ティーザー表示 1 回あたりのクリック数 (%),終了画面要素のクリック数,終了画面要素の表示回数,終了画面要素のクリック率 (%),視聴回数,総再生時間（単位: 時間）,チャンネル登録者,平均視聴時間,インプレッション数,インプレッションのクリック率 (%)
合計,,,,1939978,125.18,38.26,0,0,0,0,0,0,0,0,442,1031,30347,2740,91.72,122,130,0,0,0,0,0,26285,93.7551,0,0,0,0,0,0,0,0,1,64,0,0,0,0,0,0,0,0,0,0,0,4368256,12590.2109,589,0:00:21,1853505,2.58
nhwseGbYqlo,2401曲だけキラキラ広告_縦,,15,577146,148.88,97.95,,,,,,,0,0,1,6,10371,999,91.21,7,9,,,,,,26,0.1381,,,,,0,,,0,,,0,0,0,0,,0,0,,0,0,,586085,3585.1297,5,0:00:22,20842,4.95
laePoS1f3pA,2401曲だけ和風ボカロ広告_横,,16,327497,119.95,100,,,,,,,0,0,0,3,1161,74,94.01,22,3,,,,,,5,0.0529,,,,,0,,,0,,,0,0,0,0,,0,0,,0,0,,2384226,2826.2606,3,0:00:19,4315,10.89
h1k2PzG7dRU,広告_推しの曲_縦,,24,149466,120.64,90.47,,,,,,,0,0,1,1,5438,187,96.68,3,0,,,,,,2,0.0038,,,,,0,,,0,,,0,0,0,0,,0,0,,0,0,,157482,1206.102,0,0:00:28,4040,3.14
9Ev1x4-S7fc,横動画 説明なし,,15,82257,113.36,,,,,,,,0,0,0,0,338,52,86.67,5,0,,,,,,1,0.0042,,,,,0,,,0,,,0,0,0,0,,0,0,,0,0,,83360,390.0689,0,0:00:17,1120,3.04
7NHRxaf9Ji4,横動画 説明あり,,15,79427,98.68,,,,,,,,0,0,0,1,23,5,82.14,0,2,,,,,,2,0.0046,,,,,0,,,0,,,0,0,0,0,,0,0,,0,0,,79641,327.0087,1,0:00:14,255,3.14
Q6Q7jK7PbU4,広告_インフルエンサー_テキストver縦,,21,58180,142.7,33.33,,,,,,,0,0,0,0,2420,291,89.27,0,6,,,,,,4,0.0096,,,,,0,,,0,,,0,0,0,0,,0,0,,0,0,,59541,485.538,0,0:00:29,1209,8.85
RYRkcaNuWc8,2401曲デザイン和風ボカロ広告_横,,16,56185,114.48,100,,,,,,,0,0,0,0,340,14,96.05,14,2,,,,,,7,0.0526,,,,,0,,,0,,,0,0,0,0,,0,0,,0,0,,165303,371.7195,0,0:00:18,1493,12.59
w1h6bU_U1rM,説明あり_推しの曲_広告,"Jan 5, 2024",15,55183,168.17,79.41,,,,,,,0,0,0,1,2177,115,94.98,1,1,,,,,,9,0.0247,,,,,0,,,0,,,0,0,0,0,,0,0,,0,0,,196453,447.2431,1,0:00:25,1408,2.2
JvrBGXIvRdg,広告動画 説明あり,,15,53471,226.31,50,,,,,,,0,0,0,1,2012,279,87.82,1,3,,,,,,0,0,,,,,0,,,0,,,0,0,0,0,,0,0,,0,0,,53471,504.2167,1,0:00:33,3307,3.18
rJTNGhDkISY,広告_インフルエンサー_テキストver横,,21,38759,93,,,,,,,,0,0,0,0,3,0,100,2,0,,,,,,3,0.0056,,,,,0,,,0,,,0,0,0,0,,0,0,,0,0,,40078,212.4812,0,0:00:19,0,
57uzmWlMGsw,【ネクタリン - マカロニえんぴつ】たいこで叩いてみた｜たいこでヒットソング#shorts #ネクタリン #マカロニえんぴつ #天才てれびくん #たいこでヒットソング,"Feb 22, 2024",18,33190,98.52,60.64,,,,,,,0,0,4,104,316,30,91.33,8,8,,,,,,3188,11.6142,,,,,0,,,0,,,0,0,0,0,,0,0,,0,0,,47851,166.5989,100,0:00:17,403205,4.3
g_gxE7HCfmM,2401曲だけダーク広告_縦,,15,29064,157.3,97.38,,,,,,,0,0,1,2,1195,73,94.24,5,6,,,,,,10,0.0289,,,,,0,,,0,,,0,0,0,0,,0,0,,0,0,,30196,191.078,1,0:00:23,1997,4.46
YakYSaOeN3w,広告動画 説明なし,,15,22612,164.64,0,,,,,,,0,0,1,1,726,78,90.3,0,1,,,,,,2,0.0083,,,,,0,,,0,,,0,0,0,0,,0,0,,0,0,,23574,155.4872,0,0:00:24,419,4.06
caYQRfa6YRg,横動画 アイドル,,16,12327,67.76,,,,,,,,0,0,1,7,3,0,100,1,1,,,,,,10,0.0303,,,,,0,,,0,,,0,0,0,0,,0,0,,0,0,,12327,34.8392,6,0:00:10,3,0
vF60NXg9B90,2401曲デザインキラキラ広告_横,,16,11938,96.58,100,,,,,,,0,0,0,0,69,3,95.83,0,0,,,,,,1,0.0082,,,,,0,,,0,,,0,0,0,0,,0,0,,0,0,,13812,52.844,0,0:00:15,28,14.29
pzfR85klfn8,推しの曲_音ゲー好きの私広告,,25,9427,128.87,,,,,,,,0,0,0,0,193,28,87.33,1,1,,,,,,0,0,,,,,0,,,0,,,0,0,0,0,,0,0,,0,0,,9427,84.368,0,0:00:32,93,6.45
PtpW_kmfcAQ,広告_全曲無料_縦,"Dec 21, 2023",18,7224,268.35,22.08,,,,,,,0,0,0,0,329,26,92.68,0,0,,,,,,3,0.0074,,,,,0,,,0,,,0,0,0,0,,0,0,,0,0,,7224,96.9267,0,0:00:48,216,6.48
C51njYU9gzA,2401曲だけダーク広告_横,,16,6018,104.05,100,,,,,,,0,0,0,0,71,1,98.61,1,0,,,,,,3,0.008,,,,,0,,,0,,,0,0,0,0,,0,0,,0,0,,7895,28.8986,0,0:00:16,1685,0.18
QFDTR-yaOXw,推しの曲_BGMポップ_広告,,24,5871,167.49,99.39,,,,,,,0,0,0,0,141,11,92.76,0,0,,,,,,0,0,,,,,0,,,0,,,0,0,0,0,,0,0,,0,0,,6350,65.8539,0,0:00:40,92,0
A78cDNvKI2o,広告_インフルエンサー_テキストver縦,,21,5339,91.98,,,,,,,,0,0,0,0,2,0,100,0,0,,,,,,0,0,,,,,0,,,0,,,0,0,0,0,,0,0,,0,0,,5612,29.2176,0,0:00:19,1,0
kIGCMaTX6AQ,【ウィーアー！ - きただにひろし】たいこで弾いてみた｜メロディ#shorts #ウィーアー  #きただにひろし #たいこでヒットソング,"Nov 26, 2023",16,5276,97.63,44.43,,,,,,,0,0,1,18,46,7,86.79,0,1,,,,,,352,1.2994,,,,,0,,,0,,,0,0,0,0,,0,0,,0,0,,5665,22.9863,17,0:00:15,7568,4.28
l_nZpcGFFc4,【最高到達点 - SEKAI NO OWARI】たいこで叩いてみた｜メロディ#shorts #最高到達点 #sekainoowari  #たいこでヒットソング,"Jan 27, 2024",18,5258,80.19,46.37,,,,,,,0,0,1,7,31,4,88.57,0,1,,,,,,287,1.0048,,,,,0,,,0,,,0,0,0,0,,0,0,,0,0,,5893,21.2617,6,0:00:14,25331,4.15
QvN0xh2LKbk,【夢をかなえてドラえもん - mao】たいこで弾いてみた｜メロディ#shorts #夢をかなえてドラえもん  #mao #ドラえもん  #たいこでヒットソング,"Dec 4, 2023",16,4797,85.93,40.2,,,,,,,0,0,2,14,28,6,82.35,2,0,,,,,,254,0.9308,,,,,0,,,0,,,0,0,0,0,,0,0,,0,0,,5206,18.4192,12,0:00:13,12819,1.37
nZ_6-kaml1U,【強風オールバック - ゆこぴ】たいこで弾いてみた｜メロディ#shorts #強風オールバック #ゆこぴ  #たいこでヒットソング,"Dec 6, 2023",16,4780,91.84,46.38,,,,,,,0,0,2,12,27,10,72.97,2,3,,,,,,214,0.8002,,,,,0,,,0,,,0,0,0,0,,0,0,,0,0,,5050,19.5697,10,0:00:14,6972,2.83
R_SIbdQTXtA,【KING - Kanaria】たいこで弾いてみた｜メロディ#shorts #king  #kanaria  #たいこでヒットソング,"Nov 26, 2023",16,4774,89.73,42.03,,,,,,,0,0,0,9,33,5,86.84,0,0,,,,,,322,1.9299,,,,,0,,,0,,,0,0,0,0,,0,0,,0,0,,5061,19.1113,9,0:00:14,6274,2.01
68r88DeCDbA,【ビートdeトーヒ - ハマいく】たいこで弾いてみた｜メロディ#shorts #ビートdeトーヒ #ハマいく #たいこでヒットソング,"Nov 26, 2023",16,4641,102.79,40.47,,,,,,,0,0,2,10,30,2,93.75,1,2,,,,,,403,1.5851,,,,,0,,,0,,,0,0,0,0,,0,0,,0,0,,4959,21.3028,8,0:00:16,8742,1.98
SPYspKwrQ_c,【私は最強 - ウタ(Ado)】たいこで弾いてみた｜メロディ#shorts #私は最強 #ウタ #ado #たいこでヒットソング,"Nov 25, 2023",16,4586,86.05,43.99,,,,,,,0,0,3,12,38,6,86.36,0,2,,,,,,277,1.0476,,,,,0,,,0,,,0,0,0,0,,0,0,,0,0,,4906,17.6193,9,0:00:13,9629,2.61
tPNrXcIY_l4,【アンパンマンのマーチ - ドリーミング】たいこで弾いてみた｜メロディ#shorts #アンパンマンのマーチ #ドリーミング #それいけアンパンマン #たいこでヒットソング,"Dec 4, 2023",16,4553,105.32,35.89,,,,,,,0,0,2,10,41,8,83.67,2,0,,,,,,320,1.7224,,,,,0,,,0,,,0,0,0,0,,0,0,,0,0,,5032,21.4108,8,0:00:16,18729,1.52
OUorqUgQfMc,【青と夏 - Mrs. GREEN APPLE】たいこで弾いてみた｜メロディ#shorts #青と夏 #mrsgreenapple  #たいこでヒットソング,"Nov 27, 2023",16,4536,84.47,40.16,,,,,,,0,0,3,11,27,5,84.38,0,0,,,,,,391,1.2729,,,,,0,,,0,,,0,0,0,0,,0,0,,0,0,,4855,17.0986,8,0:00:13,9015,2.55
EyVyOgOq1ss,【生きる - 水野あつ】たいこで弾いてみた｜メロディ#shorts #生きる #水野あつ #たいこでヒットソング,"Dec 12, 2023",16,4432,84.22,46.57,,,,,,,0,0,2,7,26,8,76.47,0,4,,,,,,198,0.7201,,,,,0,,,0,,,0,0,0,0,,0,0,,0,0,,4710,16.6757,5,0:00:13,3772,1.33
66LOoNp87Lk,【可愛くてごめん - HoneyWorks】たいこで弾いてみた｜メロディ#shorts #可愛くてごめん #honeyworks  #たいこでヒットソング,"Nov 25, 2023",16,4129,100.79,42.01,,,,,,,0,0,1,9,38,5,88.37,0,0,,,,,,280,1.0422,,,,,0,,,0,,,0,0,0,0,,0,0,,0,0,,4384,18.5541,8,0:00:16,8408,2.2
erq7vCtqNs4,【人マニア - 原口沙輔】たいこで叩いてみた｜メロディ#shorts #人マニア #原口沙輔 #たいこでヒットソング,"Dec 30, 2023",18,4126,81.31,55.46,,,,,,,0,0,0,11,35,6,85.37,0,3,,,,,,185,0.6734,,,,,0,,,0,,,0,0,0,0,,0,0,,0,0,,4515,16.8681,11,0:00:14,8376,4.14
jyxRJWOI4-Q,【ドラえもん - 星野源】たいこで弾いてみた｜メロディ#shorts #ドラえもん  #星野源 #たいこでヒットソング,"Dec 4, 2023",16,3987,88.11,35.89,,,,,,,0,0,2,8,24,6,80,0,0,,,,,,370,1.4465,,,,,0,,,0,,,0,0,0,0,,0,0,,0,0,,4282,15.6842,6,0:00:14,9990,2.25
FIV08jq2lFc,【ヴァンパイア - DECO*27】たいこで弾いてみた｜メロディ#shorts #ヴァンパイア #deco27  #たいこでヒットソング,"Nov 27, 2023",16,3805,85.73,38.84,,,,,,,0,0,3,5,25,13,65.79,0,1,,,,,,256,0.8741,,,,,0,,,0,,,0,0,0,0,,0,0,,0,0,,4025,14.5466,2,0:00:13,5709,1.82
296IykP2aCE,【キセキ - GReeeeN】たいこで弾いてみた｜メロディ#shorts #キセキ #greeeen  #たいこでヒットソング,"Dec 14, 2023",16,3702,85.97,42.2,,,,,,,0,0,2,4,21,1,95.45,1,0,,,,,,269,1.1173,,,,,0,,,0,,,0,0,0,0,,0,0,,0,0,,3973,14.2142,2,0:00:13,6229,1.88
IT9jcGy1t3A,【ファンサ - HoneyWorks】たいこで弾いてみた｜メロディ#shorts #ファンサ #honeyworks  #たいこでヒットソング,"Dec 13, 2023",16,3681,102.65,40.47,,,,,,,0,0,1,3,10,6,62.5,1,0,,,,,,230,1.1559,,,,,0,,,0,,,0,0,0,0,,0,0,,0,0,,3945,16.8824,2,0:00:16,5747,0.96
zjCEG29WeH4,【怪物 - YOASOBI】たいこで弾いてみた｜メロディ#shorts #怪物 #yoasobi  #たいこでヒットソング,"Nov 24, 2023",16,3662,92.02,34.24,,,,,,,0,0,4,15,34,5,87.18,1,1,,,,,,342,1.3863,,,,,0,,,0,,,0,0,0,0,,0,0,,0,0,,3888,15.0413,11,0:00:14,6349,1.59
ptYRm3NkvuI,【新時代 - ウタ(Ado)】たいこで弾いてみた｜メロディ#shorts #新時代 #ウタ #ado  #たいこでヒットソング,"Nov 29, 2023",16,3413,85.66,39.66,,,,,,,0,0,4,11,19,3,86.36,1,0,,,,,,230,0.7387,,,,,0,,,0,,,0,0,0,0,,0,0,,0,0,,3600,13.0327,7,0:00:13,5341,2.1
eh0FfkYERZs,【ダーリン - 須田景凪】ピアノで弾いてみた｜メロディ#shorts #ダーリン #須田景凪 #たいこでヒットソング,"Nov 21, 2023",16,3391,96.1,36.95,,,,,,,0,0,1,6,34,6,85,1,1,,,,,,345,1.0688,,,,,0,,,0,,,0,0,0,0,,0,0,,0,0,,3732,14.5812,5,0:00:15,7070,1.88
NprNBWwU5Lg,2401曲だけキラキラ広告_横,,16,3268,143.97,,,,,,,,0,0,0,0,66,6,91.67,0,1,,,,,,0,0,,,,,0,,,0,,,0,0,0,0,,0,0,,0,0,,3268,20.9104,0,0:00:23,183,2.19
uUGPrQ2yYBg,【群青 - YOASOBI】ピアノで弾いてみた｜メロディ#shorts #群青 #yoasobi  #たいこでヒットソング,"Nov 21, 2023",16,3253,81.06,37.1,,,,,,,0,0,1,9,20,6,76.92,1,1,,,,,,360,1.1777,,,,,0,,,0,,,0,0,0,0,,0,0,,0,0,,3584,11.81,8,0:00:12,6764,3.31
fmjVyhJFih4,【ビリミリオン - 優里】たいこで弾いてみた｜メロディ#shorts #ビリミリオン #優里 #たいこでヒットソング,"Dec 6, 2023",16,3247,89.64,41.67,,,,,,,0,0,0,9,27,4,87.1,0,1,,,,,,221,0.9169,,,,,0,,,0,,,0,0,0,0,,0,0,,0,0,,3483,13.0115,9,0:00:14,5085,2.2
41d5o0FoiNE,【青春チョコレート - すとぷり】たいこで叩いてみた｜たいこでヒットソング#shorts #青春チョコレート #すとぷり #バレンタイン #ハッピーバレンタイン #たいこでヒットソング,"Feb 14, 2024",18,3217,77.94,45.15,,,,,,,0,0,1,8,31,7,81.58,0,4,,,,,,97,0.3198,,,,,0,,,0,,,0,0,0,0,,0,0,,0,0,,3685,12.6817,7,0:00:14,9634,3.92
lGuAJwgnmAQ,【オトナブルー - 新しい学校のリーダーズ】たいこで弾いてみた｜メロディ#shorts #オトナブルー #新しい学校のリーダーズ #たいこでヒットソング,"Nov 24, 2023",16,3202,97.35,33.1,,,,,,,0,0,1,12,33,3,91.67,0,4,,,,,,193,0.7045,,,,,0,,,0,,,0,0,0,0,,0,0,,0,0,,3422,13.9114,11,0:00:15,5976,2.56
bCp88Q76Ihc,【ワタリドリ - [Alexandros]】ピアノで弾いてみた｜メロディ#shorts #ワタリドリ #alexandros  #たいこでヒットソング,"Nov 17, 2023",16,3193,77.24,41.91,,,,,,,0,0,0,5,22,5,81.48,0,1,,,,,,256,0.8679,,,,,0,,,0,,,0,0,0,0,,0,0,,0,0,,3560,11.0707,5,0:00:12,11734,1.79
SYUtcrK5Q7M,【唱 - Ado】たいこで叩いてみた｜メロディ#shorts #唱 #ado  #たいこでヒットソング,"Dec 31, 2023",18,3162,76.56,42.82,,,,,,,0,0,0,9,30,5,85.71,1,1,,,,,,282,1.0972,,,,,0,,,0,,,0,0,0,0,,0,0,,0,0,,3450,12.186,9,0:00:13,6029,2.41
dAnG1olt_a8,広告_シナリオ1~インフルエンサー_人ver横,,18,3157,92.92,,,,,,,,0,0,0,0,2,0,100,0,0,,,,,,0,0,,,,,0,,,0,,,0,0,0,0,,0,0,,0,0,,3200,14.751,0,0:00:16,0,
OdmI-9ziZoQ,【粛聖!!ロリ神レクイエム☆ - しぐれうい】たいこで叩いてみた｜メロディ#shorts #粛聖ロリ神レクイエム #しぐれうい #たいこでヒットソング,"Feb 1, 2024",18,3060,72.01,45.87,,,,,,,0,0,0,6,26,2,92.86,1,1,,,,,,176,0.5768,,,,,0,,,0,,,0,0,0,0,,0,0,,0,0,,3648,11.2109,6,0:00:12,9898,2.88
8w6kIMzlbh8,広告_シナリオ1~インフルエンサー_人メロディver縦,,18,3032,111.42,0,,,,,,,0,0,0,0,191,18,91.39,0,0,,,,,,0,0,,,,,0,,,0,,,0,0,0,0,,0,0,,0,0,,3900,17.2981,0,0:00:20,34,8.82
CUMdgZ0ZdKs,【スキスキ星人 - すとぷり】たいこで叩いてみた｜たいこでヒットソング#shorts #スキスキ星人 #すとぷり #たいこでヒットソング,"Feb 6, 2024",18,3006,76.53,39.75,,,,,,,0,0,1,9,49,3,94.23,0,2,,,,,,147,1.579,,,,,0,,,0,,,0,0,0,0,,0,0,,0,0,,3626,11.6892,8,0:00:13,11255,4.55
1U6UQ93b3V0,【紅蓮華 - LiSA】たいこで弾いてみた｜メロディ#shorts #紅蓮華 #lisa #鬼滅の刃 #たいこでヒットソング,"Nov 28, 2023",16,2964,79.1,37.57,,,,,,,0,0,0,5,27,3,90,1,1,,,,,,176,0.6323,,,,,0,,,0,,,0,0,0,0,,0,0,,0,0,,3207,10.4697,5,0:00:12,7445,1.73
9vMHYGSWKsM,【1・2・3 - After the Rain 】たいこで弾いてみた｜メロディ#shorts #123  #After the Rain #そらる #まふまふ #たいこでヒットソング,"Dec 11, 2023",16,2937,78.16,39.88,,,,,,,0,0,2,7,28,6,82.35,0,1,,,,,,299,0.9918,,,,,0,,,0,,,0,0,0,0,,0,0,,0,0,,3241,10.2875,5,0:00:12,11636,2.73
fBv4Glu0dTc,2408_横動画 説明あり_広告,,15,2921,97.06,100,,,,,,,0,0,0,0,0,0,,0,0,,,,,,0,0,,,,,0,,,0,,,0,0,0,0,,0,0,,0,0,,3061,12.0689,0,0:00:14,0,
mdnO1Ykn4ho,【マリーゴールド - あいみょん】たいこで弾いてみた｜メロディ#shorts #マリーゴールド #あいみょん #たいこでヒットソング,"Nov 25, 2023",16,2913,81.47,35.22,,,,,,,0,0,0,10,22,5,81.48,0,1,,,,,,284,0.93,,,,,0,,,0,,,0,0,0,0,,0,0,,0,0,,3148,10.5995,10,0:00:13,6570,1.6
n8SCbvJcEpk,【にんげんっていいな - 中島 義実】たいこで叩いてみた｜メロディ#shorts #にんげんっていいな #中島義実 #たいこでヒットソング,"Jan 4, 2024",18,2907,74.66,45.08,,,,,,,0,0,1,8,25,4,86.21,0,0,,,,,,181,0.6908,,,,,0,,,0,,,0,0,0,0,,0,0,,0,0,,3215,10.9355,7,0:00:13,8629,1.85
D1ycmYy2yH0,【第ゼロ感 - 10-FEET】たいこで叩いてみた｜メロディ#shorts #第ゼロ感 #10feet #スラムダンク #slamdunk #たいこでヒットソング,"Jan 10, 2024",18,2854,75.63,39.81,,,,,,,0,0,1,3,26,4,86.67,0,0,,,,,,194,0.8172,,,,,0,,,0,,,0,0,0,0,,0,0,,0,0,,3133,10.8695,2,0:00:13,7668,2.26
wQR8-ndAS18,【なにもの - King & Prince】ピアノで弾いてみた｜メロディ#shorts #なにもの #kingandprince  #たいこでヒットソング,"Nov 23, 2023",16,2847,94.62,36.99,,,,,,,0,0,2,4,17,2,89.47,0,1,,,,,,205,0.7191,,,,,0,,,0,,,0,0,0,0,,0,0,,0,0,,3128,12.062,2,0:00:15,6186,1.75
k2LxEdr_49Y,【僕らまた - SG】たいこで叩いてみた｜メロディ#shorts #僕らまた #sg  #たいこでヒットソング,"Dec 28, 2023",18,2794,75.21,39.08,,,,,,,0,0,1,6,22,2,91.67,0,0,,,,,,159,0.5563,,,,,0,,,0,,,0,0,0,0,,0,0,,0,0,,3151,10.6169,5,0:00:13,9579,4.55
C2BSYPqelQQ,【スターマイン - Da-iCE】たいこで叩いてみた｜メロディ#shorts #スターマイン #daice  #たいこでヒットソング,"Dec 21, 2023",18,2723,84.37,44.59,,,,,,,0,0,1,6,15,2,88.24,0,4,,,,,,248,0.9407,,,,,0,,,0,,,0,0,0,0,,0,0,,0,0,,2973,11.5548,5,0:00:15,5928,2.65
NdxqVSTYn7M,【マーシャル・マキシマイザー - 柊マグネタイト】たいこで弾いてみた｜メロディ#shorts #マーシャルマキシマイザー #柊マグネタイト #たいこでヒットソング,"Nov 28, 2023",16,2715,85,37.74,,,,,,,0,0,1,5,11,10,52.38,0,5,,,,,,247,1.262,,,,,0,,,0,,,0,0,0,0,,0,0,,0,0,,2893,10.3101,4,0:00:13,5635,2.34
wf_0028MnWo,【いばら - Ado】たいこで弾いてみた｜メロディ#shorts #いばら #ado  #たいこでヒットソング,"Dec 11, 2023",16,2706,75.78,37.56,,,,,,,0,0,0,4,19,4,82.61,0,0,,,,,,223,0.6645,,,,,0,,,0,,,0,0,0,0,,0,0,,0,0,,2923,9.2016,4,0:00:12,5406,2.31
KCfpJO7DOGE,【残酷な天使のテーゼ - 高橋洋子】たいこで叩いてみた｜メロディ#shorts #残酷な天使のテーゼ #高橋洋子 #たいこでヒットソング,"Jan 3, 2024",18,2622,79.36,36.52,,,,,,,0,0,3,13,25,5,83.33,1,3,,,,,,279,1.0122,,,,,0,,,0,,,0,0,0,0,,0,0,,0,0,,2923,10.4728,10,0:00:14,8340,2.16
qQwuzVqhad4,【死ぬな！ - こっちのけんと】たいこで叩いてみた｜メロディ#shorts #死ぬな #こっちのけんと #たいこでヒットソング,"Dec 22, 2023",18,2610,68.14,47.11,,,,,,,0,0,0,4,17,4,80.95,0,0,,,,,,145,0.4789,,,,,0,,,0,,,0,0,0,0,,0,0,,0,0,,2833,8.9625,4,0:00:12,4699,2.36
x-9N7xhs4v4,【アイドル - YOASOBI】ピアノで弾いてみた｜メロディ#shorts #アイドル #yoasobi  #たいこでヒットソング,"Nov 21, 2023",16,2603,86.13,35.03,,,,,,,0,0,0,5,25,8,75.76,0,0,,,,,,217,0.8109,,,,,0,,,0,,,0,0,0,0,,0,0,,0,0,,2811,10.0139,5,0:00:13,4439,3.24
Wg8pet3QAH8,【勇者 - YOASOBI】たいこで叩いてみた｜#shorts #勇者 #yoasobi #葬送のフリーレン #たいこでヒットソング,"Jan 4, 2024",18,2593,70.81,41.12,,,,,,,0,0,1,6,25,8,75.76,1,1,,,,,,194,0.6135,,,,,0,,,0,,,0,0,0,0,,0,0,,0,0,,2879,9.2605,5,0:00:12,6713,2.95
MpRSsP_YtR4,【踊 - Ado】たいこで弾いてみた｜メロディ#shorts #踊 #ado  #たいこでヒットソング,"Dec 11, 2023",16,2400,113.05,36,,,,,,,0,0,0,5,17,7,70.83,0,0,,,,,,191,0.6542,,,,,0,,,0,,,0,0,0,0,,0,0,,0,0,,2643,12.1262,5,0:00:18,3580,1.15
cgwqWpjq5vg,【SOUVENIR - BUMP OF CHICKEN】たいこで叩いてみた#shorts #souvenir  #bumpofchicken #spyxfamily #たいこでヒットソング,"Dec 7, 2023",16,2373,82.19,33.35,,,,,,,0,0,1,9,21,1,95.45,0,1,,,,,,166,0.5596,,,,,0,,,0,,,0,0,0,0,,0,0,,0,0,,2610,8.754,8,0:00:13,4958,1.37
QemepqvQ7UM,【サインはB - B小町】たいこで叩いてみた｜メロディ#shorts #サインはb  #B小町 #たいこでヒットソング,"Dec 22, 2023",18,2328,80.72,41.47,,,,,,,0,0,1,2,14,3,82.35,0,0,,,,,,118,0.4296,,,,,0,,,0,,,0,0,0,0,,0,0,,0,0,,2575,9.47,1,0:00:14,5451,2.51
 -gQbS9E2tlU,【天ノ弱 - 164】たいこで叩いてみた｜メロディ#shorts #天ノ弱 #164 #gumi  #たいこでヒットソング,"Jan 30, 2024",18,2304,70.75,37.26,,,,,,,0,0,0,5,18,3,85.71,0,0,,,,,,131,0.4327,,,,,0,,,0,,,0,0,0,0,,0,0,,0,0,,2571,8.2212,5,0:00:12,5454,2.24
2vdBU0jzgN8,【小さな恋のうた - MONGOL800】たいこで叩いてみた｜メロディ#shorts #小さな恋のうた #mongol800  #たいこでヒットソング,"Dec 26, 2023",18,2273,70.41,39.22,,,,,,,0,0,1,8,19,1,95,0,1,,,,,,124,0.4135,,,,,0,,,0,,,0,0,0,0,,0,0,,0,0,,2516,8.0656,7,0:00:12,5583,1.79
SUrWN53h8FA,【初心LOVE - なにわ男子】たいこで弾いてみた｜メロディ#shorts #初心LOVE #なにわ男子 #たいこでヒットソング,"Dec 7, 2023",16,2217,83.18,36.28,,,,,,,0,0,0,4,19,1,95,0,1,,,,,,112,0.3955,,,,,0,,,0,,,0,0,0,0,,0,0,,0,0,,2449,8.2705,4,0:00:13,7575,3.05
k0VtAKP1QKY,【炎 - LiSA】たいこで弾いてみた｜メロディ#shorts #炎 #lisa #鬼滅の刃 #たいこでヒットソング,"Dec 12, 2023",16,2211,96.51,35.17,,,,,,,0,0,1,5,16,4,80,1,0,,,,,,204,0.7341,,,,,0,,,0,,,0,0,0,0,,0,0,,0,0,,2416,9.5342,4,0:00:15,3734,0.96
iRPjEEZxIuU,【ツバメ - YOASOBI】たいこで弾いてみた｜メロディ#shorts #ツバメ #yoasobi  #たいこでヒットソング,"Dec 13, 2023",16,2179,94.73,37.47,,,,,,,0,0,1,4,19,2,90.48,0,1,,,,,,266,0.8311,,,,,0,,,0,,,0,0,0,0,,0,0,,0,0,,2538,9.2677,3,0:00:15,6546,2.77
iKg5VKFNDAg,広告_インフルエンサー_テキストver横,,22,2158,89.16,,,,,,,,0,0,0,0,0,0,,0,0,,,,,,0,0,,,,,0,,,0,,,0,0,0,0,,0,0,,0,0,,2604,12.1883,0,0:00:19,0,
guaBDnd4A68,【ヘビーローテーション - AKB48】たいこで叩いてみた｜メロディ#shorts #ヘビーローテーション #akb48  #たいこでヒットソング,"Dec 25, 2023",18,2149,78.27,37.83,,,,,,,0,0,0,1,12,5,70.59,0,1,,,,,,136,0.4382,,,,,0,,,0,,,0,0,0,0,,0,0,,0,0,,2439,8.4928,1,0:00:14,12133,1.3
F-LWfGrIe4E,【カリスマックス - SNOW MAN】たいこで叩いてみた｜たいこでヒットソング#shorts #カリスマックス #snowman  #たいこでヒットソング #音ゲー,"Dec 4, 2025",29,2099,62.05,60.18,,,,,,,0,0,1,2,9,0,100,0,0,,,,,,270,0.7993,,,,,0,,,0,,,0,0,0,0,,0,0,,0,0,,3942,10.9937,1,0:00:17,1120,3.84
yVF12zRf8CM,【粉雪 - レミオロメン】たいこで叩いてみた｜メロディ#shorts #粉雪 #レミオロメン #たいこでヒットソング,"Dec 25, 2023",18,2091,74.14,38.96,,,,,,,0,0,0,1,13,2,86.67,0,0,,,,,,159,0.6005,,,,,0,,,0,,,0,0,0,0,,0,0,,0,0,,2302,7.7969,1,0:00:13,5434,1.51
r6lnbd0gc7s,推しの曲_横広告_星,,24,2057,164.17,,,,,,,,0,0,0,0,2,0,100,0,0,,,,,,0,0,,,,,0,,,0,,,0,0,0,0,,0,0,,0,0,,2057,22.5134,0,0:00:39,0,
wVElwPjHbi8,【シル・ヴ・プレジデント - P丸様。】たいこで弾いてみた｜メロディ#shorts #シルヴプレジデント #P丸様 #たいこでヒットソング,"Dec 12, 2023",16,2050,81.38,37.49,,,,,,,0,0,0,5,29,4,87.88,0,0,,,,,,104,0.3961,,,,,0,,,0,,,0,0,0,0,,0,0,,0,0,,2255,7.4712,5,0:00:13,3595,1.2
 -k9-CrF1k3s,【怪獣の花唄 - Vaundy】たいこで弾いてみた｜メロディ#shorts #怪獣の花唄 #vaundy  #たいこでヒットソング,"Dec 14, 2023",16,1974,94.15,34.6,,,,,,,0,0,0,4,14,4,77.78,0,0,,,,,,183,0.6429,,,,,0,,,0,,,0,0,0,0,,0,0,,0,0,,2151,8.3064,4,0:00:15,3320,2.05
xUhe1eST3YM,【ケセラセラ - Mrs. GREEN APPLE】ピアノで弾いてみた｜メロディ#shorts #ケセラセラ #mrsgreenapple  #たいこでヒットソング,"Nov 17, 2023",16,1944,82.84,32.59,,,,,,,0,0,1,8,11,5,68.75,1,0,,,,,,184,0.6724,,,,,0,,,0,,,0,0,0,0,,0,0,,0,0,,2241,7.2304,7,0:00:13,5303,3
Z2stSg_ogHU,【夜に駆ける - YOASOBI】たいこで弾いてみた｜メロディ#shorts #夜に駆ける #yoasobi  #たいこでヒットソング,"Nov 29, 2023",16,1872,86.54,34.34,,,,,,,0,0,3,11,13,0,100,0,0,,,,,,137,0.4176,,,,,0,,,0,,,0,0,0,0,,0,0,,0,0,,2046,7.2373,8,0:00:13,6302,2.27
Y8J7vweftkw,【タペストリー - Snow Man】たいこで弾いてみた｜メロディ#shorts #タペストリー #snowman  #たいこでヒットソング,"Dec 5, 2023",16,1843,86.58,33.68,,,,,,,0,0,0,4,23,4,85.19,0,1,,,,,,151,0.507,,,,,0,,,0,,,0,0,0,0,,0,0,,0,0,,2142,7.1789,4,0:00:13,9433,2.99
xMIfvvuuGHk,【ハピネス - AI】たいこで叩いてみた｜メロディ#shorts #ハピネス #ai  #たいこでヒットソング,"Jan 25, 2024",18,1784,71.43,35.42,,,,,,,0,0,0,2,11,2,84.62,4,0,,,,,,143,0.5589,,,,,0,,,0,,,0,0,0,0,,0,0,,0,0,,2050,6.4495,2,0:00:12,4892,1.29
9HMZvLL1_6U,【チグハグ - THE SUPER FRUIT】たいこで弾いてみた｜メロディ#shorts #チグハグ #thesuperfruit  #たいこでヒットソング,"Dec 5, 2023",16,1783,74.55,36.88,,,,,,,0,0,1,4,14,4,77.78,0,1,,,,,,110,0.3924,,,,,0,,,0,,,0,0,0,0,,0,0,,0,0,,1989,5.9654,3,0:00:11,5493,1.8
aPQJEGQ9kQ4,【IRIS OUT - 米津玄師】たいこで叩いてみた｜たいこでヒットソング#shorts #irisout  #米津玄師 #たいこでヒットソング #音ゲー #チェンソーマン,"Nov 28, 2025",5,1762,130.34,44.81,,,,,,,0,0,0,0,14,3,82.35,0,1,,,,,,467,0.7779,,,,,0,,,0,,,0,0,0,0,,0,0,,0,0,,5295,7.4915,0,0:00:14,1224,4.82
d-sGkXh0h8s,広告_太鼓アニメーション_横,"Dec 14, 2023",14,1761,115.36,,,,,,,,0,0,0,0,23,0,100,0,0,,,,,,0,0,,,,,0,,,0,,,0,0,0,0,,0,0,,0,0,,1761,7.3357,0,0:00:14,0,
Mr9qh9CGbgI,【サチアレ - なにわ男子】たいこで叩いてみた｜メロディ#shorts #サチアレ #なにわ男子 #たいこでヒットソング,"Dec 30, 2023",18,1651,80.72,36.51,,,,,,,0,0,0,2,15,1,93.75,0,0,,,,,,85,0.2629,,,,,0,,,0,,,0,0,0,0,,0,0,,0,0,,2182,6.7988,2,0:00:14,9184,4.19
oKJ0oPzD3HE,【魔法少女とチョコレゐト - ピノキオピー】たいこで叩いてみた｜たいこでヒットソング#shorts #魔法少女とチョコレゐト  #ピノキオピー  #たいこでヒットソング,"Feb 10, 2024",18,1648,76.78,39.47,,,,,,,0,0,2,4,11,7,61.11,0,1,,,,,,111,0.3561,,,,,0,,,0,,,0,0,0,0,,0,0,,0,0,,1956,6.4159,2,0:00:13,4932,1.03
Q5v4vzQQq_c,【千本桜 激ムズ】たいこで叩いてみた｜メロディ#shorts #千本桜 #ボカロ #たいこでヒットソング,"Jan 4, 2024",99,1607,28.57,,,,,,,,0,0,1,2,16,1,94.12,3,5,,,,,,103,0.9887,,,,,0,,,0,,,0,0,0,0,,0,0,,0,0,,1607,12.6268,1,0:00:28,25573,4.86
zKnGBHOc_zw,【花になって - 緑黄色社会】たいこで叩いてみた｜メロディ#shorts #花になって  #緑黄色社会 #たいこでヒットソング,"Jan 29, 2024",18,1545,69.61,38.57,,,,,,,0,0,0,2,8,3,72.73,0,0,,,,,,199,0.6371,,,,,0,,,0,,,0,0,0,0,,0,0,,0,0,,1820,5.4431,2,0:00:12,4739,1.24
d64rgbs_HpY,【おどるポンポコリン - ちびまる子ちゃん】たいこで弾いてみた｜メロディ#shorts #おどるポンポコリン #ちびまる子ちゃん #たいこでヒットソング,"Nov 28, 2023",16,1529,107.32,34.29,,,,,,,0,0,0,4,10,1,90.91,0,0,,,,,,187,0.5847,,,,,0,,,0,,,0,0,0,0,,0,0,,0,0,,1788,7.3583,4,0:00:17,21655,1.7
uTRAfAkXuh8,【パプリカ - Foorin】たいこで叩いてみた｜メロディ#shorts #パプリカ #foorin  #たいこでヒットソング,"Jan 18, 2024",18,1520,88.67,40.72,,,,,,,0,0,0,2,16,3,84.21,1,0,,,,,,128,0.5999,,,,,0,,,0,,,0,0,0,0,,0,0,,0,0,,1885,6.8261,2,0:00:15,12769,2.56
XE38eO-nZjE,【KICK BACK - 米津玄師】ピアノで弾いてみた｜メロディ#shorts #kickback  #米津玄師 #たいこでヒットソング,"Nov 23, 2023",16,1482,94.54,31.58,,,,,,,0,0,1,7,15,5,75,1,0,,,,,,135,0.4674,,,,,0,,,0,,,0,0,0,0,,0,0,,0,0,,1633,6.2643,6,0:00:15,3290,1.64
IhWetkwUYsM,【らぶびーむ！！ - たかやん】たいこで弾いてみた｜メロディ#shorts #らぶびーむ  #たかやん #たいこでヒットソング,"Dec 14, 2023",16,1474,76.62,30.42,,,,,,,0,0,0,3,8,3,72.73,0,0,,,,,,237,0.7457,,,,,0,,,0,,,0,0,0,0,,0,0,,0,0,,1674,5.0955,3,0:00:12,3513,0.88
9K4HmrM1oxQ,広告_インフルエンサー_テキスト短いver縦,,17,1438,114.67,0,,,,,,,0,0,0,0,89,12,88.12,0,0,,,,,,0,0,,,,,0,,,0,,,0,0,0,0,,0,0,,0,0,,1438,7.7865,0,0:00:19,11,0
hbWUu5vcrnA,【祝福】たいこで叩いてみた｜たいこでヒットソング#shorts #祝福  #たいこでヒットソング #音ゲー,"May 8, 2024",18,1390,72.03,32.24,,,,,,,0,0,3,6,19,1,95,0,0,,,,,,115,0.2476,,,,,0,,,0,,,0,0,0,0,,0,0,,0,0,,2388,5.3565,3,0:00:12,18451,3.99
B1bvPt5SPq0,【ひろがるスカイ!プリキュア~HERO GIRLS~ - 石井あみ】たいこで叩いてみた｜メロディ#shorts #ひろがるスカイプリキュア  #石井あみ #たいこでヒットソング,"Jan 28, 2024",18,1340,76.04,32.45,,,,,,,0,0,0,4,9,2,81.82,0,0,,,,,,95,0.3232,,,,,0,,,0,,,0,0,0,0,,0,0,,0,0,,1741,5.2113,4,0:00:13,8294,2.86
Zyi8ygIBJdE,【ただ声一つ - ロクデナシ】たいこで弾いてみた｜メロディ#shorts #ただ声一つ  #ロクデナシ #たいこでヒットソング,"Dec 6, 2023",16,1338,119.19,30.21,,,,,,,0,0,0,3,16,1,94.12,0,0,,,,,,139,0.3953,,,,,0,,,0,,,0,0,0,0,,0,0,,0,0,,1635,7.1606,3,0:00:19,4693,4.05
GMiRAYeM8-E,【旅立ちの日に - たんぽぽ合唱団】たいこで叩いてみた｜たいこでヒットソング#shorts #旅立ちの日に #卒業ソング #卒業 #卒業式 #卒業おめでとう  #たいこでヒットソング,"Mar 16, 2024",19,1328,73.48,43.59,,,,,,,0,0,1,3,10,1,90.91,0,2,,,,,,49,0.1752,,,,,0,,,0,,,0,0,0,0,,0,0,,0,0,,1754,5.2614,2,0:00:13,9733,2.4
MI9lAVYEOuU,【さんぽ - 井上 あずみ】たいこで叩いてみた｜たいこでヒットソング#shorts #さんぽ #井上あずみ #となりのトトロ #たいこでヒットソング #音ゲー,"Apr 30, 2024",18,1324,90.17,34.68,,,,,,,0,0,0,5,8,0,100,0,0,,,,,,167,0.5353,,,,,0,,,0,1,64,0,0,0,0,,0,0,,0,0,,2071,6.1594,5,0:00:16,20676,1.95
qsyHDSV1P4Y,【燈 - 崎山 蒼志】たいこで叩いてみた｜たいこでヒットソング#shorts #燈 #崎山蒼志  #呪術廻戦 #たいこでヒットソング,"Feb 16, 2024",18,1290,68,33.98,,,,,,,0,0,2,7,13,2,86.67,0,0,,,,,,95,0.4009,,,,,0,,,0,,,0,0,0,0,,0,0,,0,0,,1590,4.4958,5,0:00:12,4268,0.68
QqvqquXmS_0,【W - Snow Man】たいこで叩いてみた｜たいこでヒットソング#shorts #W #snowman  #たいこでヒットソング,"Feb 19, 2024",18,1276,71.43,30.95,,,,,,,0,0,3,4,17,2,89.47,0,2,,,,,,82,0.2291,,,,,0,,,0,,,0,0,0,0,,0,0,,0,0,,1715,4.7039,1,0:00:12,14933,2.44
jJQ7qJJ5xeQ,【となりのトトロ - 井上あずみ】たいこで叩いてみた｜メロディ#shorts #となりのトトロ #井上あずみ #たいこでヒットソング,"Jan 2, 2024",18,1266,81.58,38.94,,,,,,,0,0,0,5,11,3,78.57,0,0,,,,,,105,0.384,,,,,0,,,0,,,0,0,0,0,,0,0,,0,0,,1736,5.2522,5,0:00:14,12963,3.1
xKatAcdcSdQ,【大好きになればいいんじゃない？ - すとぷり】たいこで叩いてみた｜メロディ#shorts #大好きになればいいんじゃない #すとぷり #たいこでヒットソング,"Jan 9, 2024",18,1234,96.95,43.56,,,,,,,0,0,0,6,22,2,91.67,0,0,,,,,,57,0.1838,,,,,0,,,0,,,0,0,0,0,,0,0,,0,0,,1592,6.0965,6,0:00:17,12594,4.3
imgqAPuKOCQ,【Mela! - 緑黄色社会】たいこで叩いてみた｜メロディ#shorts #mela  #緑黄色社会 #たいこでヒットソング,"Dec 21, 2023",18,1197,79.02,33.32,,,,,,,0,0,1,2,12,0,100,1,0,,,,,,101,0.3971,,,,,0,,,0,,,0,0,0,0,,0,0,,0,0,,1428,4.8,1,0:00:14,5716,1.28
Y4koqXUbou0,【勇気100% - 光GENJI】たいこで叩いてみた｜メロディ#shorts #勇気100% #光GENJI #たいこでヒットソング,"Jan 2, 2024",18,1191,85.72,34.37,,,,,,,0,0,2,4,16,2,88.89,0,0,,,,,,103,0.2827,,,,,0,,,0,,,0,0,0,0,,0,0,,0,0,,1831,5.2569,2,0:00:15,20325,2.22
cV9Vx7-exaE,【おひとりさま天国 - 乃木坂46】たいこで叩いてみた｜たいこでヒットソング#shorts #おひとりさま天国 #乃木坂46 #たいこでヒットソング,"Feb 15, 2024",18,1190,74.5,30.43,,,,,,,0,0,1,2,9,0,100,0,0,,,,,,124,0.3634,,,,,0,,,0,,,0,0,0,0,,0,0,,0,0,,1563,4.5552,1,0:00:13,8100,1.95
g3DlyzVpQiU,【DANZEN!ふたりはプリキュア - 五條真由美】たいこで叩いてみた｜メロディ#shorts #DANZENふたりはプリキュア #ふたりはプリキュア #五條真由美 #たいこでヒットソング,"Jan 10, 2024",18,1182,70.36,34.96,,,,,,,0,0,0,2,9,1,90,0,0,,,,,,49,0.1356,,,,,0,,,0,,,0,0,0,0,,0,0,,0,0,,1485,4.2537,2,0:00:12,11139,1.59
PsdqfMx9aTY,【アスノヨゾラ哨戒班 - Orangestar】たいこで叩いてみた｜たいこでヒットソング#shorts #アスノヨゾラ哨戒班 #orangestar  #たいこでヒットソング,"Feb 5, 2024",18,1171,64.93,36.71,,,,,,,0,0,0,1,11,1,91.67,0,1,,,,,,49,0.1429,,,,,0,,,0,,,0,0,0,0,,0,0,,0,0,,1582,3.9206,1,0:00:11,7378,2.56
bhQNPK_0N_E,【テレキャスタービーボーイ - すりぃ】たいこで弾いてみた｜メロディ#shorts #テレキャスタービーボーイ #すりぃ #たいこでヒットソング,"Nov 27, 2023",16,1161,128.32,31.55,,,,,,,0,0,2,6,6,3,66.67,1,0,,,,,,88,0.2703,,,,,0,,,0,,,0,0,0,0,,0,0,,0,0,,1313,6.6578,4,0:00:20,5063,1.98
29BulRx3Wng,【わたしの一番かわいいところ - FRUITS ZIPPER】たいこで叩いてみた｜メロディ#shorts #わたしの一番かわいいところ #FRUITSZIPPER #たいこでヒットソング,"Dec 27, 2023",18,1157,91.41,38.03,,,,,,,0,0,0,1,9,1,90,1,0,,,,,,80,0.2574,,,,,0,,,0,,,0,0,0,0,,0,0,,0,0,,1475,5.3733,1,0:00:16,6701,3.18
5du3Brn1iVI,【打上花火 - DAOKO × 米津玄師】ピアノで弾いてみた｜メロディ#shorts #打上花火 #DAOKO #米津玄師  #たいこでヒットソング,"Nov 23, 2023",16,1155,87.87,31.87,,,,,,,0,0,1,7,7,4,63.64,0,0,,,,,,77,0.2516,,,,,0,,,0,,,0,0,0,0,,0,0,,0,0,,1341,4.5582,6,0:00:14,3666,1.91
wCau99nqv4o,【タイムパラドックス - Vaundy】たいこで叩いてみた｜たいこでヒットソング#shorts #タイムパラドックス #vaundy  #たいこでヒットソング #音ゲー,"Apr 30, 2024",18,1146,70.53,33.26,,,,,,,0,0,1,4,10,1,90.91,0,0,,,,,,81,0.2003,,,,,0,,,0,,,0,0,0,0,,0,0,,0,0,,1846,4.2654,3,0:00:12,12675,2.42
bzKyNC-MRF8,【ロマンスの神様 - 広瀬香美】たいこで叩いてみた｜たいこでヒットソング#shorts #ロマンスの神様  #広瀬香美 #たいこでヒットソング,"Feb 18, 2024",18,1137,71.82,32.6,,,,,,,0,0,0,4,11,2,84.62,0,0,,,,,,79,0.2633,,,,,0,,,0,,,0,0,0,0,,0,0,,0,0,,1430,4.1713,4,0:00:12,4386,1.3
XLhJE6RVEDE,広告_インフルエンサー_テキスト短いver横,,17,1108,89.31,,,,,,,,0,0,0,0,0,0,,0,0,,,,,,0,0,,,,,0,,,0,,,0,0,0,0,,0,0,,0,0,,1150,4.7506,0,0:00:15,0,
gNv4DM2pheg,【負けないで - ZARD】たいこで叩いてみた｜メロディ#shorts #負けないで 負けないで #ZARD #たいこでヒットソング,"Dec 20, 2023",18,1075,74.91,34.91,,,,,,,0,0,2,3,13,1,92.86,0,1,,,,,,51,0.1776,,,,,0,,,0,,,0,0,0,0,,0,0,,0,0,,1305,4.0785,1,0:00:13,6068,1.32
UQTyclP_r2U,【ねぐせ - 織姫とBABY feat. 汐れいら】たいこで叩いてみた｜たいこでヒットソング#shorts #ねぐせ #織姫とBABYfeat汐れいら #たいこでヒットソング #音ゲー,"Dec 5, 2025",11,1071,102.35,39.87,,,,,,,0,0,0,0,4,2,66.67,1,0,,,,,,236,0.3144,,,,,0,,,0,,,0,0,0,0,,0,0,,0,0,,3253,3.9981,0,0:00:11,797,4.14
5nQbsW8rx_8,【Happiness - 嵐】たいこで叩いてみた｜たいこでヒットソング#shorts #happiness  #嵐 #たいこでヒットソング,"Feb 6, 2024",18,1042,87.84,29.96,,,,,,,0,0,0,1,13,2,86.67,0,0,,,,,,95,0.3235,,,,,0,,,0,,,0,0,0,0,,0,0,,0,0,,1472,4.6853,1,0:00:15,12549,1.9
57S2srXr2og,【青春コンプレックス - 結束バンド】たいこで叩いてみた｜メロディ#shorts #青春コンプレックス #結束バンド #たいこでヒットソング,"Dec 26, 2023",18,1039,65.46,39.33,,,,,,,0,0,0,2,10,1,90.91,0,0,,,,,,83,0.2588,,,,,0,,,0,,,0,0,0,0,,0,0,,0,0,,1258,3.4709,2,0:00:11,6199,2.9
yo7BUy2tY4I,【ウィークエンダー - Hey!Say!JUMP】たいこで叩いてみた｜メロディ#shorts #ウィークエンダー #heysayjump  #たいこでヒットソング,"Jan 26, 2024",18,1024,88.06,30.85,,,,,,,0,0,1,2,10,3,76.92,0,0,,,,,,128,0.4599,,,,,0,,,0,,,0,0,0,0,,0,0,,0,0,,1495,4.6244,1,0:00:15,21064,1.33
mie77D2qBsU,【Bling-Bang-Bang-Born -Creepy Nuts】たいこで叩いてみた｜メロディ#shorts #BlingBangBangBorn #creepynuts  #たいこでヒットソング,"Jan 27, 2024",18,1021,82.82,40.02,,,,,,,0,0,0,3,14,0,100,4,0,,,,,,62,0.2274,,,,,0,,,0,,,0,0,0,0,,0,0,,0,0,,1334,4.3111,3,0:00:14,8350,4.1
_mumnU4fTBM,【ラムのラブソング - 松谷祐子】たいこで叩いてみた｜たいこでヒットソング#shorts #ラムのラブソング #松谷祐子 #たいこでヒットソング,"Feb 12, 2024",18,1020,63.38,33.18,,,,,,,0,0,1,2,7,1,87.5,0,1,,,,,,82,0.2481,,,,,0,,,0,,,0,0,0,0,,0,0,,0,0,,1284,3.3458,1,0:00:11,5729,1.43
MC5nMvjfZro,【ドキメキダイアリー - asmi feat.Chinozo】たいこで叩いてみた｜メロディ#shorts #ドキメキダイアリー #asmi #chinozo  #たいこでヒットソング,"Jan 26, 2024",18,1001,74.35,34.6,,,,,,,0,0,0,1,13,0,100,2,1,,,,,,47,0.155,,,,,0,,,0,,,0,0,0,0,,0,0,,0,0,,1318,3.8178,1,0:00:13,7706,3.01
3zUPsJlfz3I,【DEAR MY LOVER - Hey!Say!JUMP】たいこで叩いてみた｜たいこでヒットソング#shorts #DEARMYLOVER #heysayjump  #たいこでヒットソング,"Mar 20, 2024",19,1000,66.95,21.59,,,,,,,0,0,1,6,19,1,95,0,0,,,,,,103,0.3271,,,,,0,,,0,,,0,0,0,0,,0,0,,0,0,,1481,3.6885,5,0:00:12,6419,1.28
6uW1q80fI7M,【シュガーソングとビターステップ - UNISON SQUARE GARDEN】たいこで叩いてみた｜メロディ#shorts #シュガーソングとビターステップ #たいこでヒットソング,"Feb 1, 2024",18,972,68.59,32.42,,,,,,,0,0,1,3,9,6,60,0,0,,,,,,65,0.1955,,,,,0,,,0,,,0,0,0,0,,0,0,,0,0,,1306,3.423,2,0:00:12,8028,2.72
IvetwpmRGt4,【青のすみか - キタニタツヤ】たいこで叩いてみた｜メロディ#shorts #青のすみか #キタニタツヤ #たいこでヒットソング,"Jan 1, 2024",18,966,79.44,37.84,,,,,,,0,0,0,2,7,2,77.78,0,0,,,,,,83,0.2329,,,,,0,,,0,,,0,0,0,0,,0,0,,0,0,,1227,3.9013,2,0:00:14,4411,1.9
svQepnbsw4k,【I Wish - なにわ男子】たいこで叩いてみた｜たいこでヒットソング#shorts #iwish  #なにわ男子 #たいこでヒットソング,"Feb 11, 2024",18,935,77.13,31.43,,,,,,,0,0,1,6,20,1,95.24,2,0,,,,,,58,0.1715,,,,,0,,,0,,,0,0,0,0,,0,0,,0,0,,1268,3.7039,5,0:00:13,9826,2.61
7nLSlfANnjw,【高嶺の花子さん - back number】たいこで叩いてみた｜たいこでヒットソング#こっから #shorts #高嶺の花子さん #backnumber  #たいこでヒットソング,"Feb 5, 2024",18,927,66.75,31.3,,,,,,,0,0,0,2,10,1,90.91,0,0,,,,,,65,0.1803,,,,,0,,,0,,,0,0,0,0,,0,0,,0,0,,1272,3.183,2,0:00:12,9858,2.18
aI0x3gU5D0M,【CHEERS!デリシャスパーティ プリキュア - Machico】たいこで叩いてみた｜たいこでヒットソング,"Apr 30, 2024",18,882,61.37,25.96,,,,,,,0,0,0,1,10,0,100,1,0,,,,,,105,0.2286,,,,,0,,,0,,,0,0,0,0,,0,0,,0,0,,1521,2.9131,1,0:00:11,12199,1.37
lIiLEwD-SnA,推しの曲_BGM爽やか_広告,"Jan 5, 2024",24,873,138.91,,,,,,,,0,0,0,0,10,1,90.91,0,0,,,,,,0,0,,,,,0,,,0,,,0,0,0,0,,0,0,,0,0,,873,8.0844,0,0:00:33,2,0
q6YBRXAmmeY,【CITRUS - Da-iCE】たいこで叩いてみた｜メロディ#shorts #citrus  #daice  #たいこでヒットソング,"Jan 9, 2024",18,856,70.45,31.03,,,,,,,0,0,0,0,7,0,100,0,0,,,,,,68,0.1879,,,,,0,,,0,,,0,0,0,0,,0,0,,0,0,,1112,3.101,0,0:00:12,4879,2.05
YnhHuhB_4YI,【幾億光年 - Omoinotake】たいこで叩いてみた｜たいこでヒットソング#shorts #幾億光年 #omoinotake #eyeloveyou  #たいこでヒットソング,"Apr 6, 2024",19,852,69.04,28.46,,,,,,,0,0,0,3,8,2,80,1,1,,,,,,57,0.1943,,,,,0,,,0,,,0,0,0,0,,0,0,,0,0,,1410,3.2707,3,0:00:13,6167,2.19
swD1U9JKsHk,【愛包ダンスホール - HIMEHINA】たいこで叩いてみた｜たいこでヒットソング#shorts #愛包ダンスホール #himehina  #たいこでヒットソング,"Mar 27, 2024",19,852,67.51,36.33,,,,,,,0,0,0,1,8,1,88.89,1,0,,,,,,83,0.2249,,,,,0,,,0,,,0,0,0,0,,0,0,,0,0,,1298,3.1799,1,0:00:12,7043,2.17
39IXpnl4D0Y,【レオ - 優里】たいこで叩いてみた｜たいこでヒットソング#shorts #レオ #優里 #たいこでヒットソング #音ゲー,"Apr 30, 2024",18,847,70.94,26.33,,,,,,,0,0,0,2,5,0,100,0,0,,,,,,82,0.2126,,,,,0,,,0,,,0,0,0,0,,0,0,,0,0,,1395,3.1633,2,0:00:12,7212,2.97
oOAqbHM3lxs,"【ヨワネハキ - feat. 和ぬか, asmi】たいこで叩いてみた｜たいこでヒットソング#shorts #ヨワネハキ #和ぬか #asmi #たいこでヒットソング","Apr 4, 2024",19,844,72.6,28.44,,,,,,,0,0,0,0,2,1,66.67,0,1,,,,,,47,0.1203,,,,,0,,,0,,,0,0,0,0,,0,0,,0,0,,1313,3.3847,0,0:00:13,5448,0.9
t-qkZ-O9Fis,【ラビットホール - DECO*27】たいこで叩いてみた｜たいこでヒットソング#shorts #ラビットホール #deco27  #たいこでヒットソング #音ゲー,"Apr 30, 2024",18,837,67.5,31.26,,,,,,,0,0,1,1,6,2,75,1,0,,,,,,101,0.3092,,,,,0,,,0,,,0,0,0,0,,0,0,,0,0,,1389,2.9906,0,0:00:12,7640,1.74
opp0m11fOhM,【ブタサンダー - ゆこぴ】たいこで叩いてみた｜たいこでヒットソング#shorts #ブタサンダー #ゆこぴ  #たいこでヒットソング,"Apr 1, 2024",19,834,124.04,30.74,,,,,,,0,0,0,1,7,1,87.5,0,1,,,,,,83,0.2938,,,,,0,,,0,,,0,0,0,0,,0,0,,0,0,,1396,5.6421,1,0:00:23,5872,1.43
RBk5sypmA2Q,【インフェルノ - Mrs. GREEN APPLE】たいこで弾いてみた｜メロディ#shorts #インフェルノ #mrsgreenapple  #たいこでヒットソング,"Dec 13, 2023",16,828,85.02,32.83,,,,,,,0,0,0,2,2,2,50,0,0,,,,,,52,0.145,,,,,0,,,0,,,0,0,0,0,,0,0,,0,0,,1010,3.1772,2,0:00:13,5720,2.59
e6F2J3Fxnjw,【すっきちゅーの! - HoneyWorks feat.かぴ】たいこで叩いてみた｜たいこでヒットソング#shorts #すきっちゅーの  #honeyworks #かぴ  #たいこでヒットソング,"Mar 26, 2024",19,819,85.96,31.54,,,,,,,0,0,0,2,12,1,92.31,1,0,,,,,,44,0.1377,,,,,0,,,0,,,0,0,0,0,,0,0,,0,0,,1260,3.8281,2,0:00:16,6409,2.25
y733eVbwCPY,【T氏の話を信じるな - ピノキオピー】たいこで叩いてみた｜たいこでヒットソング#shorts #T氏の話を信じるな #ピノキオピー #たいこでヒットソング #音ゲー,"Dec 12, 2025",14,818,90.02,38.73,,,,,,,0,0,0,0,9,1,90,0,0,,,,,,173,0.2487,,,,,0,,,0,,,0,0,0,0,,0,0,,0,0,,2391,3.3202,0,0:00:12,279,2.87
YkvKTsyMslY,【Subtitle - Official髭男dism】たいこで弾いてみた｜メロディ#shorts #subtitle  #Official髭男dism #たいこでヒットソング,"Nov 29, 2023",16,815,76.85,23.7,,,,,,,0,0,0,2,7,2,77.78,0,0,,,,,,126,0.4608,,,,,0,,,0,,,0,0,0,0,,0,0,,0,0,,977,2.8345,2,0:00:12,3728,0.86
SNFhfnvhLlQ,【W／X／Y - Tani Yuuki】たいこで叩いてみた｜たいこでヒットソング#shorts #WXY #taniyuuki  #たいこでヒットソング,"Mar 28, 2024",19,793,86.72,28.05,,,,,,,0,0,0,0,8,0,100,0,0,,,,,,54,0.4454,,,,,0,,,0,,,0,0,0,0,,0,0,,0,0,,1300,3.782,0,0:00:16,5621,1.41
4STT85R5oes,【オドループ - フレデリック】たいこで叩いてみた｜たいこでヒットソング#shorts #オドループ #フレデリック #たいこでヒットソング,"Apr 7, 2024",19,776,101.51,27.06,,,,,,,0,0,0,0,5,5,50,0,0,,,,,,88,1.8467,,,,,0,,,0,,,0,0,0,0,,0,0,,0,0,,1312,4.3314,0,0:00:19,6954,2.11
0o0t59cW0h0,【チェリーポップ - DECO*27】たいこで叩いてみた｜たいこでヒットソング#shorts #チェリーポップ #DECO*27 #たいこでヒットソング #音ゲー＃初音ミク,"Nov 29, 2025",6,768,118.97,37.77,,,,,,,0,0,0,0,3,4,42.86,0,1,,,,,,250,0.3879,,,,,0,,,0,,,0,0,0,0,,0,0,,0,0,,2461,2.9392,0,0:00:11,968,3
v3DjR1TdngM,【888月 ~夏にも程がある~ - リサイタルズ】たいこで叩いてみた｜メロディ#shorts #888月 #リサイタルズ #たいこでヒットソング,"Dec 20, 2023",18,766,64.42,25.05,,,,,,,0,0,0,1,10,0,100,1,0,,,,,,92,0.2646,,,,,0,,,0,,,0,0,0,0,,0,0,,0,0,,1002,2.5475,1,0:00:11,4391,1.09
_UyU-d3Ra50,【シャルル - バルーン】たいこで叩いてみた｜メロディ#shorts #シャルル #バルーン #たいこでヒットソング,"Jan 28, 2024",18,764,68.84,32.54,,,,,,,0,0,1,3,9,2,81.82,0,0,,,,,,72,0.2234,,,,,0,,,0,,,0,0,0,0,,0,0,,0,0,,1050,2.7091,2,0:00:12,4708,1.59
4VxBIzGVrHU,【ショコラカタブラ - Ado】たいこで叩いてみた｜たいこでヒットソング#shorts #ショコラカタブラ #ado  #たいこでヒットソング,"Feb 19, 2024",18,754,68.37,24.71,,,,,,,0,0,1,2,5,0,100,0,0,,,,,,55,0.1263,,,,,0,,,0,,,0,0,0,0,,0,0,,0,0,,1154,2.723,1,0:00:12,5611,0.86
4xSPno7THjw,【クリスマスソング - back number】たいこで叩いてみた｜メロディ#shorts #クリスマスソング #backnumber #たいこでヒットソング,"Dec 25, 2023",18,753,74.53,30.28,,,,,,,0,0,0,1,7,0,100,0,0,,,,,,66,0.2721,,,,,0,,,0,,,0,0,0,0,,0,0,,0,0,,947,2.8591,1,0:00:13,4884,1.35
FJbkAnQCBLo,【愛を伝えたいだとか - あいみょん】ピアノで弾いてみた｜メロディ#shorts #愛を伝えたいだとか #あいみょん #たいこでヒットソング,"Nov 18, 2023",16,748,70.09,29.96,,,,,,,0,0,0,0,4,1,80,0,0,,,,,,82,0.2485,,,,,0,,,0,,,0,0,0,0,,0,0,,0,0,,992,2.4171,0,0:00:11,4129,0.78
sKGYJFDiQn8,【J0KER×JOK3R】たいこで叩いてみた｜たいこでヒットソング#shorts #J0KERJOK3R  #たいこでヒットソング #音ゲー,"May 8, 2024",18,735,49.19,21.84,,,,,,,0,0,0,2,16,1,94.12,0,0,,,,,,68,0.1335,,,,,0,,,0,,,0,0,0,0,,0,0,,0,0,,1455,2.0588,2,0:00:08,15995,1.62
rF_tuXPYJng,2408_推しの曲_広告,,24,728,132.97,100,,,,,,,0,0,0,0,17,0,100,0,0,,,,,,0,0,,,,,0,,,0,,,0,0,0,0,,0,0,,0,0,,1029,6.5792,0,0:00:31,23,8.7
JTcsXTj3xFQ,【ソングオブザデッド - KANA-BOON】たいこで叩いてみた｜たいこでヒットソング#shorts #ソングオブザデッド #kanaboon  #たいこでヒットソング,"Feb 8, 2024",18,724,69.04,25.4,,,,,,,0,0,0,1,8,0,100,0,0,,,,,,75,0.2513,,,,,0,,,0,,,0,0,0,0,,0,0,,0,0,,1008,2.59,1,0:00:12,5486,1.17
Fkv57ZUmygk,【栞 - クリープハイプ】たいこで叩いてみた｜たいこでヒットソング#shorts #栞 #クリープハイプ #たいこでヒットソング,"Mar 18, 2024",19,720,61.42,22.3,,,,,,,0,0,0,1,5,1,83.33,0,0,,,,,,87,0.2926,,,,,0,,,0,,,0,0,0,0,,0,0,,0,0,,1156,2.4805,1,0:00:11,5907,0.74
m7Mmx5ooyyo,【YELL - いきものがかり】たいこで叩いてみた｜たいこでヒットソング#shorts #YELL #いきものがかり #たいこでヒットソング #卒業ソング #卒業 #卒業おめでとう,"Mar 17, 2024",19,720,66.65,24.67,,,,,,,0,0,1,4,10,0,100,0,0,,,,,,48,0.1544,,,,,0,,,0,,,0,0,0,0,,0,0,,0,0,,1125,2.662,3,0:00:12,6331,1.47
0fMRHmBPBFs,【おかえりらぶっ！ - すとぷり】たいこで叩いてみた｜たいこでヒットソング#shorts #おかえりらぶっ #すとぷり #たいこでヒットソング,"Mar 11, 2024",19,718,70.41,26.68,,,,,,,0,0,0,2,13,0,100,0,0,,,,,,37,0.0964,,,,,0,,,0,,,0,0,0,0,,0,0,,0,0,,1105,2.7822,2,0:00:13,5322,2.41
ObzAaVZudjA,【BIRI-BIRI - YOASOBI】たいこで叩いてみた｜たいこでヒットソング#こっから #shorts #biribiri  #yoasobi  #たいこでヒットソング,"Jan 25, 2024",18,717,67.38,29.4,,,,,,,0,0,0,0,9,1,90,0,0,,,,,,30,0.2439,,,,,0,,,0,,,0,0,0,0,,0,0,,0,0,,981,2.5139,0,0:00:12,4041,1.44
w7K3pQT19uA,【愛をこめて花束を - Superfly】たいこで叩いてみた｜たいこでヒットソング#shorts #愛をこめて花束を #superfly  #たいこでヒットソング #音ゲー,"Apr 30, 2024",18,715,84.06,23.4,,,,,,,0,0,0,0,9,1,90,0,0,,,,,,53,0.1831,,,,,0,,,0,,,0,0,0,0,,0,0,,0,0,,1273,3.1542,0,0:00:15,8707,1.29
aHFVNYRhTcc,【Bye-Good-Bye - BE:FIRST】たいこで叩いてみた｜たいこでヒットソング#shorts #byegoodbye  #befirst  #たいこでヒットソング,"Apr 2, 2024",19,706,61.37,26.16,,,,,,,0,0,0,1,10,0,100,0,0,,,,,,65,0.1656,,,,,0,,,0,,,0,0,0,0,,0,0,,0,0,,1301,2.4645,1,0:00:11,5695,1.63
n78j_RmGS3U,【一途 - King Gnu】たいこで叩いてみた｜メロディ#shorts #一途 #KingGnu #たいこでヒットソング,"Dec 19, 2023",18,701,64.29,31.56,,,,,,,0,0,0,0,3,1,75,0,0,,,,,,59,0.18,,,,,0,,,0,,,0,0,0,0,,0,0,,0,0,,881,2.3269,0,0:00:11,4368,1.53
QUXL2uDOFsk,【ミックスナッツ - Official髭男dism】たいこで叩いてみた｜メロディ#shorts #ミックスナッツ #Official髭男dism #たいこでヒットソング,"Dec 19, 2023",18,699,83.33,30.5,,,,,,,0,0,2,2,5,2,71.43,0,0,,,,,,46,0.1763,,,,,0,,,0,,,0,0,0,0,,0,0,,0,0,,860,2.9494,0,0:00:14,4468,1.32
lPuTIpnaBmk,【silent - SEKAI NO OWARI】たいこで叩いてみた｜メロディ#shorts #silent  #sekainoowari  #たいこでヒットソング,"Dec 25, 2023",18,698,68.56,29.22,,,,,,,0,0,0,1,5,2,71.43,0,0,,,,,,35,0.1194,,,,,0,,,0,,,0,0,0,0,,0,0,,0,0,,896,2.4675,1,0:00:12,3332,0.57
8o9wZFg_g0U,【アイワナムチュー - MAISONdes】たいこで叩いてみた｜メロディ#shorts #アイワナムチュー #maisondes  #たいこでヒットソング,"Dec 25, 2023",18,696,74.18,26.53,,,,,,,0,0,0,1,5,0,100,0,0,,,,,,65,0.1996,,,,,0,,,0,,,0,0,0,0,,0,0,,0,0,,893,2.6511,1,0:00:13,3448,1.04
gO6gRxzF-rI,【STAR☆T☆RAIN - B小町】たいこで叩いてみた｜メロディ#shorts #startrain  #B小町 #たいこでヒットソング,"Jan 25, 2024",18,692,61.32,28.5,,,,,,,0,0,0,1,10,1,90.91,0,0,,,,,,28,0.0718,,,,,0,,,0,,,0,0,0,0,,0,0,,0,0,,953,2.2211,1,0:00:11,3846,0.94
COArXYwt0m0,【丸の内サディスティック - 椎名林檎】たいこで叩いてみた｜たいこでヒットソング#shorts #丸の内サディスティック #椎名林檎 #たいこでヒットソング #音ゲー,"Apr 30, 2024",18,680,69.3,20.73,,,,,,,0,0,0,0,7,1,87.5,1,1,,,,,,97,0.2962,,,,,0,,,0,,,0,0,0,0,,0,0,,0,0,,1257,2.531,0,0:00:12,11544,0.66
1yZFd8nlIb0,【美しい鰭 - スピッツ】たいこで弾いてみた｜メロディ#shorts #美しい鰭 #スピッツ #たいこでヒットソング,"Dec 5, 2023",16,673,85.2,30.17,,,,,,,0,0,1,3,6,2,75,0,0,,,,,,75,0.2408,,,,,0,,,0,,,0,0,0,0,,0,0,,0,0,,842,2.594,2,0:00:13,4273,0.98
Z_7mnw8zDjc,【メフィスト - 女王蜂】たいこで弾いてみた｜メロディ#shorts #メフィスト #女王蜂 #たいこでヒットソング,"Dec 16, 2023",18,670,70.74,34.64,,,,,,,0,0,0,0,4,0,100,1,0,,,,,,33,0.1401,,,,,0,,,0,,,0,0,0,0,,0,0,,0,0,,830,2.4239,0,0:00:12,3294,0.97
ddZE5K_j76I,【Good Luck! - SixTONES】たいこで叩いてみた｜たいこでヒットソング#shorts #goodluck  #sixtones  #たいこでヒットソング,"Mar 15, 2024",19,668,71.65,22.34,,,,,,,0,0,0,2,8,2,80,0,0,,,,,,52,0.1176,,,,,0,,,0,,,0,0,0,0,,0,0,,0,0,,1104,2.6931,2,0:00:13,7140,1.34
QQ5ZQrqswk0,【さよならエレジー - 菅田将暉】たいこで叩いてみた｜メロディ#shorts #さよならエレジー #菅田将暉 #たいこでヒットソング,"Dec 26, 2023",18,647,75.97,32.14,,,,,,,0,0,0,3,7,0,100,0,0,,,,,,39,0.126,,,,,0,,,0,,,0,0,0,0,,0,0,,0,0,,850,2.5177,3,0:00:13,4482,1.14
OaZa2ITBiY8,2401曲だけ和風ボカロ広告_縦,,15,646,174.37,100,,,,,,,0,0,0,0,26,3,89.66,0,0,,,,,,5,0.0195,,,,,0,,,0,,,0,0,0,0,,0,0,,0,0,,646,4.6935,0,0:00:26,14,0
Aqn7ECQe7nQ,【魂のルフラン - 高橋洋子】たいこで叩いてみた｜たいこでヒットソング#shorts #魂のルフラン #高橋洋子 #たいこでヒットソング,"Mar 10, 2024",19,645,66.79,22.83,,,,,,,0,0,0,2,13,1,92.86,0,1,,,,,,53,0.1977,,,,,0,,,0,,,0,0,0,0,,0,0,,0,0,,1008,2.3729,2,0:00:12,5327,1.39
ICqN_jSWT3o,【ガチやべぇじゃん - P丸様。 feat.ななもり。】たいこで叩いてみた｜たいこでヒットソング#shorts #ガチやべぇじゃん #P丸様 #ななもりくん #たいこでヒットソング,"Mar 12, 2024",19,638,60.07,28.28,,,,,,,0,0,1,3,11,0,100,0,0,,,,,,28,0.0566,,,,,0,,,0,,,0,0,0,0,,0,0,,0,0,,990,2.1249,2,0:00:11,4652,1.16
0nqCMixJ-XE,【ドラマツルギー - EVE】たいこで叩いてみた｜たいこでヒットソング#shorts #ドラマツルギー #EVE #たいこでヒットソング,"Apr 3, 2024",19,637,68.05,24.94,,,,,,,0,0,0,2,7,1,87.5,0,0,,,,,,48,0.1046,,,,,0,,,0,,,0,0,0,0,,0,0,,0,0,,1084,2.4248,2,0:00:12,6798,0.87
vLT43PK1hd4,【ミライチズ - 夜のひと笑い】たいこで叩いてみた｜たいこでヒットソング#shorts #ミライチズ #夜のひと笑い #たいこでヒットソング,"Feb 5, 2024",18,629,65.77,24.99,,,,,,,0,0,1,2,7,3,70,0,0,,,,,,47,0.1626,,,,,0,,,0,,,0,0,0,0,,0,0,,0,0,,873,2.1384,1,0:00:11,4665,0.84
cOK2QfKaoyo,【Overdose - なとり】たいこで弾いてみた｜メロディ#shorts #overdose  #なとり #たいこでヒットソング,"Dec 15, 2023",18,623,69.82,30.8,,,,,,,0,0,0,3,3,2,60,0,0,,,,,,32,0.1584,,,,,0,,,0,,,0,0,0,0,,0,0,,0,0,,790,2.2268,3,0:00:12,2811,0.96
bZBQ83KXT_I,【3月9日 - レミオロメン】たいこで叩いてみた｜たいこでヒットソング#shorts #3月9日 #マカロニえんぴつ #たいこでヒットソング,"Mar 15, 2024",19,621,68.63,25.52,,,,,,,0,0,0,1,6,1,85.71,0,0,,,,,,43,0.1135,,,,,0,,,0,,,0,0,0,0,,0,0,,0,0,,986,2.3366,1,0:00:13,5442,1.51
QeejvtkwIhc,【宿命 - Official髭男dism】たいこで叩いてみた｜たいこでヒットソング#shorts #宿命 #Official髭男dism #たいこでヒットソング,"Mar 21, 2024",19,619,64.92,25.25,,,,,,,0,0,0,0,4,1,80,0,1,,,,,,50,0.1941,,,,,0,,,0,,,0,0,0,0,,0,0,,0,0,,1008,2.2263,0,0:00:12,5587,1.22
Ov7fnSBHAbU,【絆ノ奇跡 - MAN WITH A MISSION × milet】たいこで叩いてみた｜メロディ#shorts #MANWITHAMISSION #milet  #たいこでヒットソング,"Dec 20, 2023",18,613,68.33,31.88,,,,,,,0,0,0,1,7,1,87.5,0,0,,,,,,49,0.1482,,,,,0,,,0,,,0,0,0,0,,0,0,,0,0,,859,2.1687,1,0:00:12,4434,1.62
IEVBbfZaBzQ,【かわいいさがしてくれますか？ - CUTIE STREET】たいこでヒットソング#shorts #かわいいさがしてくれますか？ #CUTIESTREET #たいこでヒットソング #音ゲー,"Dec 3, 2025",13,594,90.78,32.55,,,,,,,0,0,0,0,4,0,100,0,0,,,,,,175,0.2594,,,,,0,,,0,,,0,0,0,0,,0,0,,0,0,,1940,2.3813,0,0:00:11,676,1.92
7459SA9R55I,【ichiban - King & Prince】たいこで叩いてみた｜たいこでヒットソング#shorts #ichiban  #kingandprince  #たいこでヒットソング #音ゲー,"Apr 30, 2024",18,592,66.21,21.66,,,,,,,0,0,0,1,6,0,100,0,0,,,,,,76,0.2097,,,,,0,,,0,,,0,0,0,0,,0,0,,0,0,,1108,2.119,1,0:00:11,5817,0.64
71TKyrKhyn8,【Stardom - King Gnu】たいこで叩いてみた｜メロディ#shorts #stardom  #kinggnu  #たいこでヒットソング,"Dec 21, 2023",18,585,63.73,24.17,,,,,,,0,0,0,0,5,1,83.33,0,0,,,,,,60,0.2699,,,,,0,,,0,,,0,0,0,0,,0,0,,0,0,,796,1.9389,0,0:00:11,3359,0.45
NSN36IAHV1Y,【ドライフラワー - 優里】たいこで叩いてみた｜メロディ#shorts #ドライフラワー #優里 #たいこでヒットソング,"Jan 31, 2024",18,578,69.76,29.91,,,,,,,0,0,0,0,1,0,100,0,0,,,,,,24,0.0615,,,,,0,,,0,,,0,0,0,0,,0,0,,0,0,,813,2.0748,0,0:00:12,4104,1.05
hqZR_SnMl5g,【青春フォトグラフ - Little Glee Monster】たいこで叩いてみた｜たいこでヒットソング#shorts #青春フォトグラフ #littlegleemonster #たいこでヒットソング,"Mar 19, 2024",19,575,61.76,18,,,,,,,0,0,0,2,9,0,100,0,0,,,,,,30,0.0819,,,,,0,,,0,,,0,0,0,0,,0,0,,0,0,,1003,2.0142,2,0:00:11,7545,0.76
hFvhhcDQjXQ,【男の子のために可愛いだけじゃない！ - 星乃夢奈】たいこで叩いてみた｜メロディ#shorts #男の子のために可愛いだけじゃない #星乃夢奈 #たいこでヒットソング,"Jan 31, 2024",18,572,72.82,24.88,,,,,,,0,0,0,1,3,1,75,0,0,,,,,,67,0.4702,,,,,0,,,0,,,0,0,0,0,,0,0,,0,0,,811,2.1621,1,0:00:13,4334,0.81
YjeZwjy-YVw,【Baby you - 有華】たいこで弾いてみた｜メロディ#shorts #babyyou  #有華 #たいこでヒットソング,"Dec 15, 2023",18,560,68.68,28.69,,,,,,,0,0,0,2,8,1,88.89,0,0,,,,,,28,0.0906,,,,,0,,,0,,,0,0,0,0,,0,0,,0,0,,755,2.005,2,0:00:12,3050,0.82
_ZrVfG8kMro,【新宝島 - サカナクション】たいこで叩いてみた｜メロディ#shorts #新宝島 #サカナクション #たいこでヒットソング,"Dec 31, 2023",18,560,69.78,26.32,,,,,,,0,0,0,0,4,2,66.67,0,0,,,,,,68,0.1648,,,,,0,,,0,,,0,0,0,0,,0,0,,0,0,,805,2.0234,0,0:00:12,5587,1.25
bOqHBhLdNW8,【寝起きヤシの木 - ゆこぴ】たいこで叩いてみた｜たいこでヒットソング#shorts #寝起きヤシの木 #ゆこぴ #たいこでヒットソング,"Mar 5, 2024",19,560,69.89,30.53,,,,,,,0,0,0,1,14,0,100,0,0,,,,,,18,0.0638,,,,,0,,,0,,,0,0,0,0,,0,0,,0,0,,880,2.1544,1,0:00:13,4948,1.37
ZK3vw9nY48I,【Start over! - 櫻坂46】たいこで叩いてみた｜たいこでヒットソング#shorts #startover  #櫻坂46 #たいこでヒットソング,"Mar 9, 2024",19,558,64.98,21.79,,,,,,,0,0,1,1,6,2,75,0,1,,,,,,74,0.2273,,,,,0,,,0,,,0,0,0,0,,0,0,,0,0,,933,2.0589,0,0:00:12,5598,0.96
0rz6Vq6KkEA,【今 -明日 世界が終わっても- - SEVENTEEN】たいこで叩いてみた｜メロディ#shorts #今明日世界が終わっても #seventeen  #たいこでヒットソング,"Jan 31, 2024",18,547,69.12,26.55,,,,,,,0,0,1,2,6,0,100,0,0,,,,,,61,0.2011,,,,,0,,,0,,,0,0,0,0,,0,0,,0,0,,814,1.9898,1,0:00:12,5440,0.99
c5j_aAOZkG0,【冬と春 - back number】たいこで叩いてみた｜たいこでヒットソング#shorts #冬と春 #backnumber #たいこでヒットソング #音ゲー,"Apr 30, 2024",18,544,101.13,15.72,,,,,,,0,0,0,1,7,0,100,0,0,,,,,,74,0.1971,,,,,0,,,0,,,0,0,0,0,,0,0,,0,0,,1202,2.9807,1,0:00:18,13226,0.93
4MKAoppUD-c,【崖の上のポニョ - 藤岡藤巻と大橋のぞみ】たいこで弾いてみた｜メロディ#shorts #崖の上のポニョ #藤岡藤巻と大橋のぞみ #たいこでヒットソング,"Dec 7, 2023",16,531,97.79,37.19,,,,,,,0,0,0,0,10,0,100,0,0,,,,,,33,0.0925,,,,,0,,,0,,,0,0,0,0,,0,0,,0,0,,864,2.3857,0,0:00:15,31487,0.75
tP7HY62ESSw,【光の中へ - 結束バンド】たいこで叩いてみた｜たいこでヒットソング#shorts #光の中へ #結束バンド #ぼっちざろっく  #たいこでヒットソング,"Mar 8, 2024",19,528,58.58,26.18,,,,,,,0,0,0,1,5,0,100,0,0,,,,,,51,0.1187,,,,,0,,,0,,,0,0,0,0,,0,0,,0,0,,839,1.7393,1,0:00:11,4583,0.76
sPDNtcXFHMs,【NIGHT DANCER - imase】たいこで叩いてみた｜たいこでヒットソング#shorts #nightdancer  #imase  #たいこでヒットソング,"Feb 17, 2024",18,522,81.68,26.84,,,,,,,0,0,0,2,4,1,80,0,0,,,,,,24,0.0925,,,,,0,,,0,,,0,0,0,0,,0,0,,0,0,,817,2.2326,2,0:00:14,4576,0.76
2HIAlA1uq5o,【リンジュー・ラヴ - マカロニえんぴつ】ピアノで弾いてみた｜メロディ#shorts #リンジュー・ラヴ #マカロニえんぴつ #たいこでヒットソング,"Nov 15, 2023",16,516,84.84,26.33,,,,,,,0,0,0,0,1,1,50,0,1,,,,,,67,0.2041,,,,,0,,,0,,,0,0,0,0,,0,0,,0,0,,789,2.0524,0,0:00:13,3888,2.75
UZG--cT9JuU,【LADY - 米津玄師】たいこで叩いてみた｜メロディ#shorts #lady  #米津玄師 #たいこでヒットソング,"Dec 31, 2023",18,514,59.91,22.59,,,,,,,0,0,0,2,4,3,57.14,0,0,,,,,,55,0.1835,,,,,0,,,0,,,0,0,0,0,,0,0,,0,0,,753,1.6206,2,0:00:10,3238,0.53
_RTL22nbsrQ,【ホワイトキス - 鈴木鈴木】たいこで叩いてみた｜メロディ#shorts #ホワイトキス #鈴木鈴木 #たいこでヒットソング,"Dec 25, 2023",18,498,94.81,28.19,,,,,,,0,0,0,0,5,2,71.43,0,0,,,,,,24,0.1274,,,,,0,,,0,,,0,0,0,0,,0,0,,0,0,,703,2.4292,0,0:00:17,3472,0.37
C1dwPVU7_jU,【天体観測 - BUMP OF CHICKEN】たいこで弾いてみた｜メロディ#shorts #天体観測 #bumpofchicken  #たいこでヒットソング,"Dec 15, 2023",18,497,73.21,29.61,,,,,,,0,0,0,3,3,1,75,1,0,,,,,,50,0.1716,,,,,0,,,0,,,0,0,0,0,,0,0,,0,0,,635,1.8572,3,0:00:13,3753,1.39
Gxob3bvP0Qw,【SPECIALZ - King Gnu】たいこで叩いてみた｜メロディ#shorts #specialz  #kinggnu  #たいこでヒットソング,"Jan 18, 2024",18,492,64.82,28.44,,,,,,,0,0,0,0,3,1,75,0,0,,,,,,43,0.1401,,,,,0,,,0,,,0,0,0,0,,0,0,,0,0,,757,1.6723,0,0:00:11,4480,1.92
3yVfsrrWTys,2401曲デザインダーク広告_横,,16,488,110.65,,,,,,,,0,0,0,0,11,1,91.67,0,0,,,,,,0,0,,,,,0,,,0,,,0,0,0,0,,0,0,,0,0,,488,2.3999,0,0:00:17,19,5.26
n29fvpGNraA,【少女レイ - みきとP】たいこで弾いてみた｜メロディ#shorts #少女レイ #みきとp  #たいこでヒットソング,"Nov 24, 2023",16,466,89.82,27.79,,,,,,,0,0,0,1,5,0,100,0,1,,,,,,41,0.3907,,,,,0,,,0,,,0,0,0,0,,0,0,,0,0,,628,1.9113,1,0:00:14,3650,1.59
MUDYs8jQ4vc,【こっから - SixTONES】たいこで叩いてみた｜メロディ#shorts #こっから  #sixtones  #たいこでヒットソング,"Jan 19, 2024",18,460,61.65,27.43,,,,,,,0,0,1,1,4,0,100,0,0,,,,,,38,0.0994,,,,,0,,,0,,,0,0,0,0,,0,0,,0,0,,705,1.5063,0,0:00:11,4567,1.64
Jr2qs0W5EHg,【バイオレンス - 女王蜂】たいこで叩いてみた｜たいこでヒットソング#shorts #バイオレンス #女王蜂 #チェンソーマン #たいこでヒットソング,"Feb 20, 2024",18,456,58.05,20.4,,,,,,,0,0,0,1,6,1,85.71,0,0,,,,,,31,0.0948,,,,,0,,,0,,,0,0,0,0,,0,0,,0,0,,759,1.42,1,0:00:10,4873,0.41
D_rsTKkOfpk,【めざせポケモンマスター - リカ】たいこで叩いてみた｜メロディ#shorts #めざせポケモンマスター  #リカ #ポケモン #たいこでヒットソング,"Jan 19, 2024",18,454,71.86,27.75,,,,,,,0,0,0,1,5,0,100,0,0,,,,,,43,0.1358,,,,,0,,,0,,,0,0,0,0,,0,0,,0,0,,723,1.7037,1,0:00:12,5657,1.48
zUR8g9HVI3s,【愛の花 - あいみょん】たいこで叩いてみた｜たいこでヒットソング#shorts #愛の花 #あいみょん #たいこでヒットソング,"Mar 7, 2024",19,436,58.15,20.1,,,,,,,0,0,0,1,5,1,83.33,0,0,,,,,,28,0.0661,,,,,0,,,0,,,0,0,0,0,,0,0,,0,0,,794,1.4666,1,0:00:11,5245,1.01
SvGAPYPxgqs,【スノーマジックファンタジー - SEKAI NO OWARI】たいこで叩いてみた｜メロディ#shorts #スノーマジックファンタジー #sekainoowari  #たいこでヒットソング,"Dec 25, 2023",18,431,70.11,27.86,,,,,,,0,0,0,1,2,1,66.67,0,0,,,,,,20,0.0633,,,,,0,,,0,,,0,0,0,0,,0,0,,0,0,,660,1.5848,1,0:00:12,5617,1.26
FCCLOUhdJkQ,【世界に一つだけの花 - SMAP】たいこで叩いてみた｜メロディ#shorts #世界に一つだけの花 #smap  #たいこでヒットソング,"Dec 29, 2023",18,415,68.57,33.09,,,,,,,0,0,1,1,3,0,100,0,0,,,,,,27,0.0801,,,,,0,,,0,,,0,0,0,0,,0,0,,0,0,,663,1.49,0,0:00:12,6561,2.41
w0h1hn7-ulc,【ファジーネーブル - Conton Candy】たいこで叩いてみた｜メロディ#shorts #ファジーネーブル #contoncandy  #たいこでヒットソング #リズムゲーム,"Jan 26, 2024",18,413,61.53,24.72,,,,,,,0,0,0,1,5,1,83.33,0,0,,,,,,24,0.0608,,,,,0,,,0,,,0,0,0,0,,0,0,,0,0,,682,1.3505,1,0:00:11,3867,1.19
Kqxdsp50O0w,【白日 - King Gnu】たいこで叩いてみた｜メロディ#shorts #白日 #KingGnu #たいこでヒットソング,"Jan 1, 2024",18,405,66.19,28.3,,,,,,,0,0,0,0,2,3,40,0,0,,,,,,30,0.0901,,,,,0,,,0,,,0,0,0,0,,0,0,,0,0,,662,1.4001,0,0:00:11,4587,1.94
yNqWq2mapXc,【RPG - SEKAI NO OWARI】たいこで弾いてみた｜メロディ#shorts #リンジュー・ラヴ #マカロニえんぴつ #たいこでヒットソング,"Dec 16, 2023",18,392,70.07,29.2,,,,,,,0,0,0,1,9,0,100,0,0,,,,,,33,0.1089,,,,,0,,,0,,,0,0,0,0,,0,0,,0,0,,545,1.4184,1,0:00:12,3145,1.75
Ea1xWWJHPQc,【風になる - つじあやの】たいこで叩いてみた｜メロディ#shorts #風になる  #つじあやの #たいこでヒットソング,"Dec 29, 2023",18,391,61.15,26.48,,,,,,,0,0,0,1,6,1,85.71,0,0,,,,,,33,0.095,,,,,0,,,0,,,0,0,0,0,,0,0,,0,0,,628,1.2633,1,0:00:11,3328,1.32
bZ7gLr91Foo,【晩餐歌 - tuki.】たいこで叩いてみた｜たいこでヒットソング#shorts #晩餐歌 #tuki #たいこでヒットソング,"Mar 4, 2024",19,387,67.08,29.88,,,,,,,0,0,0,0,12,0,100,0,0,,,,,,23,0.0572,,,,,0,,,0,,,0,0,0,0,,0,0,,0,0,,713,1.4557,0,0:00:12,6006,2
KcJMP7ogh1Q,【ただ君に晴れ - ヨルシカ】たいこで叩いてみた｜たいこでヒットソング#shorts #ただ君に晴れ #ヨルシカ #たいこでヒットソング,"Mar 6, 2024",19,386,63.24,26.75,,,,,,,0,0,1,2,11,1,91.67,0,0,,,,,,20,0.062,,,,,0,,,0,,,0,0,0,0,,0,0,,0,0,,697,1.382,1,0:00:12,5298,1.45
8l_emD8pLVE,【ヒロイン - back number】たいこで叩いてみた｜たいこでヒットソング#shorts #ヒロイン #backnumber  #たいこでヒットソング,"Mar 13, 2024",19,380,61.11,18.44,,,,,,,0,0,0,0,4,1,80,0,0,,,,,,28,0.0933,,,,,0,,,0,,,0,0,0,0,,0,0,,0,0,,761,1.3395,0,0:00:11,5404,1.7
YSkp6o7M87M,2408_説明あり_推しの曲_広告,,16,379,150.55,83.33,,,,,,,0,0,0,0,14,0,100,0,0,,,,,,0,0,,,,,0,,,0,,,0,0,0,0,,0,0,,0,0,,481,2.5067,0,0:00:23,14,0
cU8QDekPo4o,推しの曲_横広告_グラデ,,24,365,88.96,,,,,,,,0,0,0,0,1,0,100,0,0,,,,,,0,0,,,,,0,,,0,,,0,0,0,0,,0,0,,0,0,,365,2.1647,0,0:00:21,0,
gRaJhuwwI8c,【ビターチョコデコレーション - syudou】たいこで叩いてみた｜たいこでヒットソング#shorts #ビターチョコデコレーション #syudou  #たいこでヒットソング,"Feb 13, 2024",18,360,60.12,23.93,,,,,,,0,0,1,2,5,0,100,0,0,,,,,,14,0.0561,,,,,0,,,0,,,0,0,0,0,,0,0,,0,0,,623,1.1562,1,0:00:10,4606,0.76
ERzoTSpq1X4,【LOOK AT ME - NiziU】たいこで叩いてみた｜たいこでヒットソング#shorts #lookatme  #niziu  #たいこでヒットソング,"Apr 5, 2024",19,355,60.41,15.46,,,,,,,0,0,0,0,7,1,87.5,0,0,,,,,,22,0.0551,,,,,0,,,0,,,0,0,0,0,,0,0,,0,0,,865,1.3063,0,0:00:11,5398,0.57
N236gQAQnsQ,【シンデレラガール - King & Prince】たいこで叩いてみた｜メロディ#shorts #シンデレラガール #kingandprince Prince #たいこでヒットソング,"Jan 3, 2024",18,352,81.4,22.25,,,,,,,0,0,0,0,7,0,100,0,0,,,,,,15,0.0391,,,,,0,,,0,,,0,0,0,0,,0,0,,0,0,,593,1.5027,0,0:00:14,5412,1.66
2qgJBKTnNP0,【UP TO ME! - Little Glee Monster】たいこで叩いてみた｜たいこでヒットソング#shorts #uptome  #littlegleemonster #たいこでヒットソング,"Mar 29, 2024",19,342,59.72,17.78,,,,,,,0,0,0,1,6,0,100,0,0,,,,,,40,0.1231,,,,,0,,,0,,,0,0,0,0,,0,0,,0,0,,827,1.234,1,0:00:11,7113,1.46
AfujZByYjII,【恋 - 星野源】たいこで叩いてみた｜メロディ#shorts #恋 #星野源 #逃げるは恥だが役に立つ  #たいこでヒットソング,"Jan 28, 2024",18,335,79.88,26.3,,,,,,,0,0,1,1,2,0,100,0,0,,,,,,23,0.0667,,,,,0,,,0,,,0,0,0,0,,0,0,,0,0,,634,1.4048,0,0:00:14,4853,1.59
yccPTa_6pvY,【キュン - 日向坂46】たいこで叩いてみた｜たいこでヒットソング#shorts #キュン #日向坂46 #たいこでヒットソング,"Feb 9, 2024",18,332,71.15,24.52,,,,,,,0,0,0,1,8,0,100,0,0,,,,,,18,0.0569,,,,,0,,,0,,,0,0,0,0,,0,0,,0,0,,609,1.2687,1,0:00:12,8026,1.74
jidKT-DRnUg,【ブルーベリー・ナイツ - マカロニえんぴつ】ピアノで弾いてみた｜メロディ#shorts #ブルーベリーナイツ #マカロニえんぴつ #たいこでヒットソング,"Nov 17, 2023",16,327,83.96,16.68,,,,,,,0,0,1,1,4,2,66.67,0,0,,,,,,35,0.0884,,,,,0,,,0,,,0,0,0,0,,0,0,,0,0,,577,1.2973,0,0:00:13,3395,0.91
rCpXozdojLg,【LOVE TRIGGER - Snow Man】たいこで叩いてみた｜たいこでヒットソング#shorts #LOVETRIGGER #SnowMan #たいこでヒットソング #音ゲー,"Apr 30, 2024",18,325,64.92,17.12,,,,,,,0,0,0,3,7,0,100,0,1,,,,,,26,0.0411,,,,,0,,,0,,,0,0,0,0,,0,0,,0,0,,978,1.2843,3,0:00:11,11240,1.02
87VZTvQNJbQ,広告_最速_縦,,18,308,168.23,0,,,,,,,0,0,0,0,20,3,86.96,0,0,,,,,,0,0,,,,,0,,,0,,,0,0,0,0,,0,0,,0,0,,308,2.5908,0,0:00:30,6,0
KWRhsGgLbYI,【ツキヨミ - King & Prince】たいこで叩いてみた｜メロディ#shorts #ツキヨミ #kingandprince  #たいこでヒットソング,"Feb 1, 2024",18,305,65.66,23.47,,,,,,,0,0,0,0,1,1,50,0,0,,,,,,20,0.0704,,,,,0,,,0,,,0,0,0,0,,0,0,,0,0,,555,1.083,0,0:00:11,4159,1.23
HxOPX4ncIug,【Pretender - Official髭男dism】たいこで叩いてみた｜メロディ#shorts #pretender  #official髭男dism #たいこでヒットソング,"Jan 29, 2024",18,298,501.98,24.79,,,,,,,0,0,0,0,0,0,,0,0,,,,,,43,0.1249,,,,,0,,,0,,,0,0,0,0,,0,0,,0,0,,574,7.5477,0,0:01:30,5011,1.02
7R7c8gd4yTA,【乙女解剖 - DECO*27】たいこで叩いてみた｜たいこでヒットソング#shorts #乙女解剖 #deco27 #初音ミク #たいこでヒットソング,"Mar 5, 2024",19,287,128.01,22.02,,,,,,,0,0,0,0,2,2,50,0,0,,,,,,23,0.0501,,,,,0,,,0,,,0,0,0,0,,0,0,,0,0,,597,2.0267,0,0:00:24,4296,1.14
mEdu-7sOd5M,【聖者の行進 - キタニタツヤ】たいこで叩いてみた｜たいこでヒットソング#shorts #聖者の行進 #キタニタツヤ #たいこでヒットソング,"Feb 7, 2024",18,284,52.13,19.52,,,,,,,0,0,0,0,6,0,100,0,1,,,,,,23,0.0491,,,,,0,,,0,,,0,0,0,0,,0,0,,0,0,,558,0.8366,0,0:00:09,5473,1.11
zVqfHcSQfWI,【本当はね、 - ヤングスキニー】ピアノで弾いてみた｜メロディ#shorts #本当はね  #ヤングスキニー #たいこでヒットソング,"Nov 18, 2023",16,283,65.36,20.01,,,,,,,0,0,0,1,4,0,100,0,0,,,,,,44,0.1072,,,,,0,,,0,,,0,0,0,0,,0,0,,0,0,,529,0.9109,1,0:00:10,3506,0.94
mpgKbpcEiwA,【Love so sweet - アーティスト名】たいこで叩いてみた｜メロディ#shorts #lovesosweet  #嵐 #たいこでヒットソング,"Dec 19, 2023",18,272,66.07,25.54,,,,,,,0,0,1,1,4,0,100,0,0,,,,,,22,0.0581,,,,,0,,,0,,,0,0,0,0,,0,0,,0,0,,488,0.9605,0,0:00:11,4734,1.71
w5Yosd4NbsE,【Starting Over - sumika】たいこで叩いてみた｜メロディ#shorts #startingover  #sumika  #たいこでヒットソング,"Dec 28, 2023",18,236,62.97,21.34,,,,,,,0,0,0,0,4,0,100,0,0,,,,,,19,0.0591,,,,,0,,,0,,,0,0,0,0,,0,0,,0,0,,491,0.8364,0,0:00:11,5981,0.95
pK-x9pLYqd4,広告_最新曲_縦,,17,235,127.86,100,,,,,,,0,0,0,0,14,0,100,0,0,,,,,,0,0,,,,,0,,,0,,,0,0,0,0,,0,0,,0,0,,235,1.4189,0,0:00:21,1,0
m0kFYgKu2OU,【ひまわりの約束 - 秦基博】たいこで弾いてみた｜メロディ#shorts #ひまわりの約束 #秦基博 #たいこでヒットソング,"Dec 16, 2023",18,231,70.94,22.69,,,,,,,0,0,1,1,1,1,50,0,0,,,,,,23,0.0646,,,,,0,,,0,,,0,0,0,0,,0,0,,0,0,,377,0.8527,0,0:00:12,3158,1.17
wIrW4xQ3Oz0,【RUN - Sexy Zone】たいこで叩いてみた｜メロディ#shorts #run  #SexyZone #たいこでヒットソング,"Jan 29, 2024",18,227,62.68,20.35,,,,,,,0,0,0,0,4,0,100,0,0,,,,,,7,0.0192,,,,,0,,,0,,,0,0,0,0,,0,0,,0,0,,510,0.8161,0,0:00:11,6892,1.09
mmOtIVDoPwY,【NEW Smile - JO1】たいこで叩いてみた｜たいこでヒットソング#shorts #newsmile  #jo1  #たいこでヒットソング,"Feb 21, 2024",18,225,68.13,16.15,,,,,,,0,0,0,0,6,0,100,0,0,,,,,,14,0.0785,,,,,0,,,0,,,0,0,0,0,,0,0,,0,0,,569,0.8684,0,0:00:12,4960,0.83
x56_4nIeib8,【推し★ごと - HoneyWorks】たいこで叩いてみた｜メロディ#shorts #推しごと #HoneyWorks #かぴ #たいこでヒットソング,"Jan 30, 2024",18,211,66.9,16.31,,,,,,,0,0,0,0,0,0,,0,0,,,,,,15,0.0384,,,,,0,,,0,,,0,0,0,0,,0,0,,0,0,,451,0.7848,0,0:00:12,3911,0.59
VLSzVTXKIds,【紅蓮の弓矢 - Linked Horizon】たいこで叩いてみた｜メロディ#shorts #紅蓮の弓矢 #linkedhorizon #進撃の巨人  #たいこでヒットソング,"Jan 30, 2024",18,188,74.56,20.96,,,,,,,0,0,0,0,2,0,100,1,0,,,,,,11,0.0385,,,,,0,,,0,,,0,0,0,0,,0,0,,0,0,,423,0.7551,0,0:00:13,5340,1.01
rJ5y4aLCfeE,【Melody - 8LOOM】たいこで叩いてみた｜たいこでヒットソング#shorts #melody  #8loom  #たいこでヒットソング,"Mar 4, 2024",19,181,57.57,15.27,,,,,,,0,0,0,2,4,0,100,0,0,,,,,,15,0.0277,,,,,0,,,0,,,0,0,0,0,,0,0,,0,0,,545,0.6714,2,0:00:10,4285,0.91
PgPBk6-V3kE,太鼓アニメーション_縦,,13,175,275.2,50,,,,,,,0,0,0,0,8,1,88.89,0,0,,,,,,0,0,,,,,0,,,0,,,0,0,0,0,,0,0,,0,0,,175,1.7391,0,0:00:35,2,0
ymdglfC8HUM,【I Wish - なにわ男子】たいこで叩いてみた｜たいこでヒットソング#shorts #iwish  #なにわ男子 #たいこでヒットソング,"Mar 7, 2024",18,166,74.18,16.65,,,,,,,0,0,0,1,2,0,100,0,0,,,,,,6,0.0119,,,,,0,,,0,,,0,0,0,0,,0,0,,0,0,,507,0.7351,1,0:00:13,4935,1.5
QYX_qnRu5lM,【グラデーション - SUPER BEAVER】たいこで叩いてみた｜メロディ#shorts #グラデーション #SUPERBEAVER #たいこでヒットソング,"Dec 27, 2023",18,163,148.4,16.76,,,,,,,0,0,0,0,2,0,100,0,0,,,,,,13,0.0289,,,,,0,,,0,,,0,0,0,0,,0,0,,0,0,,383,1.2772,0,0:00:26,3581,0.95
InDsXxSDuEU,広告_シナリオ1~インフルエンサー_人ver縦,,18,162,99.22,,,,,,,,0,0,0,0,3,0,100,0,0,,,,,,0,0,,,,,0,,,0,,,0,0,0,0,,0,0,,0,0,,162,0.8037,0,0:00:17,0,
FKd2XhfmGL4,【やさしさに包まれたなら - 荒井由実】たいこで叩いてみた｜メロディ#shorts #やさしさに包まれたなら #荒井由実 #たいこでヒットソング,"Dec 22, 2023",18,150,68.69,17.77,,,,,,,0,0,0,0,1,0,100,0,0,,,,,,10,0.028,,,,,0,,,0,,,0,0,0,0,,0,0,,0,0,,337,0.5752,0,0:00:12,3660,1.09
U2o4DKJiZzo,広告_毎日追加_縦,,18,145,106.27,100,,,,,,,0,0,0,0,2,0,100,0,0,,,,,,0,0,,,,,0,,,0,,,0,0,0,0,,0,0,,0,0,,145,0.7705,0,0:00:19,0,
OsAhzJxEifQ,【美少女無罪♡パイレーツ - 宝鐘マリン】たいこで叩いてみた｜メロディ#shorts #美少女無罪パイレーツ #宝鐘マリン #たいこでヒットソング,"Jan 27, 2024",18,142,71.31,18.7,,,,,,,0,0,0,0,3,0,100,0,0,,,,,,6,0.015,,,,,0,,,0,,,0,0,0,0,,0,0,,0,0,,380,0.5787,0,0:00:12,4403,1.48
PZPQ-bfDppM,【逆光 - ウタ(Ado)】たいこで叩いてみた｜たいこでヒットソング#shorts #逆光 #ウタ #ado #vaundy  #たいこでヒットソング,"Feb 23, 2024",18,134,57.63,13.75,,,,,,,0,0,0,0,2,0,100,0,0,,,,,,8,0.0153,,,,,0,,,0,,,0,0,0,0,,0,0,,0,0,,478,0.4906,0,0:00:10,4922,1.34
VnZqgIAVd-k,【まぶた - Vaundy】ピアノで弾いてみた｜メロディ#shorts #まぶた #vaundy  #たいこでヒットソング,"Nov 18, 2023",16,120,72.88,12.43,,,,,,,0,0,0,0,2,0,100,0,0,,,,,,8,0.0265,,,,,0,,,0,,,0,0,0,0,,0,0,,0,0,,364,0.474,0,0:00:11,2655,0.45
WvD7MBwQgVk,推しの曲_アーティスト名広告,,25,119,126.42,0,,,,,,,0,0,0,0,3,0,100,0,0,,,,,,0,0,,,,,0,,,0,,,0,0,0,0,,0,0,,0,0,,119,1.0447,0,0:00:31,0,
2LPFa-cbBHg,2408_広告動画_説明あり_縦,,16,106,113.15,66.67,,,,,,,0,0,0,0,1,0,100,0,0,,,,,,0,0,,,,,0,,,0,,,0,0,0,0,,0,0,,0,0,,218,0.5718,0,0:00:17,12,8.33
SJhTpXFHdqM,推しの曲_横広告_キラキラ,,24,33,88.41,,,,,,,,0,0,0,0,0,0,,0,0,,,,,,0,0,,,,,0,,,0,,,0,0,0,0,,0,0,,0,0,,33,0.1945,0,0:00:21,0,
P_SywckQmOs,推しの曲_横広告_ハート,,24,23,99.08,,,,,,,,0,0,0,0,0,0,,0,0,,,,,,0,0,,,,,0,,,0,,,0,0,0,0,,0,0,,0,0,,23,0.1519,0,0:00:23,0,
nihRox5XL6E,【はちゃめちゃわちゃライフ - FRUITS ZIPPER】たいこでヒットソング#shorts #はちゃめちゃわちゃライフ #fruitszipper  #たいこでヒットソング #音ゲー,"Dec 13, 2025",18,14,109.59,38.89,,,,,,,0,0,0,0,1,0,100,0,0,,,,,,0,0,,,,,0,,,0,,,0,0,0,0,,0,0,,0,0,,39,0.0848,0,0:00:19,202,3.96
5MZRqyqhYPk,広告_太鼓アニメーション_歌手先_横,"Dec 14, 2023",10,5,99.79,,,,,,,,0,0,0,0,0,0,,0,0,,,,,,0,0,,,,,0,,,0,,,0,0,0,0,,0,0,,0,0,,5,0.0139,0,0:00:09,0,
gbJn-8i31CM,太鼓アニメーション_歌手先_縦,,10,2,72.63,,,,,,,,0,0,0,0,1,0,100,0,0,,,,,,0,0,,,,,0,,,0,,,0,0,0,0,,0,0,,0,0,,2,0.004,0,0:00:07,0,
S_b3peO9wzo,【GOOD DAY - Mrs. GREEN APPLE】たいこで叩いてみた｜たいこでヒットソング#shorts #GOOD DAY #MrsGREENAPPLE #たいこでヒットソング #音ゲー,,19,0,,0,,,,,,,0,0,0,0,0,0,,0,0,,,,,,0,0,,,,,0,,,0,,,0,0,0,0,,0,0,,0,0,,0,0,0,,3,0
YB0lwZ2CmX0,【ビターバカンス - Mrs. GREEN APPLE】たいこで叩いてみた｜たいこでヒットソング#shorts #リンジュー・ラヴ #GREEN APPLE #たいこでヒットソング #音ゲー,"Dec 12, 2025",18,,,,,,,,,,0,0,,,,,,,,,,,,,0,0,,,,,,,,0,,,0,0,,,,,,,,,,,,,,1,0
q63_x3AtzV0,【弱虫モンブラン feat. GUMI - DECO*27】たいこでヒットソング#shorts #弱虫モンブラン feat. GUMI #deco27  #たいこでヒットソング #音ゲー,,12,,,,,,,,,,0,0,,,,,,,,,,,,,0,0,,,,,,,,0,,,0,0,,,,,,,,,,,,,,3,0
