video_id,title,published_at,published_date,published_time,published_hour,published_day_of_week,published_is_weekend,view_count,like_count,comment_count,duration_seconds,is_short,tags
nihRox5XL6E,【はちゃめちゃわちゃライフ - FRUITS ZIPPER】たいこでヒットソング#shorts #はちゃめちゃわちゃライフ #fruitszipper  #たいこでヒットソング #音ゲー,2025-12-13T09:01:21Z,2025-12-13,09:01:21,9,5,1,2,0,0,18,True,"#たいこでヒットソング,#音ゲー,#リズムゲーム"
y733eVbwCPY,【T氏の話を信じるな - ピノキオピー】たいこで叩いてみた｜たいこでヒットソング#shorts #T氏の話を信じるな #ピノキオピー #たいこでヒットソング #音ゲー,2025-12-12T08:40:53Z,2025-12-12,08:40:53,8,4,0,1791,9,0,14,True,"#たいこでヒットソング,#音ゲー,#リズムゲーム"
UQTyclP_r2U,【ねぐせ - 織姫とBABY feat. 汐れいら】たいこで叩いてみた｜たいこでヒットソング#shorts #ねぐせ #織姫とBABYfeat汐れいら #たいこでヒットソング #音ゲー,2025-12-05T09:00:48Z,2025-12-05,09:00:48,9,4,0,3228,3,0,11,True,"#たいこでヒットソング,#音ゲー,#リズムゲーム"
F-LWfGrIe4E,【カリスマックス - SNOW MAN】たいこで叩いてみた｜たいこでヒットソング#shorts #カリスマックス #snowman  #たいこでヒットソング #音ゲー,2025-12-04T09:00:33Z,2025-12-04,09:00:33,9,3,0,3907,9,0,29,True,"#たいこでヒットソング,#音ゲー,#リズムゲーム"
IEVBbfZaBzQ,【かわいいさがしてくれますか？ - CUTIE STREET】たいこでヒットソング#shorts #かわいいさがしてくれますか？ #CUTIESTREET #たいこでヒットソング #音ゲー,2025-12-03T08:38:02Z,2025-12-03,08:38:02,8,2,0,1928,4,0,13,True,"#たいこでヒットソング,#音ゲー,#リズムゲーム"
0o0t59cW0h0,【チェリーポップ - DECO*27】たいこで叩いてみた｜たいこでヒットソング#shorts #チェリーポップ #DECO*27 #たいこでヒットソング #音ゲー＃初音ミク,2025-11-29T08:00:03Z,2025-11-29,08:00:03,8,5,1,2445,3,0,6,True,"#たいこでヒットソング,#音ゲー,#リズムゲーム"
aPQJEGQ9kQ4,【IRIS OUT - 米津玄師】たいこで叩いてみた｜たいこでヒットソング#shorts #irisout  #米津玄師 #たいこでヒットソング #音ゲー #チェンソーマン,2025-11-28T08:39:22Z,2025-11-28,08:39:22,8,4,0,5276,14,1,5,True,"#たいこでヒットソング,#音ゲー,#リズムゲーム"
hbWUu5vcrnA,【祝福】たいこで叩いてみた｜たいこでヒットソング#shorts #祝福  #たいこでヒットソング #音ゲー,2024-05-08T09:17:02Z,2024-05-08,09:17:02,9,2,0,2368,18,0,18,True,"#たいこでヒットソング,#音ゲー,#リズムゲーム"
sKGYJFDiQn8,【J0KER×JOK3R】たいこで叩いてみた｜たいこでヒットソング#shorts #J0KERJOK3R  #たいこでヒットソング #音ゲー,2024-05-08T09:16:04Z,2024-05-08,09:16:04,9,2,0,1445,16,0,18,True,"#たいこでヒットソング,#音ゲー,#リズムゲーム"
wCau99nqv4o,【タイムパラドックス - Vaundy】たいこで叩いてみた｜たいこでヒットソング#shorts #タイムパラドックス #vaundy  #たいこでヒットソング #音ゲー,2024-04-30T07:32:08Z,2024-04-30,07:32:08,7,1,0,1835,11,0,18,True,"#たいこでヒットソング,#音ゲー,#リズムゲーム"
c5j_aAOZkG0,【冬と春 - back number】たいこで叩いてみた｜たいこでヒットソング#shorts #冬と春 #backnumber #たいこでヒットソング #音ゲー,2024-04-30T07:30:50Z,2024-04-30,07:30:50,7,1,0,1195,7,0,18,True,"#たいこでヒットソング,#音ゲー,#リズムゲーム"
COArXYwt0m0,【丸の内サディスティック - 椎名林檎】たいこで叩いてみた｜たいこでヒットソング#shorts #丸の内サディスティック #椎名林檎 #たいこでヒットソング #音ゲー,2024-04-30T07:29:37Z,2024-04-30,07:29:37,7,1,0,1247,7,2,18,True,"#たいこでヒットソング,#音ゲー,#リズムゲーム"
rCpXozdojLg,【LOVE TRIGGER - Snow Man】たいこで叩いてみた｜たいこでヒットソング#shorts #LOVETRIGGER #SnowMan #たいこでヒットソング #音ゲー,2024-04-30T07:27:38Z,2024-04-30,07:27:38,7,1,0,966,7,1,18,True,"#たいこでヒットソング,#音ゲー,#リズムゲーム"
w7K3pQT19uA,【愛をこめて花束を - Superfly】たいこで叩いてみた｜たいこでヒットソング#shorts #愛をこめて花束を #superfly  #たいこでヒットソング #音ゲー,2024-04-30T07:23:05Z,2024-04-30,07:23:05,7,1,0,1264,9,0,18,True,"#たいこでヒットソング,#音ゲー,#リズムゲーム"
MI9lAVYEOuU,【さんぽ - 井上 あずみ】たいこで叩いてみた｜たいこでヒットソング#shorts #さんぽ #井上あずみ #となりのトトロ #たいこでヒットソング #音ゲー,2024-04-30T03:01:15Z,2024-04-30,03:01:15,3,1,0,2061,8,0,18,True,"#たいこでヒットソング,#音ゲー,#リズムゲーム"
aI0x3gU5D0M,【CHEERS!デリシャスパーティ プリキュア - Machico】たいこで叩いてみた｜たいこでヒットソング,2024-04-30T02:59:19Z,2024-04-30,02:59:19,2,1,0,1513,10,0,18,True,"#たいこでヒットソング,#音ゲー,#リズムゲーム"
t-qkZ-O9Fis,【ラビットホール - DECO*27】たいこで叩いてみた｜たいこでヒットソング#shorts #ラビットホール #deco27  #たいこでヒットソング #音ゲー,2024-04-30T02:57:31Z,2024-04-30,02:57:31,2,1,0,1378,6,0,18,True,"#たいこでヒットソング,#音ゲー,#リズムゲーム"
39IXpnl4D0Y,【レオ - 優里】たいこで叩いてみた｜たいこでヒットソング#shorts #レオ #優里 #たいこでヒットソング #音ゲー,2024-04-30T02:56:07Z,2024-04-30,02:56:07,2,1,0,1381,5,0,18,True,"#たいこでヒットソング,#音ゲー,#リズムゲーム"
7459SA9R55I,【ichiban - King & Prince】たいこで叩いてみた｜たいこでヒットソング#shorts #ichiban  #kingandprince  #たいこでヒットソング #音ゲー,2024-04-30T02:55:01Z,2024-04-30,02:55:01,2,1,0,1100,6,0,18,True,"#たいこでヒットソング,#音ゲー,#リズムゲーム"
4STT85R5oes,【オドループ - フレデリック】たいこで叩いてみた｜たいこでヒットソング#shorts #オドループ #フレデリック #たいこでヒットソング,2024-04-07T03:00:04Z,2024-04-07,03:00:04,3,6,1,1301,5,0,19,True,"#たいこでヒットソング,#音ゲー,#リズムゲーム"
YnhHuhB_4YI,【幾億光年 - Omoinotake】たいこで叩いてみた｜たいこでヒットソング#shorts #幾億光年 #omoinotake #eyeloveyou  #たいこでヒットソング,2024-04-06T03:00:30Z,2024-04-06,03:00:30,3,5,1,1404,8,1,19,True,"#たいこでヒットソング,#音ゲー,#リズムゲーム"
ERzoTSpq1X4,【LOOK AT ME - NiziU】たいこで叩いてみた｜たいこでヒットソング#shorts #lookatme  #niziu  #たいこでヒットソング,2024-04-05T08:00:08Z,2024-04-05,08:00:08,8,4,0,860,7,0,19,True,"#たいこでヒットソング,#音ゲー,#リズムゲーム"
oOAqbHM3lxs,"【ヨワネハキ - feat. 和ぬか, asmi】たいこで叩いてみた｜たいこでヒットソング#shorts #ヨワネハキ #和ぬか #asmi #たいこでヒットソング",2024-04-04T08:00:21Z,2024-04-04,08:00:21,8,3,0,1307,2,1,19,True,"#たいこでヒットソング,#音ゲー,#リズムゲーム"
0nqCMixJ-XE,【ドラマツルギー - EVE】たいこで叩いてみた｜たいこでヒットソング#shorts #ドラマツルギー #EVE #たいこでヒットソング,2024-04-03T08:00:00Z,2024-04-03,08:00:00,8,2,0,1079,7,0,19,True,"#たいこでヒットソング,#音ゲー,#リズムゲーム"
aHFVNYRhTcc,【Bye-Good-Bye - BE:FIRST】たいこで叩いてみた｜たいこでヒットソング#shorts #byegoodbye  #befirst  #たいこでヒットソング,2024-04-02T08:00:01Z,2024-04-02,08:00:01,8,1,0,1295,10,0,19,True,"#たいこでヒットソング,#音ゲー,#リズムゲーム"
opp0m11fOhM,【ブタサンダー - ゆこぴ】たいこで叩いてみた｜たいこでヒットソング#shorts #ブタサンダー #ゆこぴ  #たいこでヒットソング,2024-04-01T15:00:44Z,2024-04-01,15:00:44,15,0,0,1391,7,1,19,True,"#たいこでヒットソング,#音ゲー,#リズムゲーム"
2qgJBKTnNP0,【UP TO ME! - Little Glee Monster】たいこで叩いてみた｜たいこでヒットソング#shorts #uptome  #littlegleemonster #たいこでヒットソング,2024-03-29T08:00:04Z,2024-03-29,08:00:04,8,4,0,823,6,0,19,True,"#たいこでヒットソング,#音ゲー,#リズムゲーム"
SNFhfnvhLlQ,【W／X／Y - Tani Yuuki】たいこで叩いてみた｜たいこでヒットソング#shorts #WXY #taniyuuki  #たいこでヒットソング,2024-03-28T08:00:21Z,2024-03-28,08:00:21,8,3,0,1293,8,0,19,True,"#たいこでヒットソング,#音ゲー,#リズムゲーム"
swD1U9JKsHk,【愛包ダンスホール - HIMEHINA】たいこで叩いてみた｜たいこでヒットソング#shorts #愛包ダンスホール #himehina  #たいこでヒットソング,2024-03-27T08:00:28Z,2024-03-27,08:00:28,8,2,0,1294,8,0,19,True,"#たいこでヒットソング,#音ゲー,#リズムゲーム"
e6F2J3Fxnjw,【すっきちゅーの! - HoneyWorks feat.かぴ】たいこで叩いてみた｜たいこでヒットソング#shorts #すきっちゅーの  #honeyworks #かぴ  #たいこでヒットソング,2024-03-26T09:05:27Z,2024-03-26,09:05:27,9,1,0,1255,12,0,19,True,"#たいこでヒットソング,#音ゲー,#リズムゲーム"
QeejvtkwIhc,【宿命 - Official髭男dism】たいこで叩いてみた｜たいこでヒットソング#shorts #宿命 #Official髭男dism #たいこでヒットソング,2024-03-21T08:00:23Z,2024-03-21,08:00:23,8,3,0,1005,4,2,19,True,"#たいこでヒットソング,#音ゲー,#リズムゲーム"
3zUPsJlfz3I,【DEAR MY LOVER - Hey!Say!JUMP】たいこで叩いてみた｜たいこでヒットソング#shorts #DEARMYLOVER #heysayjump  #たいこでヒットソング,2024-03-20T03:00:01Z,2024-03-20,03:00:01,3,2,0,1477,19,0,19,True,"#たいこでヒットソング,#音ゲー,#リズムゲーム"
hqZR_SnMl5g,【青春フォトグラフ - Little Glee Monster】たいこで叩いてみた｜たいこでヒットソング#shorts #青春フォトグラフ #littlegleemonster #たいこでヒットソング,2024-03-19T08:00:21Z,2024-03-19,08:00:21,8,1,0,1001,9,0,19,True,"#たいこでヒットソング,#音ゲー,#リズムゲーム"
Fkv57ZUmygk,【栞 - クリープハイプ】たいこで叩いてみた｜たいこでヒットソング#shorts #栞 #クリープハイプ #たいこでヒットソング,2024-03-18T08:00:12Z,2024-03-18,08:00:12,8,0,0,1152,5,0,19,True,"#たいこでヒットソング,#音ゲー,#リズムゲーム"
m7Mmx5ooyyo,【YELL - いきものがかり】たいこで叩いてみた｜たいこでヒットソング#shorts #YELL #いきものがかり #たいこでヒットソング #卒業ソング #卒業 #卒業おめでとう,2024-03-17T03:00:33Z,2024-03-17,03:00:33,3,6,1,1121,10,0,19,True,"#たいこでヒットソング,#音ゲー,#リズムゲーム"
GMiRAYeM8-E,【旅立ちの日に - たんぽぽ合唱団】たいこで叩いてみた｜たいこでヒットソング#shorts #旅立ちの日に #卒業ソング #卒業 #卒業式 #卒業おめでとう  #たいこでヒットソング,2024-03-16T03:00:08Z,2024-03-16,03:00:08,3,5,1,1750,10,2,19,True,"#たいこでヒットソング,#音ゲー,#リズムゲーム"
bZBQ83KXT_I,【3月9日 - レミオロメン】たいこで叩いてみた｜たいこでヒットソング#shorts #3月9日 #マカロニえんぴつ #たいこでヒットソング,2024-03-15T08:00:30Z,2024-03-15,08:00:30,8,4,0,984,6,0,19,True,"#たいこでヒットソング,#音ゲー,#リズムゲーム"
ddZE5K_j76I,【Good Luck! - SixTONES】たいこで叩いてみた｜たいこでヒットソング#shorts #goodluck  #sixtones  #たいこでヒットソング,2024-03-15T08:00:20Z,2024-03-15,08:00:20,8,4,0,1100,8,0,19,True,"#たいこでヒットソング,#音ゲー,#リズムゲーム"
8l_emD8pLVE,【ヒロイン - back number】たいこで叩いてみた｜たいこでヒットソング#shorts #ヒロイン #backnumber  #たいこでヒットソング,2024-03-13T09:07:03Z,2024-03-13,09:07:03,9,2,0,758,4,0,19,True,"#たいこでヒットソング,#音ゲー,#リズムゲーム"
ICqN_jSWT3o,【ガチやべぇじゃん - P丸様。 feat.ななもり。】たいこで叩いてみた｜たいこでヒットソング#shorts #ガチやべぇじゃん #P丸様 #ななもりくん #たいこでヒットソング,2024-03-12T08:00:07Z,2024-03-12,08:00:07,8,1,0,986,11,0,19,True,"#たいこでヒットソング,#音ゲー,#リズムゲーム"
0fMRHmBPBFs,【おかえりらぶっ！ - すとぷり】たいこで叩いてみた｜たいこでヒットソング#shorts #おかえりらぶっ #すとぷり #たいこでヒットソング,2024-03-11T08:00:00Z,2024-03-11,08:00:00,8,0,0,1098,13,0,19,True,"#たいこでヒットソング,#音ゲー,#リズムゲーム"
Aqn7ECQe7nQ,【魂のルフラン - 高橋洋子】たいこで叩いてみた｜たいこでヒットソング#shorts #魂のルフラン #高橋洋子 #たいこでヒットソング,2024-03-10T03:00:06Z,2024-03-10,03:00:06,3,6,1,1004,13,1,19,True,"#たいこでヒットソング,#音ゲー,#リズムゲーム"
ZK3vw9nY48I,【Start over! - 櫻坂46】たいこで叩いてみた｜たいこでヒットソング#shorts #startover  #櫻坂46 #たいこでヒットソング,2024-03-09T03:00:16Z,2024-03-09,03:00:16,3,5,1,930,6,0,19,True,"#たいこでヒットソング,#音ゲー,#リズムゲーム"
tP7HY62ESSw,【光の中へ - 結束バンド】たいこで叩いてみた｜たいこでヒットソング#shorts #光の中へ #結束バンド #ぼっちざろっく  #たいこでヒットソング,2024-03-08T08:00:35Z,2024-03-08,08:00:35,8,4,0,837,4,0,19,True,"#たいこでヒットソング,#音ゲー,#リズムゲーム"
zUR8g9HVI3s,【愛の花 - あいみょん】たいこで叩いてみた｜たいこでヒットソング#shorts #愛の花 #あいみょん #たいこでヒットソング,2024-03-07T09:49:07Z,2024-03-07,09:49:07,9,3,0,792,5,0,19,True,"#たいこでヒットソング,#音ゲー,#リズムゲーム"
ymdglfC8HUM,【I Wish - なにわ男子】たいこで叩いてみた｜たいこでヒットソング#shorts #iwish  #なにわ男子 #たいこでヒットソング,2024-03-07T08:00:36Z,2024-03-07,08:00:36,8,3,0,504,2,0,18,True,"#たいこでヒットソング,#音ゲー,#リズムゲーム"
KcJMP7ogh1Q,【ただ君に晴れ - ヨルシカ】たいこで叩いてみた｜たいこでヒットソング#shorts #ただ君に晴れ #ヨルシカ #たいこでヒットソング,2024-03-06T08:00:21Z,2024-03-06,08:00:21,8,2,0,693,10,0,19,True,"#たいこでヒットソング,#音ゲー,#リズムゲーム"
bOqHBhLdNW8,【寝起きヤシの木 - ゆこぴ】たいこで叩いてみた｜たいこでヒットソング#shorts #寝起きヤシの木 #ゆこぴ #たいこでヒットソング,2024-03-05T08:00:16Z,2024-03-05,08:00:16,8,1,0,875,14,0,19,True,"#たいこでヒットソング,#音ゲー,#リズムゲーム"
7R7c8gd4yTA,【乙女解剖 - DECO*27】たいこで叩いてみた｜たいこでヒットソング#shorts #乙女解剖 #deco27 #初音ミク #たいこでヒットソング,2024-03-05T08:00:07Z,2024-03-05,08:00:07,8,1,0,587,2,0,19,True,"#たいこでヒットソング,#音ゲー,#リズムゲーム"
rJ5y4aLCfeE,【Melody - 8LOOM】たいこで叩いてみた｜たいこでヒットソング#shorts #melody  #8loom  #たいこでヒットソング,2024-03-04T08:00:33Z,2024-03-04,08:00:33,8,0,0,538,4,0,19,True,"#たいこでヒットソング,#音ゲー,#リズムゲーム"
bZ7gLr91Foo,【晩餐歌 - tuki.】たいこで叩いてみた｜たいこでヒットソング#shorts #晩餐歌 #tuki #たいこでヒットソング,2024-03-04T08:00:16Z,2024-03-04,08:00:16,8,0,0,707,12,0,19,True,"#たいこでヒットソング,#音ゲー,#リズムゲーム"
PZPQ-bfDppM,【逆光 - ウタ(Ado)】たいこで叩いてみた｜たいこでヒットソング#shorts #逆光 #ウタ #ado #vaundy  #たいこでヒットソング,2024-02-23T03:00:25Z,2024-02-23,03:00:25,3,4,0,474,2,0,18,True,"#たいこでヒットソング,#音ゲー,#リズムゲーム"
57uzmWlMGsw,【ネクタリン - マカロニえんぴつ】たいこで叩いてみた｜たいこでヒットソング#shorts #ネクタリン #マカロニえんぴつ #天才てれびくん #たいこでヒットソング,2024-02-22T08:00:03Z,2024-02-22,08:00:03,8,3,0,47509,314,7,18,True,"#たいこでヒットソング,#音ゲー,#リズムゲーム"
mmOtIVDoPwY,【NEW Smile - JO1】たいこで叩いてみた｜たいこでヒットソング#shorts #newsmile  #jo1  #たいこでヒットソング,2024-02-21T08:00:27Z,2024-02-21,08:00:27,8,2,0,565,6,0,18,True,"#たいこでヒットソング,#音ゲー,#リズムゲーム"
Jr2qs0W5EHg,【バイオレンス - 女王蜂】たいこで叩いてみた｜たいこでヒットソング#shorts #バイオレンス #女王蜂 #チェンソーマン #たいこでヒットソング,2024-02-20T08:00:19Z,2024-02-20,08:00:19,8,1,0,757,6,0,18,True,"#たいこでヒットソング,#音ゲー,#リズムゲーム"
4VxBIzGVrHU,【ショコラカタブラ - Ado】たいこで叩いてみた｜たいこでヒットソング#shorts #ショコラカタブラ #ado  #たいこでヒットソング,2024-02-19T09:08:16Z,2024-02-19,09:08:16,9,0,0,1149,5,0,18,True,"#たいこでヒットソング,#音ゲー,#リズムゲーム"
QqvqquXmS_0,【W - Snow Man】たいこで叩いてみた｜たいこでヒットソング#shorts #W #snowman  #たいこでヒットソング,2024-02-19T08:00:12Z,2024-02-19,08:00:12,8,0,0,1709,17,2,18,True,"#たいこでヒットソング,#音ゲー,#リズムゲーム"
bzKyNC-MRF8,【ロマンスの神様 - 広瀬香美】たいこで叩いてみた｜たいこでヒットソング#shorts #ロマンスの神様  #広瀬香美 #たいこでヒットソング,2024-02-18T03:00:21Z,2024-02-18,03:00:21,3,6,1,1423,10,0,18,True,"#たいこでヒットソング,#音ゲー,#リズムゲーム"
sPDNtcXFHMs,【NIGHT DANCER - imase】たいこで叩いてみた｜たいこでヒットソング#shorts #nightdancer  #imase  #たいこでヒットソング,2024-02-17T03:00:34Z,2024-02-17,03:00:34,3,5,1,817,4,0,18,True,"#たいこでヒットソング,#音ゲー,#リズムゲーム"
qsyHDSV1P4Y,【燈 - 崎山 蒼志】たいこで叩いてみた｜たいこでヒットソング#shorts #燈 #崎山蒼志  #呪術廻戦 #たいこでヒットソング,2024-02-16T08:00:27Z,2024-02-16,08:00:27,8,4,0,1588,13,0,18,True,"#たいこでヒットソング,#音ゲー,#リズムゲーム"
cV9Vx7-exaE,【おひとりさま天国 - 乃木坂46】たいこで叩いてみた｜たいこでヒットソング#shorts #おひとりさま天国 #乃木坂46 #たいこでヒットソング,2024-02-15T08:00:18Z,2024-02-15,08:00:18,8,3,0,1559,9,0,18,True,"#たいこでヒットソング,#音ゲー,#リズムゲーム"
41d5o0FoiNE,【青春チョコレート - すとぷり】たいこで叩いてみた｜たいこでヒットソング#shorts #青春チョコレート #すとぷり #バレンタイン #ハッピーバレンタイン #たいこでヒットソング,2024-02-14T08:00:01Z,2024-02-14,08:00:01,8,2,0,3675,31,8,18,True,"#たいこでヒットソング,#音ゲー,#リズムゲーム"
gRaJhuwwI8c,【ビターチョコデコレーション - syudou】たいこで叩いてみた｜たいこでヒットソング#shorts #ビターチョコデコレーション #syudou  #たいこでヒットソング,2024-02-13T08:00:17Z,2024-02-13,08:00:17,8,1,0,620,5,0,18,True,"#たいこでヒットソング,#音ゲー,#リズムゲーム"
_mumnU4fTBM,【ラムのラブソング - 松谷祐子】たいこで叩いてみた｜たいこでヒットソング#shorts #ラムのラブソング #松谷祐子 #たいこでヒットソング,2024-02-12T03:00:16Z,2024-02-12,03:00:16,3,0,0,1284,7,0,18,True,"#たいこでヒットソング,#音ゲー,#リズムゲーム"
svQepnbsw4k,【I Wish - なにわ男子】たいこで叩いてみた｜たいこでヒットソング#shorts #iwish  #なにわ男子 #たいこでヒットソング,2024-02-11T03:00:25Z,2024-02-11,03:00:25,3,6,1,1267,20,0,18,True,"#たいこでヒットソング,#音ゲー,#リズムゲーム"
oKJ0oPzD3HE,【魔法少女とチョコレゐト - ピノキオピー】たいこで叩いてみた｜たいこでヒットソング#shorts #魔法少女とチョコレゐト  #ピノキオピー  #たいこでヒットソング,2024-02-10T03:00:34Z,2024-02-10,03:00:34,3,5,1,1952,11,1,18,True,"#たいこでヒットソング,#音ゲー,#リズムゲーム"
yccPTa_6pvY,【キュン - 日向坂46】たいこで叩いてみた｜たいこでヒットソング#shorts #キュン #日向坂46 #たいこでヒットソング,2024-02-09T08:00:40Z,2024-02-09,08:00:40,8,4,0,611,8,0,18,True,"#たいこでヒットソング,#音ゲー,#リズムゲーム"
JTcsXTj3xFQ,【ソングオブザデッド - KANA-BOON】たいこで叩いてみた｜たいこでヒットソング#shorts #ソングオブザデッド #kanaboon  #たいこでヒットソング,2024-02-08T08:00:19Z,2024-02-08,08:00:19,8,3,0,1007,8,0,18,True,"#たいこでヒットソング,#音ゲー,#リズムゲーム"
mEdu-7sOd5M,【聖者の行進 - キタニタツヤ】たいこで叩いてみた｜たいこでヒットソング#shorts #聖者の行進 #キタニタツヤ #たいこでヒットソング,2024-02-07T08:00:34Z,2024-02-07,08:00:34,8,2,0,557,6,1,18,True,"#たいこでヒットソング,#音ゲー,#リズムゲーム"
CUMdgZ0ZdKs,【スキスキ星人 - すとぷり】たいこで叩いてみた｜たいこでヒットソング#shorts #スキスキ星人 #すとぷり #たいこでヒットソング,2024-02-06T09:50:48Z,2024-02-06,09:50:48,9,1,0,3612,49,2,18,True,"#たいこでヒットソング,#音ゲー,#リズムゲーム"
5nQbsW8rx_8,【Happiness - 嵐】たいこで叩いてみた｜たいこでヒットソング#shorts #happiness  #嵐 #たいこでヒットソング,2024-02-06T08:00:06Z,2024-02-06,08:00:06,8,1,0,1469,13,0,18,True,"#たいこでヒットソング,#音ゲー,#リズムゲーム"
PsdqfMx9aTY,【アスノヨゾラ哨戒班 - Orangestar】たいこで叩いてみた｜たいこでヒットソング#shorts #アスノヨゾラ哨戒班 #orangestar  #たいこでヒットソング,2024-02-05T08:34:45Z,2024-02-05,08:34:45,8,0,0,1577,11,1,18,True,"#たいこでヒットソング,#音ゲー,#リズムゲーム"
vLT43PK1hd4,【ミライチズ - 夜のひと笑い】たいこで叩いてみた｜たいこでヒットソング#shorts #ミライチズ #夜のひと笑い #たいこでヒットソング,2024-02-05T08:32:43Z,2024-02-05,08:32:43,8,0,0,873,7,0,18,True,"#たいこでヒットソング,#音ゲー,#リズムゲーム"
7nLSlfANnjw,【高嶺の花子さん - back number】たいこで叩いてみた｜たいこでヒットソング#こっから #shorts #高嶺の花子さん #backnumber  #たいこでヒットソング,2024-02-05T08:30:50Z,2024-02-05,08:30:50,8,0,0,1271,10,0,18,True,"#たいこでヒットソング,#音ゲー,#リズムゲーム"
6uW1q80fI7M,【シュガーソングとビターステップ - UNISON SQUARE GARDEN】たいこで叩いてみた｜メロディ#shorts #シュガーソングとビターステップ #たいこでヒットソング,2024-02-01T08:00:06Z,2024-02-01,08:00:06,8,3,0,1302,9,0,18,True,"#たいこでヒットソング,#音ゲー,#リズムゲーム"
OdmI-9ziZoQ,【粛聖!!ロリ神レクイエム☆ - しぐれうい】たいこで叩いてみた｜メロディ#shorts #粛聖ロリ神レクイエム #しぐれうい #たいこでヒットソング,2024-02-01T06:00:19Z,2024-02-01,06:00:19,6,3,0,3639,26,1,18,True,"#たいこでヒットソング,#音ゲー,#リズムゲーム"
KWRhsGgLbYI,【ツキヨミ - King & Prince】たいこで叩いてみた｜メロディ#shorts #ツキヨミ #kingandprince  #たいこでヒットソング,2024-02-01T03:00:19Z,2024-02-01,03:00:19,3,3,0,555,1,0,18,True,"#たいこでヒットソング,#音ゲー,#リズムゲーム"
NSN36IAHV1Y,【ドライフラワー - 優里】たいこで叩いてみた｜メロディ#shorts #ドライフラワー #優里 #たいこでヒットソング,2024-01-31T08:00:11Z,2024-01-31,08:00:11,8,2,0,811,1,0,18,True,"#たいこでヒットソング,#音ゲー,#リズムゲーム"
hFvhhcDQjXQ,【男の子のために可愛いだけじゃない！ - 星乃夢奈】たいこで叩いてみた｜メロディ#shorts #男の子のために可愛いだけじゃない #星乃夢奈 #たいこでヒットソング,2024-01-31T06:00:29Z,2024-01-31,06:00:29,6,2,0,811,3,0,18,True,"#たいこでヒットソング,#音ゲー,#リズムゲーム"
0rz6Vq6KkEA,【今 -明日 世界が終わっても- - SEVENTEEN】たいこで叩いてみた｜メロディ#shorts #今明日世界が終わっても #seventeen  #たいこでヒットソング,2024-01-31T03:00:01Z,2024-01-31,03:00:01,3,2,0,814,6,0,18,True,"#たいこでヒットソング,#音ゲー,#リズムゲーム"
x56_4nIeib8,【推し★ごと - HoneyWorks】たいこで叩いてみた｜メロディ#shorts #推しごと #HoneyWorks #かぴ #たいこでヒットソング,2024-01-30T08:00:28Z,2024-01-30,08:00:28,8,1,0,451,0,0,18,True,"#たいこでヒットソング,#音ゲー,#リズムゲーム"
-gQbS9E2tlU,【天ノ弱 - 164】たいこで叩いてみた｜メロディ#shorts #天ノ弱 #164 #gumi  #たいこでヒットソング,2024-01-30T06:00:00Z,2024-01-30,06:00:00,6,1,0,2568,18,0,18,True,"#たいこでヒットソング,#音ゲー,#リズムゲーム"
VLSzVTXKIds,【紅蓮の弓矢 - Linked Horizon】たいこで叩いてみた｜メロディ#shorts #紅蓮の弓矢 #linkedhorizon #進撃の巨人  #たいこでヒットソング,2024-01-30T03:00:27Z,2024-01-30,03:00:27,3,1,0,421,2,0,18,True,"#たいこでヒットソング,#音ゲー,#リズムゲーム"
HxOPX4ncIug,【Pretender - Official髭男dism】たいこで叩いてみた｜メロディ#shorts #pretender  #official髭男dism #たいこでヒットソング,2024-01-29T08:00:09Z,2024-01-29,08:00:09,8,0,0,573,0,0,18,True,"#たいこでヒットソング,#音ゲー,#リズムゲーム"
wIrW4xQ3Oz0,【RUN - Sexy Zone】たいこで叩いてみた｜メロディ#shorts #run  #SexyZone #たいこでヒットソング,2024-01-29T06:00:22Z,2024-01-29,06:00:22,6,0,0,508,4,0,18,True,"#たいこでヒットソング,#音ゲー,#リズムゲーム"
zKnGBHOc_zw,【花になって - 緑黄色社会】たいこで叩いてみた｜メロディ#shorts #花になって  #緑黄色社会 #たいこでヒットソング,2024-01-29T03:00:36Z,2024-01-29,03:00:36,3,0,0,1817,8,0,18,True,"#たいこでヒットソング,#音ゲー,#リズムゲーム"
B1bvPt5SPq0,【ひろがるスカイ!プリキュア~HERO GIRLS~ - 石井あみ】たいこで叩いてみた｜メロディ#shorts #ひろがるスカイプリキュア  #石井あみ #たいこでヒットソング,2024-01-28T08:00:15Z,2024-01-28,08:00:15,8,6,1,1738,9,0,18,True,"#たいこでヒットソング,#音ゲー,#リズムゲーム"
AfujZByYjII,【恋 - 星野源】たいこで叩いてみた｜メロディ#shorts #恋 #星野源 #逃げるは恥だが役に立つ  #たいこでヒットソング,2024-01-28T06:00:04Z,2024-01-28,06:00:04,6,6,1,634,2,0,18,True,"#たいこでヒットソング,#音ゲー,#リズムゲーム"
_UyU-d3Ra50,【シャルル - バルーン】たいこで叩いてみた｜メロディ#shorts #シャルル #バルーン #たいこでヒットソング,2024-01-28T03:00:28Z,2024-01-28,03:00:28,3,6,1,1048,9,0,18,True,"#たいこでヒットソング,#音ゲー,#リズムゲーム"
mie77D2qBsU,【Bling-Bang-Bang-Born -Creepy Nuts】たいこで叩いてみた｜メロディ#shorts #BlingBangBangBorn #creepynuts  #たいこでヒットソング,2024-01-27T08:00:20Z,2024-01-27,08:00:20,8,5,1,1331,14,0,18,True,"#たいこでヒットソング,#音ゲー,#リズムゲーム"
OsAhzJxEifQ,【美少女無罪♡パイレーツ - 宝鐘マリン】たいこで叩いてみた｜メロディ#shorts #美少女無罪パイレーツ #宝鐘マリン #たいこでヒットソング,2024-01-27T06:00:21Z,2024-01-27,06:00:21,6,5,1,379,3,0,18,True,"#たいこでヒットソング,#音ゲー,#リズムゲーム"
l_nZpcGFFc4,【最高到達点 - SEKAI NO OWARI】たいこで叩いてみた｜メロディ#shorts #最高到達点 #sekainoowari  #たいこでヒットソング,2024-01-27T03:00:33Z,2024-01-27,03:00:33,3,5,1,5888,31,1,18,True,"#たいこでヒットソング,#音ゲー,#リズムゲーム"
yo7BUy2tY4I,【ウィークエンダー - Hey!Say!JUMP】たいこで叩いてみた｜メロディ#shorts #ウィークエンダー #heysayjump  #たいこでヒットソング,2024-01-26T13:06:52Z,2024-01-26,13:06:52,13,4,0,1494,10,0,18,True,"#たいこでヒットソング,#音ゲー,#リズムゲーム"
MC5nMvjfZro,【ドキメキダイアリー - asmi feat.Chinozo】たいこで叩いてみた｜メロディ#shorts #ドキメキダイアリー #asmi #chinozo  #たいこでヒットソング,2024-01-26T13:02:38Z,2024-01-26,13:02:38,13,4,0,1316,13,1,18,True,"#たいこでヒットソング,#音ゲー,#リズムゲーム"
w0h1hn7-ulc,【ファジーネーブル - Conton Candy】たいこで叩いてみた｜メロディ#shorts #ファジーネーブル #contoncandy  #たいこでヒットソング #リズムゲーム,2024-01-26T12:59:36Z,2024-01-26,12:59:36,12,4,0,681,5,0,18,True,"#たいこでヒットソング,#音ゲー,#リズムゲーム"
ObzAaVZudjA,【BIRI-BIRI - YOASOBI】たいこで叩いてみた｜たいこでヒットソング#こっから #shorts #biribiri  #yoasobi  #たいこでヒットソング,2024-01-25T09:12:33Z,2024-01-25,09:12:33,9,3,0,978,9,0,18,True,"#たいこでヒットソング,#音ゲー,#リズムゲーム"
gO6gRxzF-rI,【STAR☆T☆RAIN - B小町】たいこで叩いてみた｜メロディ#shorts #startrain  #B小町 #たいこでヒットソング,2024-01-25T08:00:17Z,2024-01-25,08:00:17,8,3,0,951,10,0,18,True,"#たいこでヒットソング,#音ゲー,#リズムゲーム"
xMIfvvuuGHk,【ハピネス - AI】たいこで叩いてみた｜メロディ#shorts #ハピネス #ai  #たいこでヒットソング,2024-01-25T06:00:32Z,2024-01-25,06:00:32,6,3,0,2047,11,0,18,True,"#たいこでヒットソング,#音ゲー,#リズムゲーム"
MUDYs8jQ4vc,【こっから - SixTONES】たいこで叩いてみた｜メロディ#shorts #こっから  #sixtones  #たいこでヒットソング,2024-01-19T08:00:10Z,2024-01-19,08:00:10,8,4,0,703,4,0,18,True,"#たいこでヒットソング,#音ゲー,#リズムゲーム"
D_rsTKkOfpk,【めざせポケモンマスター - リカ】たいこで叩いてみた｜メロディ#shorts #めざせポケモンマスター  #リカ #ポケモン #たいこでヒットソング,2024-01-19T06:00:03Z,2024-01-19,06:00:03,6,4,0,720,5,0,18,True,"#たいこでヒットソング,#音ゲー,#リズムゲーム"
uTRAfAkXuh8,【パプリカ - Foorin】たいこで叩いてみた｜メロディ#shorts #パプリカ #foorin  #たいこでヒットソング,2024-01-18T08:00:36Z,2024-01-18,08:00:36,8,3,0,1882,15,0,18,True,"#たいこでヒットソング,#音ゲー,#リズムゲーム"
Gxob3bvP0Qw,【SPECIALZ - King Gnu】たいこで叩いてみた｜メロディ#shorts #specialz  #kinggnu  #たいこでヒットソング,2024-01-18T06:00:06Z,2024-01-18,06:00:06,6,3,0,756,3,0,18,True,"#たいこでヒットソング,#音ゲー,#リズムゲーム"
D1ycmYy2yH0,【第ゼロ感 - 10-FEET】たいこで叩いてみた｜メロディ#shorts #第ゼロ感 #10feet #スラムダンク #slamdunk #たいこでヒットソング,2024-01-10T08:00:07Z,2024-01-10,08:00:07,8,2,0,3132,26,0,18,True,"#たいこでヒットソング,#音ゲー,#リズムゲーム"
g3DlyzVpQiU,【DANZEN!ふたりはプリキュア - 五條真由美】たいこで叩いてみた｜メロディ#shorts #DANZENふたりはプリキュア #ふたりはプリキュア #五條真由美 #たいこでヒットソング,2024-01-10T06:00:17Z,2024-01-10,06:00:17,6,2,0,1484,9,0,18,True,"#たいこでヒットソング,#音ゲー,#リズムゲーム"
xKatAcdcSdQ,【大好きになればいいんじゃない？ - すとぷり】たいこで叩いてみた｜メロディ#shorts #大好きになればいいんじゃない #すとぷり #たいこでヒットソング,2024-01-09T08:00:26Z,2024-01-09,08:00:26,8,1,0,1585,22,0,18,True,"#たいこでヒットソング,#音ゲー,#リズムゲーム"
q6YBRXAmmeY,【CITRUS - Da-iCE】たいこで叩いてみた｜メロディ#shorts #citrus  #daice  #たいこでヒットソング,2024-01-09T05:53:42Z,2024-01-09,05:53:42,5,1,0,1112,7,0,18,True,"#たいこでヒットソング,#音ゲー,#リズムゲーム"
Q5v4vzQQq_c,【千本桜 激ムズ】たいこで叩いてみた｜メロディ#shorts #千本桜 #ボカロ #たいこでヒットソング,2024-01-04T08:49:58Z,2024-01-04,08:49:58,8,3,0,1606,16,4,99,False,"#たいこでヒットソング,#音ゲー,#リズムゲーム"
Wg8pet3QAH8,【勇者 - YOASOBI】たいこで叩いてみた｜#shorts #勇者 #yoasobi #葬送のフリーレン #たいこでヒットソング,2024-01-04T08:00:12Z,2024-01-04,08:00:12,8,3,0,2871,25,3,18,True,"#たいこでヒットソング,#音ゲー,#リズムゲーム"
n8SCbvJcEpk,【にんげんっていいな - 中島 義実】たいこで叩いてみた｜メロディ#shorts #にんげんっていいな #中島義実 #たいこでヒットソング,2024-01-04T03:00:31Z,2024-01-04,03:00:31,3,3,0,3211,25,0,18,True,"#たいこでヒットソング,#音ゲー,#リズムゲーム"
N236gQAQnsQ,【シンデレラガール - King & Prince】たいこで叩いてみた｜メロディ#shorts #シンデレラガール #kingandprince Prince #たいこでヒットソング,2024-01-03T08:00:15Z,2024-01-03,08:00:15,8,2,0,590,7,0,18,True,"#たいこでヒットソング,#音ゲー,#リズムゲーム"
KCfpJO7DOGE,【残酷な天使のテーゼ - 高橋洋子】たいこで叩いてみた｜メロディ#shorts #残酷な天使のテーゼ #高橋洋子 #たいこでヒットソング,2024-01-03T03:00:08Z,2024-01-03,03:00:08,3,2,0,2920,25,4,18,True,"#たいこでヒットソング,#音ゲー,#リズムゲーム"
jJQ7qJJ5xeQ,【となりのトトロ - 井上あずみ】たいこで叩いてみた｜メロディ#shorts #となりのトトロ #井上あずみ #たいこでヒットソング,2024-01-02T08:00:21Z,2024-01-02,08:00:21,8,1,0,1720,11,0,18,True,"#たいこでヒットソング,#音ゲー,#リズムゲーム"
Y4koqXUbou0,【勇気100% - 光GENJI】たいこで叩いてみた｜メロディ#shorts #勇気100% #光GENJI #たいこでヒットソング,2024-01-02T03:00:26Z,2024-01-02,03:00:26,3,1,0,1814,16,0,18,True,"#たいこでヒットソング,#音ゲー,#リズムゲーム"
IvetwpmRGt4,【青のすみか - キタニタツヤ】たいこで叩いてみた｜メロディ#shorts #青のすみか #キタニタツヤ #たいこでヒットソング,2024-01-01T08:00:07Z,2024-01-01,08:00:07,8,0,0,1226,7,0,18,True,"#たいこでヒットソング,#音ゲー,#リズムゲーム"
Kqxdsp50O0w,【白日 - King Gnu】たいこで叩いてみた｜メロディ#shorts #白日 #KingGnu #たいこでヒットソング,2024-01-01T03:00:11Z,2024-01-01,03:00:11,3,0,0,659,2,0,18,True,"#たいこでヒットソング,#音ゲー,#リズムゲーム"
UZG--cT9JuU,【LADY - 米津玄師】たいこで叩いてみた｜メロディ#shorts #lady  #米津玄師 #たいこでヒットソング,2023-12-31T08:00:11Z,2023-12-31,08:00:11,8,6,1,751,4,0,18,True,"#たいこでヒットソング,#音ゲー,#リズムゲーム"
SYUtcrK5Q7M,【唱 - Ado】たいこで叩いてみた｜メロディ#shorts #唱 #ado  #たいこでヒットソング,2023-12-31T03:00:23Z,2023-12-31,03:00:23,3,6,1,3439,30,2,18,True,"#たいこでヒットソング,#音ゲー,#リズムゲーム"
_ZrVfG8kMro,【新宝島 - サカナクション】たいこで叩いてみた｜メロディ#shorts #新宝島 #サカナクション #たいこでヒットソング,2023-12-31T03:00:15Z,2023-12-31,03:00:15,3,6,1,804,4,0,18,True,"#たいこでヒットソング,#音ゲー,#リズムゲーム"
erq7vCtqNs4,【人マニア - 原口沙輔】たいこで叩いてみた｜メロディ#shorts #人マニア #原口沙輔 #たいこでヒットソング,2023-12-30T08:00:30Z,2023-12-30,08:00:30,8,5,1,4508,35,4,18,True,"#たいこでヒットソング,#音ゲー,#リズムゲーム"
Mr9qh9CGbgI,【サチアレ - なにわ男子】たいこで叩いてみた｜メロディ#shorts #サチアレ #なにわ男子 #たいこでヒットソング,2023-12-30T03:00:16Z,2023-12-30,03:00:16,3,5,1,2166,15,0,18,True,"#たいこでヒットソング,#音ゲー,#リズムゲーム"
Ea1xWWJHPQc,【風になる - つじあやの】たいこで叩いてみた｜メロディ#shorts #風になる  #つじあやの #たいこでヒットソング,2023-12-29T08:00:05Z,2023-12-29,08:00:05,8,4,0,626,6,0,18,True,"#たいこでヒットソング,#音ゲー,#リズムゲーム"
FCCLOUhdJkQ,【世界に一つだけの花 - SMAP】たいこで叩いてみた｜メロディ#shorts #世界に一つだけの花 #smap  #たいこでヒットソング,2023-12-29T03:00:07Z,2023-12-29,03:00:07,3,4,0,661,3,0,18,True,"#たいこでヒットソング,#音ゲー,#リズムゲーム"
k2LxEdr_49Y,【僕らまた - SG】たいこで叩いてみた｜メロディ#shorts #僕らまた #sg  #たいこでヒットソング,2023-12-28T08:00:18Z,2023-12-28,08:00:18,8,3,0,3148,22,0,18,True,"#たいこでヒットソング,#音ゲー,#リズムゲーム"
w5Yosd4NbsE,【Starting Over - sumika】たいこで叩いてみた｜メロディ#shorts #startingover  #sumika  #たいこでヒットソング,2023-12-28T03:00:32Z,2023-12-28,03:00:32,3,3,0,488,4,0,18,True,"#たいこでヒットソング,#音ゲー,#リズムゲーム"
QYX_qnRu5lM,【グラデーション - SUPER BEAVER】たいこで叩いてみた｜メロディ#shorts #グラデーション #SUPERBEAVER #たいこでヒットソング,2023-12-27T08:00:12Z,2023-12-27,08:00:12,8,2,0,382,2,0,18,True,"#たいこでヒットソング,#音ゲー,#リズムゲーム"
29BulRx3Wng,【わたしの一番かわいいところ - FRUITS ZIPPER】たいこで叩いてみた｜メロディ#shorts #わたしの一番かわいいところ #FRUITSZIPPER #たいこでヒットソング,2023-12-27T04:46:40Z,2023-12-27,04:46:40,4,2,0,1472,9,0,18,True,"#たいこでヒットソング,#音ゲー,#リズムゲーム"
QQ5ZQrqswk0,【さよならエレジー - 菅田将暉】たいこで叩いてみた｜メロディ#shorts #さよならエレジー #菅田将暉 #たいこでヒットソング,2023-12-26T09:23:15Z,2023-12-26,09:23:15,9,1,0,848,7,0,18,True,"#たいこでヒットソング,#音ゲー,#リズムゲーム"
57S2srXr2og,【青春コンプレックス - 結束バンド】たいこで叩いてみた｜メロディ#shorts #青春コンプレックス #結束バンド #たいこでヒットソング,2023-12-26T09:22:11Z,2023-12-26,09:22:11,9,1,0,1257,10,0,18,True,"#たいこでヒットソング,#音ゲー,#リズムゲーム"
2vdBU0jzgN8,【小さな恋のうた - MONGOL800】たいこで叩いてみた｜メロディ#shorts #小さな恋のうた #mongol800  #たいこでヒットソング,2023-12-26T07:46:11Z,2023-12-26,07:46:11,7,1,0,2513,19,1,18,True,"#たいこでヒットソング,#音ゲー,#リズムゲーム"
8o9wZFg_g0U,【アイワナムチュー - MAISONdes】たいこで叩いてみた｜メロディ#shorts #アイワナムチュー #maisondes  #たいこでヒットソング,2023-12-25T06:00:03Z,2023-12-25,06:00:03,6,0,0,891,5,0,18,True,"#たいこでヒットソング,#音ゲー,#リズムゲーム"
guaBDnd4A68,【ヘビーローテーション - AKB48】たいこで叩いてみた｜メロディ#shorts #ヘビーローテーション #akb48  #たいこでヒットソング,2023-12-25T03:00:26Z,2023-12-25,03:00:26,3,0,0,2436,12,1,18,True,"#たいこでヒットソング,#音ゲー,#リズムゲーム"
yVF12zRf8CM,【粉雪 - レミオロメン】たいこで叩いてみた｜メロディ#shorts #粉雪 #レミオロメン #たいこでヒットソング,2023-12-25T01:14:04Z,2023-12-25,01:14:04,1,0,0,2298,13,0,18,True,"#たいこでヒットソング,#音ゲー,#リズムゲーム"
SvGAPYPxgqs,【スノーマジックファンタジー - SEKAI NO OWARI】たいこで叩いてみた｜メロディ#shorts #スノーマジックファンタジー #sekainoowari  #たいこでヒットソング,2023-12-25T01:10:18Z,2023-12-25,01:10:18,1,0,0,658,2,0,18,True,"#たいこでヒットソング,#音ゲー,#リズムゲーム"
_RTL22nbsrQ,【ホワイトキス - 鈴木鈴木】たいこで叩いてみた｜メロディ#shorts #ホワイトキス #鈴木鈴木 #たいこでヒットソング,2023-12-25T01:09:18Z,2023-12-25,01:09:18,1,0,0,702,5,0,18,True,"#たいこでヒットソング,#音ゲー,#リズムゲーム"
lPuTIpnaBmk,【silent - SEKAI NO OWARI】たいこで叩いてみた｜メロディ#shorts #silent  #sekainoowari  #たいこでヒットソング,2023-12-25T01:08:23Z,2023-12-25,01:08:23,1,0,0,894,5,0,18,True,"#たいこでヒットソング,#音ゲー,#リズムゲーム"
4xSPno7THjw,【クリスマスソング - back number】たいこで叩いてみた｜メロディ#shorts #クリスマスソング #backnumber #たいこでヒットソング,2023-12-25T01:07:23Z,2023-12-25,01:07:23,1,0,0,946,7,0,18,True,"#たいこでヒットソング,#音ゲー,#リズムゲーム"
QemepqvQ7UM,【サインはB - B小町】たいこで叩いてみた｜メロディ#shorts #サインはb  #B小町 #たいこでヒットソング,2023-12-22T08:00:11Z,2023-12-22,08:00:11,8,4,0,2573,14,0,18,True,"#たいこでヒットソング,#音ゲー,#リズムゲーム"
qQwuzVqhad4,【死ぬな！ - こっちのけんと】たいこで叩いてみた｜メロディ#shorts #死ぬな #こっちのけんと #たいこでヒットソング,2023-12-22T06:00:19Z,2023-12-22,06:00:19,6,4,0,2830,17,0,18,True,"#たいこでヒットソング,#音ゲー,#リズムゲーム"
FKd2XhfmGL4,【やさしさに包まれたなら - 荒井由実】たいこで叩いてみた｜メロディ#shorts #やさしさに包まれたなら #荒井由実 #たいこでヒットソング,2023-12-22T03:00:11Z,2023-12-22,03:00:11,3,4,0,335,1,0,18,True,"#たいこでヒットソング,#音ゲー,#リズムゲーム"
71TKyrKhyn8,【Stardom - King Gnu】たいこで叩いてみた｜メロディ#shorts #stardom  #kinggnu  #たいこでヒットソング,2023-12-21T09:00:04Z,2023-12-21,09:00:04,9,3,0,794,5,0,18,True,"#たいこでヒットソング,#音ゲー,#リズムゲーム"
imgqAPuKOCQ,【Mela! - 緑黄色社会】たいこで叩いてみた｜メロディ#shorts #mela  #緑黄色社会 #たいこでヒットソング,2023-12-21T06:00:16Z,2023-12-21,06:00:16,6,3,0,1423,12,0,18,True,"#たいこでヒットソング,#音ゲー,#リズムゲーム"
C2BSYPqelQQ,【スターマイン - Da-iCE】たいこで叩いてみた｜メロディ#shorts #スターマイン #daice  #たいこでヒットソング,2023-12-21T03:00:05Z,2023-12-21,03:00:05,3,3,0,2970,15,3,18,True,"#たいこでヒットソング,#音ゲー,#リズムゲーム"
Ov7fnSBHAbU,【絆ノ奇跡 - MAN WITH A MISSION × milet】たいこで叩いてみた｜メロディ#shorts #MANWITHAMISSION #milet  #たいこでヒットソング,2023-12-20T09:00:26Z,2023-12-20,09:00:26,9,2,0,859,7,0,18,True,"#たいこでヒットソング,#音ゲー,#リズムゲーム"
gNv4DM2pheg,【負けないで - ZARD】たいこで叩いてみた｜メロディ#shorts #負けないで 負けないで #ZARD #たいこでヒットソング,2023-12-20T06:00:17Z,2023-12-20,06:00:17,6,2,0,1304,13,1,18,True,"#たいこでヒットソング,#音ゲー,#リズムゲーム"
v3DjR1TdngM,【888月 ~夏にも程がある~ - リサイタルズ】たいこで叩いてみた｜メロディ#shorts #888月 #リサイタルズ #たいこでヒットソング,2023-12-20T03:00:32Z,2023-12-20,03:00:32,3,2,0,1001,10,0,18,True,"#たいこでヒットソング,#音ゲー,#リズムゲーム"
mpgKbpcEiwA,【Love so sweet - アーティスト名】たいこで叩いてみた｜メロディ#shorts #lovesosweet  #嵐 #たいこでヒットソング,2023-12-19T09:00:36Z,2023-12-19,09:00:36,9,1,0,487,4,0,18,True,"#たいこでヒットソング,#音ゲー,#リズムゲーム"
n78j_RmGS3U,【一途 - King Gnu】たいこで叩いてみた｜メロディ#shorts #一途 #KingGnu #たいこでヒットソング,2023-12-19T07:34:56Z,2023-12-19,07:34:56,7,1,0,881,3,0,18,True,"#たいこでヒットソング,#音ゲー,#リズムゲーム"
QUXL2uDOFsk,【ミックスナッツ - Official髭男dism】たいこで叩いてみた｜メロディ#shorts #ミックスナッツ #Official髭男dism #たいこでヒットソング,2023-12-19T07:32:54Z,2023-12-19,07:32:54,7,1,0,859,5,0,18,True,"#たいこでヒットソング,#音ゲー,#リズムゲーム"
m0kFYgKu2OU,【ひまわりの約束 - 秦基博】たいこで弾いてみた｜メロディ#shorts #ひまわりの約束 #秦基博 #たいこでヒットソング,2023-12-16T09:00:35Z,2023-12-16,09:00:35,9,5,1,376,1,0,18,True,"#たいこでヒットソング,#音ゲー,#リズムゲーム"
yNqWq2mapXc,【RPG - SEKAI NO OWARI】たいこで弾いてみた｜メロディ#shorts #リンジュー・ラヴ #マカロニえんぴつ #たいこでヒットソング,2023-12-16T06:00:20Z,2023-12-16,06:00:20,6,5,1,544,9,0,18,True,"#たいこでヒットソング,#音ゲー,#リズムゲーム"
Z_7mnw8zDjc,【メフィスト - 女王蜂】たいこで弾いてみた｜メロディ#shorts #メフィスト #女王蜂 #たいこでヒットソング,2023-12-16T03:00:25Z,2023-12-16,03:00:25,3,5,1,827,4,0,18,True,"#たいこでヒットソング,#音ゲー,#リズムゲーム"
YjeZwjy-YVw,【Baby you - 有華】たいこで弾いてみた｜メロディ#shorts #babyyou  #有華 #たいこでヒットソング,2023-12-15T09:45:08Z,2023-12-15,09:45:08,9,4,0,752,9,0,18,True,"#たいこでヒットソング,#音ゲー,#リズムゲーム"
cOK2QfKaoyo,【Overdose - なとり】たいこで弾いてみた｜メロディ#shorts #overdose  #なとり #たいこでヒットソング,2023-12-15T09:43:44Z,2023-12-15,09:43:44,9,4,0,788,3,0,18,True,"#たいこでヒットソング,#音ゲー,#リズムゲーム"
C1dwPVU7_jU,【天体観測 - BUMP OF CHICKEN】たいこで弾いてみた｜メロディ#shorts #天体観測 #bumpofchicken  #たいこでヒットソング,2023-12-15T09:42:08Z,2023-12-15,09:42:08,9,4,0,634,3,0,18,True,"#たいこでヒットソング,#音ゲー,#リズムゲーム"
-k9-CrF1k3s,【怪獣の花唄 - Vaundy】たいこで弾いてみた｜メロディ#shorts #怪獣の花唄 #vaundy  #たいこでヒットソング,2023-12-14T06:49:24Z,2023-12-14,06:49:24,6,3,0,2149,14,0,16,True,"#たいこでヒットソング,#音ゲー,#リズムゲーム"
296IykP2aCE,【キセキ - GReeeeN】たいこで弾いてみた｜メロディ#shorts #キセキ #greeeen  #たいこでヒットソング,2023-12-14T06:00:01Z,2023-12-14,06:00:01,6,3,0,3971,21,0,16,True,"#たいこでヒットソング,#音ゲー,#リズムゲーム"
IhWetkwUYsM,【らぶびーむ！！ - たかやん】たいこで弾いてみた｜メロディ#shorts #らぶびーむ  #たかやん #たいこでヒットソング,2023-12-14T03:00:07Z,2023-12-14,03:00:07,3,3,0,1672,8,0,16,True,"#たいこでヒットソング,#音ゲー,#リズムゲーム"
RBk5sypmA2Q,【インフェルノ - Mrs. GREEN APPLE】たいこで弾いてみた｜メロディ#shorts #インフェルノ #mrsgreenapple  #たいこでヒットソング,2023-12-13T09:00:16Z,2023-12-13,09:00:16,9,2,0,1009,2,0,16,True,"#たいこでヒットソング,#音ゲー,#リズムゲーム"
IT9jcGy1t3A,【ファンサ - HoneyWorks】たいこで弾いてみた｜メロディ#shorts #ファンサ #honeyworks  #たいこでヒットソング,2023-12-13T06:00:06Z,2023-12-13,06:00:06,6,2,0,3942,10,0,16,True,"#たいこでヒットソング,#音ゲー,#リズムゲーム"
iRPjEEZxIuU,【ツバメ - YOASOBI】たいこで弾いてみた｜メロディ#shorts #ツバメ #yoasobi  #たいこでヒットソング,2023-12-13T03:00:16Z,2023-12-13,03:00:16,3,2,0,2535,19,1,16,True,"#たいこでヒットソング,#音ゲー,#リズムゲーム"
wVElwPjHbi8,【シル・ヴ・プレジデント - P丸様。】たいこで弾いてみた｜メロディ#shorts #シルヴプレジデント #P丸様 #たいこでヒットソング,2023-12-12T09:00:40Z,2023-12-12,09:00:40,9,1,0,2252,29,0,16,True,"#たいこでヒットソング,#音ゲー,#リズムゲーム"
k0VtAKP1QKY,【炎 - LiSA】たいこで弾いてみた｜メロディ#shorts #炎 #lisa #鬼滅の刃 #たいこでヒットソング,2023-12-12T06:00:15Z,2023-12-12,06:00:15,6,1,0,2415,16,0,16,True,"#たいこでヒットソング,#音ゲー,#リズムゲーム"
EyVyOgOq1ss,【生きる - 水野あつ】たいこで弾いてみた｜メロディ#shorts #生きる #水野あつ #たいこでヒットソング,2023-12-12T03:00:12Z,2023-12-12,03:00:12,3,1,0,4708,26,5,16,True,"#たいこでヒットソング,#音ゲー,#リズムゲーム"
MpRSsP_YtR4,【踊 - Ado】たいこで弾いてみた｜メロディ#shorts #踊 #ado  #たいこでヒットソング,2023-12-11T09:00:14Z,2023-12-11,09:00:14,9,0,0,2641,17,0,16,True,"#たいこでヒットソング,#音ゲー,#リズムゲーム"
wf_0028MnWo,【いばら - Ado】たいこで弾いてみた｜メロディ#shorts #いばら #ado  #たいこでヒットソング,2023-12-11T06:00:19Z,2023-12-11,06:00:19,6,0,0,2922,19,0,16,True,"#たいこでヒットソング,#音ゲー,#リズムゲーム"
9vMHYGSWKsM,【1・2・3 - After the Rain 】たいこで弾いてみた｜メロディ#shorts #123  #After the Rain #そらる #まふまふ #たいこでヒットソング,2023-12-11T05:33:39Z,2023-12-11,05:33:39,5,0,0,3236,28,1,16,True,"#たいこでヒットソング,#音ゲー,#リズムゲーム"
SUrWN53h8FA,【初心LOVE - なにわ男子】たいこで弾いてみた｜メロディ#shorts #初心LOVE #なにわ男子 #たいこでヒットソング,2023-12-07T09:00:30Z,2023-12-07,09:00:30,9,3,0,2448,19,2,16,True,"#たいこでヒットソング,#音ゲー,#リズムゲーム"
cgwqWpjq5vg,【SOUVENIR - BUMP OF CHICKEN】たいこで叩いてみた#shorts #souvenir  #bumpofchicken #spyxfamily #たいこでヒットソング,2023-12-07T06:00:17Z,2023-12-07,06:00:17,6,3,0,2606,21,1,16,True,"#たいこでヒットソング,#音ゲー,#リズムゲーム"
4MKAoppUD-c,【崖の上のポニョ - 藤岡藤巻と大橋のぞみ】たいこで弾いてみた｜メロディ#shorts #崖の上のポニョ #藤岡藤巻と大橋のぞみ #たいこでヒットソング,2023-12-07T03:00:03Z,2023-12-07,03:00:03,3,3,0,853,10,0,16,True,"#たいこでヒットソング,#音ゲー,#リズムゲーム"
nZ_6-kaml1U,【強風オールバック - ゆこぴ】たいこで弾いてみた｜メロディ#shorts #強風オールバック #ゆこぴ  #たいこでヒットソング,2023-12-06T09:00:42Z,2023-12-06,09:00:42,9,2,0,5040,27,2,16,True,"#たいこでヒットソング,#音ゲー,#リズムゲーム"
fmjVyhJFih4,【ビリミリオン - 優里】たいこで弾いてみた｜メロディ#shorts #ビリミリオン #優里 #たいこでヒットソング,2023-12-06T06:00:30Z,2023-12-06,06:00:30,6,2,0,3480,27,1,16,True,"#たいこでヒットソング,#音ゲー,#リズムゲーム"
Zyi8ygIBJdE,【ただ声一つ - ロクデナシ】たいこで弾いてみた｜メロディ#shorts #ただ声一つ  #ロクデナシ #たいこでヒットソング,2023-12-06T03:00:18Z,2023-12-06,03:00:18,3,2,0,1631,17,0,16,True,"#たいこでヒットソング,#音ゲー,#リズムゲーム"
9HMZvLL1_6U,【チグハグ - THE SUPER FRUIT】たいこで弾いてみた｜メロディ#shorts #チグハグ #thesuperfruit  #たいこでヒットソング,2023-12-05T09:00:08Z,2023-12-05,09:00:08,9,1,0,1986,14,1,16,True,"#たいこでヒットソング,#音ゲー,#リズムゲーム"
1yZFd8nlIb0,【美しい鰭 - スピッツ】たいこで弾いてみた｜メロディ#shorts #美しい鰭 #スピッツ #たいこでヒットソング,2023-12-05T06:00:02Z,2023-12-05,06:00:02,6,1,0,840,6,0,16,True,"#たいこでヒットソング,#音ゲー,#リズムゲーム"
Y8J7vweftkw,【タペストリー - Snow Man】たいこで弾いてみた｜メロディ#shorts #タペストリー #snowman  #たいこでヒットソング,2023-12-05T03:00:24Z,2023-12-05,03:00:24,3,1,0,2134,23,2,16,True,"#たいこでヒットソング,#音ゲー,#リズムゲーム"
tPNrXcIY_l4,【アンパンマンのマーチ - ドリーミング】たいこで弾いてみた｜メロディ#shorts #アンパンマンのマーチ #ドリーミング #それいけアンパンマン #たいこでヒットソング,2023-12-04T09:00:47Z,2023-12-04,09:00:47,9,0,0,5028,41,0,16,True,"#たいこでヒットソング,#音ゲー,#リズムゲーム"
QvN0xh2LKbk,【夢をかなえてドラえもん - mao】たいこで弾いてみた｜メロディ#shorts #夢をかなえてドラえもん  #mao #ドラえもん  #たいこでヒットソング,2023-12-04T06:57:55Z,2023-12-04,06:57:55,6,0,0,5203,28,0,16,True,"#たいこでヒットソング,#音ゲー,#リズムゲーム"
jyxRJWOI4-Q,【ドラえもん - 星野源】たいこで弾いてみた｜メロディ#shorts #ドラえもん  #星野源 #たいこでヒットソング,2023-12-04T06:56:31Z,2023-12-04,06:56:31,6,0,0,4280,24,0,16,True,"#たいこでヒットソング,#音ゲー,#リズムゲーム"
Z2stSg_ogHU,【夜に駆ける - YOASOBI】たいこで弾いてみた｜メロディ#shorts #夜に駆ける #yoasobi  #たいこでヒットソング,2023-11-29T09:00:32Z,2023-11-29,09:00:32,9,2,0,2043,13,0,16,True,"#たいこでヒットソング,#音ゲー,#リズムゲーム"
ptYRm3NkvuI,【新時代 - ウタ(Ado)】たいこで弾いてみた｜メロディ#shorts #新時代 #ウタ #ado  #たいこでヒットソング,2023-11-29T06:00:21Z,2023-11-29,06:00:21,6,2,0,3597,19,0,16,True,"#たいこでヒットソング,#音ゲー,#リズムゲーム"
YkvKTsyMslY,【Subtitle - Official髭男dism】たいこで弾いてみた｜メロディ#shorts #subtitle  #Official髭男dism #たいこでヒットソング,2023-11-29T03:00:25Z,2023-11-29,03:00:25,3,2,0,975,7,0,16,True,"#たいこでヒットソング,#音ゲー,#リズムゲーム"
1U6UQ93b3V0,【紅蓮華 - LiSA】たいこで弾いてみた｜メロディ#shorts #紅蓮華 #lisa #鬼滅の刃 #たいこでヒットソング,2023-11-28T09:00:01Z,2023-11-28,09:00:01,9,1,0,3200,27,2,16,True,"#たいこでヒットソング,#音ゲー,#リズムゲーム"
NdxqVSTYn7M,【マーシャル・マキシマイザー - 柊マグネタイト】たいこで弾いてみた｜メロディ#shorts #マーシャルマキシマイザー #柊マグネタイト #たいこでヒットソング,2023-11-28T06:00:15Z,2023-11-28,06:00:15,6,1,0,2890,11,3,16,True,"#たいこでヒットソング,#音ゲー,#リズムゲーム"
d64rgbs_HpY,【おどるポンポコリン - ちびまる子ちゃん】たいこで弾いてみた｜メロディ#shorts #おどるポンポコリン #ちびまる子ちゃん #たいこでヒットソング,2023-11-28T03:00:19Z,2023-11-28,03:00:19,3,1,0,1784,10,0,16,True,"#たいこでヒットソング,#音ゲー,#リズムゲーム"
bhQNPK_0N_E,【テレキャスタービーボーイ - すりぃ】たいこで弾いてみた｜メロディ#shorts #テレキャスタービーボーイ #すりぃ #たいこでヒットソング,2023-11-27T09:00:22Z,2023-11-27,09:00:22,9,0,0,1311,6,0,16,True,"#たいこでヒットソング,#音ゲー,#リズムゲーム"
FIV08jq2lFc,【ヴァンパイア - DECO*27】たいこで弾いてみた｜メロディ#shorts #ヴァンパイア #deco27  #たいこでヒットソング,2023-11-27T06:00:07Z,2023-11-27,06:00:07,6,0,0,4021,25,1,16,True,"#たいこでヒットソング,#音ゲー,#リズムゲーム"
OUorqUgQfMc,【青と夏 - Mrs. GREEN APPLE】たいこで弾いてみた｜メロディ#shorts #青と夏 #mrsgreenapple  #たいこでヒットソング,2023-11-27T03:00:09Z,2023-11-27,03:00:09,3,0,0,4852,27,0,16,True,"#たいこでヒットソング,#音ゲー,#リズムゲーム"
R_SIbdQTXtA,【KING - Kanaria】たいこで弾いてみた｜メロディ#shorts #king  #kanaria  #たいこでヒットソング,2023-11-26T09:00:18Z,2023-11-26,09:00:18,9,6,1,5059,33,0,16,True,"#たいこでヒットソング,#音ゲー,#リズムゲーム"
68r88DeCDbA,【ビートdeトーヒ - ハマいく】たいこで弾いてみた｜メロディ#shorts #ビートdeトーヒ #ハマいく #たいこでヒットソング,2023-11-26T06:00:04Z,2023-11-26,06:00:04,6,6,1,4955,30,1,16,True,"#たいこでヒットソング,#音ゲー,#リズムゲーム"
kIGCMaTX6AQ,【ウィーアー！ - きただにひろし】たいこで弾いてみた｜メロディ#shorts #ウィーアー  #きただにひろし #たいこでヒットソング,2023-11-26T01:00:29Z,2023-11-26,01:00:29,1,6,1,5658,46,1,16,True,"#たいこでヒットソング,#音ゲー,#リズムゲーム"
66LOoNp87Lk,【可愛くてごめん - HoneyWorks】たいこで弾いてみた｜メロディ#shorts #可愛くてごめん #honeyworks  #たいこでヒットソング,2023-11-25T09:00:08Z,2023-11-25,09:00:08,9,5,1,4379,38,0,16,True,"#たいこでヒットソング,#音ゲー,#リズムゲーム"
mdnO1Ykn4ho,【マリーゴールド - あいみょん】たいこで弾いてみた｜メロディ#shorts #マリーゴールド #あいみょん #たいこでヒットソング,2023-11-25T06:00:18Z,2023-11-25,06:00:18,6,5,1,3142,22,3,16,True,"#たいこでヒットソング,#音ゲー,#リズムゲーム"
SPYspKwrQ_c,【私は最強 - ウタ(Ado)】たいこで弾いてみた｜メロディ#shorts #私は最強 #ウタ #ado #たいこでヒットソング,2023-11-25T03:00:25Z,2023-11-25,03:00:25,3,5,1,4901,38,0,16,True,"#たいこでヒットソング,#音ゲー,#リズムゲーム"
lGuAJwgnmAQ,【オトナブルー - 新しい学校のリーダーズ】たいこで弾いてみた｜メロディ#shorts #オトナブルー #新しい学校のリーダーズ #たいこでヒットソング,2023-11-24T09:00:37Z,2023-11-24,09:00:37,9,4,0,3419,33,4,16,True,"#たいこでヒットソング,#音ゲー,#リズムゲーム"
zjCEG29WeH4,【怪物 - YOASOBI】たいこで弾いてみた｜メロディ#shorts #怪物 #yoasobi  #たいこでヒットソング,2023-11-24T06:00:25Z,2023-11-24,06:00:25,6,4,0,3885,34,1,16,True,"#たいこでヒットソング,#音ゲー,#リズムゲーム"
n29fvpGNraA,【少女レイ - みきとP】たいこで弾いてみた｜メロディ#shorts #少女レイ #みきとp  #たいこでヒットソング,2023-11-24T04:21:23Z,2023-11-24,04:21:23,4,4,0,626,5,0,16,True,"#たいこでヒットソング,#音ゲー,#リズムゲーム"
XE38eO-nZjE,【KICK BACK - 米津玄師】ピアノで弾いてみた｜メロディ#shorts #kickback  #米津玄師 #たいこでヒットソング,2023-11-23T09:00:22Z,2023-11-23,09:00:22,9,3,0,1630,15,0,16,True,"#たいこでヒットソング,#音ゲー,#リズムゲーム"
5du3Brn1iVI,【打上花火 - DAOKO × 米津玄師】ピアノで弾いてみた｜メロディ#shorts #打上花火 #DAOKO #米津玄師  #たいこでヒットソング,2023-11-23T06:00:01Z,2023-11-23,06:00:01,6,3,0,1339,7,0,16,True,"#たいこでヒットソング,#音ゲー,#リズムゲーム"
wQR8-ndAS18,【なにもの - King & Prince】ピアノで弾いてみた｜メロディ#shorts #なにもの #kingandprince  #たいこでヒットソング,2023-11-23T03:00:29Z,2023-11-23,03:00:29,3,3,0,3126,17,2,16,True,"#たいこでヒットソング,#音ゲー,#リズムゲーム"
x-9N7xhs4v4,【アイドル - YOASOBI】ピアノで弾いてみた｜メロディ#shorts #アイドル #yoasobi  #たいこでヒットソング,2023-11-21T09:00:44Z,2023-11-21,09:00:44,9,1,0,2808,25,0,16,True,"#たいこでヒットソング,#音ゲー,#リズムゲーム"
eh0FfkYERZs,【ダーリン - 須田景凪】ピアノで弾いてみた｜メロディ#shorts #ダーリン #須田景凪 #たいこでヒットソング,2023-11-21T06:00:23Z,2023-11-21,06:00:23,6,1,0,3729,34,2,16,True,"#たいこでヒットソング,#音ゲー,#リズムゲーム"
uUGPrQ2yYBg,【群青 - YOASOBI】ピアノで弾いてみた｜メロディ#shorts #群青 #yoasobi  #たいこでヒットソング,2023-11-21T03:00:23Z,2023-11-21,03:00:23,3,1,0,3581,20,3,16,True,"#たいこでヒットソング,#音ゲー,#リズムゲーム"
VnZqgIAVd-k,【まぶた - Vaundy】ピアノで弾いてみた｜メロディ#shorts #まぶた #vaundy  #たいこでヒットソング,2023-11-18T09:00:31Z,2023-11-18,09:00:31,9,5,1,362,2,0,16,True,"#たいこでヒットソング,#音ゲー,#リズムゲーム"
FJbkAnQCBLo,【愛を伝えたいだとか - あいみょん】ピアノで弾いてみた｜メロディ#shorts #愛を伝えたいだとか #あいみょん #たいこでヒットソング,2023-11-18T06:00:06Z,2023-11-18,06:00:06,6,5,1,990,4,0,16,True,"#たいこでヒットソング,#音ゲー,#リズムゲーム"
zVqfHcSQfWI,【本当はね、 - ヤングスキニー】ピアノで弾いてみた｜メロディ#shorts #本当はね  #ヤングスキニー #たいこでヒットソング,2023-11-18T03:00:35Z,2023-11-18,03:00:35,3,5,1,526,4,0,16,True,"#たいこでヒットソング,#音ゲー,#リズムゲーム"
jidKT-DRnUg,【ブルーベリー・ナイツ - マカロニえんぴつ】ピアノで弾いてみた｜メロディ#shorts #ブルーベリーナイツ #マカロニえんぴつ #たいこでヒットソング,2023-11-17T09:00:28Z,2023-11-17,09:00:28,9,4,0,574,4,0,16,True,"#たいこでヒットソング,#音ゲー,#リズムゲーム"
bCp88Q76Ihc,【ワタリドリ - [Alexandros]】ピアノで弾いてみた｜メロディ#shorts #ワタリドリ #alexandros  #たいこでヒットソング,2023-11-17T06:00:18Z,2023-11-17,06:00:18,6,4,0,3552,22,1,16,True,"#たいこでヒットソング,#音ゲー,#リズムゲーム"
xUhe1eST3YM,【ケセラセラ - Mrs. GREEN APPLE】ピアノで弾いてみた｜メロディ#shorts #ケセラセラ #mrsgreenapple  #たいこでヒットソング,2023-11-17T03:00:28Z,2023-11-17,03:00:28,3,4,0,2237,11,0,16,True,"#たいこでヒットソング,#音ゲー,#リズムゲーム"
2HIAlA1uq5o,【リンジュー・ラヴ - マカロニえんぴつ】ピアノで弾いてみた｜メロディ#shorts #リンジュー・ラヴ #マカロニえんぴつ #たいこでヒットソング,2023-11-15T03:00:01Z,2023-11-15,03:00:01,3,2,0,786,1,1,16,True,"#たいこでヒットソング,#音ゲー,#リズムゲーム"
