id,song_name,artist_name,video_id,video_title,view_count,like_count,comment_count,support_rate,engagement_rate,published_at,release_date,tags,difficulty,release_status
10015301,マシュマロ,DECO*27,ZIzEnTdR368,DECO*27 - マシュマロ feat. 初音ミク,6129138,243305,9780,3.97,4.13,2025-10-08T10:00:07Z,2025/11/22,"[""ボカロ""]",かんたん：0むずかしい：0げきむず：0,開発中
10014438,WATCH ME!,YOASOBI,evtoG-4dLM4,YOASOBI「Watch me!」Official Music Video,16037815,219210,5510,1.37,1.4,2025-05-18T08:30:07Z,2025/09/09,"[""ポップス"", ""アニメ""]",かんたん：0むずかしい：0げきむず：0,開発中
10014900,らしさ,Official髭男dism,keOnleW2eak,Official髭男dism - らしさ [Official Video],7930351,76296,5128,0.96,1.03,2025-08-30T13:00:06Z,2025/10/14,"[""ポップス""]",かんたん：0むずかしい：0げきむず：0,開発中
10015198,SO BAD,King Gnu,d4st4aEjQ28,King Gnu - SO BAD,12157168,73490,3521,0.6,0.63,2025-10-09T12:00:07Z,2025/12/06,"[""ポップス""]",かんたん：1むずかしい：6げきむず：0,リリース
10011156,アドベンチャー,YOASOBI,Av3xaZkVpJs,YOASOBI「アドベンチャー」Official Music Video,35477093,253803,4792,0.72,0.73,2023-03-11T01:00:11Z,2024/05/03,"[""ポップス""]",かんたん：2むずかしい：6げきむず：0,リリース
10015067,太陽が昇らない世界,Aimer,DJOf0XtVpkI,Aimer「太陽が昇らない世界」Music Video（『劇場版「鬼滅の刃」無限城編 』第一章 猗窩座再来』 主題歌）,14742124,127802,4692,0.87,0.9,2025-07-24T10:45:07Z,2025/10/12,"[""アニメ""]",かんたん：0むずかしい：0げきむず：0,開発中
10014406,残酷な夜に輝け,LiSA,ysdtX8kRTuQ,LiSA『残酷な夜に輝け』MUSiC CLiP,16001570,180162,8282,1.13,1.18,2025-07-24T10:50:07Z,2025/09/21,"[""ポップス"", ""アニメ""]",かんたん：0むずかしい：0げきむず：0,開発中
10015132,はちゃめちゃわちゃライフ！,FRUITS ZIPPER,FiTRogMY0Tc,【MV】FRUITS ZIPPER「はちゃめちゃわちゃライフ！」,22370264,87685,13568,0.39,0.45,2025-10-15T11:00:34Z,2025/12/13,"[""アニメ""]",かんたん：2むずかしい：7げきむず：0,リリース
10014801,チェリーポップ feat. 初音ミク,DECO*27,BI9Ue6JwJic,DECO*27 - チェリーポップ feat. 初音ミク,14771210,277529,7372,1.88,1.93,2025-07-25T10:00:18Z,2025/11/29,"[""ボカロ""]",かんたん：2むずかしい：7げきむず：0,リリース
10011039,弱虫モンブラン,DECO*27,euRzG6zmEb8,DECO*27 - 弱虫モンブラン (Reloaded) feat. 初音ミク,4304903,138611,4870,3.22,3.33,2025-04-15T10:01:07Z,2025/12/30,"[""ボカロ""]",かんたん：2むずかしい：5げきむず：0,リリース
10014870,織姫とBABY feat. 汐れいら,ねぐせ。,RyviHjvLIao,ねぐせ。「織姫とBABY feat. 汐れいら」Official Music Video,16047148,118556,1944,0.74,0.75,2025-06-22T11:00:06Z,2025/11/22,"[""ポップス""]",かんたん：1むずかしい：6げきむず：0,リリース
10014934,GOOD DAY,Mrs. GREEN APPLE,TLJqi0IjMwo,Mrs. GREEN APPLE「GOOD DAY」Official Music Video,12642003,148854,17517,1.18,1.32,2025-10-02T12:00:07Z,2025/12/25,"[""ポップス""]",かんたん：1むずかしい：6げきむず：0,リリース
10015032,ラブソングに襲われる,=LOVE,_cf4UTe1qrY,＝LOVE（イコールラブ）/ 19th Single『ラブソングに襲われる』【MV full】,13097980,129552,12292,0.99,1.08,2025-09-06T09:58:08Z,2025/10/25,[],かんたん：0むずかしい：0げきむず：0,開発中
10014935,いますぐ輪廻,なきそ,3iUgKH8c7p4,いますぐ輪廻 / 初音ミク,38359771,671527,21105,1.75,1.81,2025-08-01T10:00:08Z,2025/10/13,"[""ボカロ""]",かんたん：0むずかしい：0げきむず：0,開発中
10011765,絶対アイドル辞めないで,=LOVE,17NBPoc78oM,＝LOVE（イコールラブ）/ 17th Single『絶対アイドル辞めないで』【MV full】,20450082,125279,14096,0.61,0.68,2024-06-22T11:30:08Z,2024/07/19,"[""ポップス""]",かんたん：3むずかしい：6げきむず：0,リリース
10013745,とくべチュ、して,=LOVE,F3P8vcZkIh4,＝LOVE（イコールラブ）/ 18th Single『とくべチュ、して』【MV full】,28303882,152095,24020,0.54,0.62,2025-02-02T13:00:07Z,2025/06/14,"[""ポップス""]",かんたん：2むずかしい：5げきむず：0,リリース
10015197,Moonchaser,STARGLOW,FTXk6epFQdM,STARGLOW / Moonchaser -Music Video-,4691461,108673,13517,2.32,2.6,2025-09-22T11:00:06Z,2025/12/07,"[""ポップス""]",かんたん：0むずかしい：0げきむず：0,開発中
10014077,恋風,幾田 りら,bWlknrhWjVw,幾田りら「恋風」 Official Music Video,14449255,99211,1797,0.69,0.7,2025-06-09T13:00:28Z,2025/11/02,"[""ポップス""]",かんたん：2むずかしい：6げきむず：0,リリース
10013515,超主人公,ピノキオピー,thmR2SmkeDU,ピノキオピー - 超主人公 feat. 初音ミク / Super Superhero,7631435,138079,4450,1.81,1.87,2025-02-14T10:01:10Z,2025/11/01,"[""ボカロ""]",かんたん：3むずかしい：6げきむず：0,リリース
10014571,アシンメトリー,なにわ男子,5YI0KW4k6U8,なにわ男子 - アシンメトリー [Official Music Video YouTube ver.],3834752,54509,28081,1.42,2.15,2025-08-11T12:00:07Z,2025/10/25,"[""ポップス""]",かんたん：1むずかしい：6げきむず：0,リリース
10014736,プロポーズ,なとり,VDdLF1YubI0,natori - Propose,46051207,484010,6105,1.05,1.06,2025-06-06T11:00:26Z,2025/10/18,"[""ポップス""]",かんたん：2むずかしい：6げきむず：0,リリース
10014669,超特急逃走中,=LOVE,d20dEAtbL08,＝LOVE（イコールラブ）/ 18th Single c/w『超特急逃走中』【MV full】,8518590,66486,3118,0.78,0.82,2025-02-27T12:00:51Z,2025/10/12,"[""ポップス""]",かんたん：2むずかしい：6げきむず：0,リリース
10014242,Bring it on,ROF-MAO,8xZREULMjVM,ROF-MAO - Bring it on,24612823,0,6222,0.0,0.03,2024-07-24T13:00:07Z,2025/10/11,"[""ポップス""]",かんたん：3むずかしい：7げきむず：0,リリース
10014537,Blue Jeans,HANA,r_AOa3yVz8A,HANA / Blue Jeans -Music Video-,30932564,384258,28481,1.24,1.33,2025-07-14T12:00:06Z,2025/10/04,"[""ポップス""]",かんたん：1むずかしい：5げきむず：0,リリース
10014409,キミとルララ,キュアアイドル(CV：松岡美里)&キュアウインク(CV：髙橋ミナミ)&キュアキュンキュン(CV：高森奈津美)&キュアズキューン(CV：南條愛乃)&キュアキッス(CV：花井美春）,9w39VDmFivg,「キミとアイドルプリキュア♪」キュアズキューン＆キュアキッス ステージシーン,1522072,20412,0,1.34,1.34,2025-06-01T00:00:09Z,2025/09/27,"[""アニメ"", ""キッズ""]",かんたん：1むずかしい：5げきむず：0,リリース
10014411,ノンフィクションズ,Da-iCE,6Moq0q8R5Vw,Da-iCE /「ノンフィクションズ」Music Video,4365770,35284,2497,0.81,0.87,2025-08-04T09:00:08Z,2025/09/20,"[""ポップス""]",かんたん：2むずかしい：6げきむず：0,リリース
10014240,夢中,BE:FIRST,TpuNjlGbs6o,BE:FIRST / 夢中 -Recording Video- (フジテレビ木曜劇場『波うららかに、めおと日和』主題歌),18334619,119963,16158,0.65,0.74,2025-05-01T14:00:41Z,2025/09/13,"[""ポップス""]",かんたん：2むずかしい：5げきむず：0,リリース
10011142,Ｗ,Snow Man,_QnW6gWUDUU,Snow Man「W」Music Video YouTube Ver.,44592566,0,21875,0.0,0.05,2023-03-01T12:00:11Z,2024/02/19,"[""ポップス""]",かんたん：3むずかしい：6げきむず：0,リリース
10013712,愛♡スクリ～ム!,AiScReam,8Yy7Jzle338,AiScReam『愛♡スクリ～ム！』Music Video,4207430,152949,6421,3.64,3.79,2025-08-31T10:00:06Z,2025/05/17,"[""ポップス""]",かんたん：1むずかしい：5げきむず：0,リリース
10014244,STAR to STPR,STPR Creators,AJeElzV6Bbo,【MV】STAR to STPR ／ STPR Creators,3553886,62386,12971,1.76,2.12,2025-03-31T07:50:06Z,2025/08/30,"[""ポップス""]",かんたん：1むずかしい：7げきむず：0,リリース
10014505,WINNER！ゴジュウジャー！,Wienners,VaPUPgH1-zM,Wienners - WINNER！ゴジュウジャー！＜『ナンバーワン戦隊ゴジュウジャー』オープニング・テーマ＞ [Official Audio],2596252,11929,515,0.46,0.48,2025-03-19T14:41:45Z,2025/08/31,"[""キッズ""]",かんたん：2むずかしい：6げきむず：0,リリース
10014075,どきどきキュン！で大暴走♡,いずれ菖蒲か杜若,9P3kxfons2E,【MV】どきどきキュン!で大暴走♡ / いずれ菖蒲か杜若,9049886,116132,1999,1.28,1.31,2024-12-24T12:00:06Z,2025/08/23,"[""ポップス""]",かんたん：3むずかしい：7げきむず：0,リリース
10014405,こたえあわせ,てれび戦士,IlQb3TyDTaQ,Kotaeawase,821449,10536,0,1.28,1.28,2025-05-13T10:03:26Z,2025/08/24,"[""キッズ""]",かんたん：2むずかしい：5げきむず：0,リリース
10014372,StaRt,Mrs. GREEN APPLE,OTUtF7ZxRN8,Mrs. GREEN APPLE - StaRt,90008565,554980,20476,0.62,0.64,2015-07-07T15:00:00Z,2025/09/06,"[""ポップス""]",かんたん：2むずかしい：6げきむず：0,リリース
10014410,Carrying Happiness,Mrs. GREEN APPLE,YFk3oSwbXOY,Carrying Happiness,13185217,96776,2692,0.73,0.75,2025-07-18T15:01:06Z,2025/08/10,"[""ポップス""]",かんたん：2むずかしい：6げきむず：0,リリース
10014374,T氏の話を信じるな,ピノキオピー,Jtm6ikBIl0g,ピノキオピー - T氏の話を信じるな feat. 初音ミク・重音テト / Don’t Believe in T,17265072,251819,9282,1.46,1.51,2025-06-27T10:00:40Z,2025/08/17,"[""ボカロ""]",かんたん：3むずかしい：6げきむず：9,リリース
10014373,ギラギラサマー,なにわ男子,LJOfZ-7FumQ,なにわ男子 - ギラギラサマー [Official Music Video],6331430,80123,16994,1.27,1.53,2025-06-01T13:00:07Z,2025/08/16,"[""ポップス""]",かんたん：3むずかしい：6げきむず：0,リリース
10013714,ダイダイダイダイダイキライ,雨良 Amala,klIxS5o65C4,ダイダイダイダイダイキライ - 初音ミク VS 重音テト  (Daidaidaidaidaikirai - HatsuneMiku VS KasaneTeto),42333381,506018,10373,1.2,1.22,2025-03-15T10:00:06Z,2025/07/05,"[""ボカロ""]",かんたん：1むずかしい：6げきむず：8,リリース
10014273,ハッピーラッキーチャッピー,ano,s7FgdaGOw9s,ano「ハッピーラッキーチャッピー 」× アニメ『タコピーの原罪』Collaboration Music Video,9491852,139832,3492,1.47,1.51,2025-07-19T09:00:06Z,2025/08/09,"[""アニメ""]",かんたん：2むずかしい：5げきむず：0,リリース
20010016,ブラザービート,Snow Man,LZW4zUmE0qY,Snow Man「ブラザービート」Music Video,117665245,0,86115,0.0,0.07,2022-03-02T12:00:30Z,2023/12/29,"[""ポップス""]",かんたん：3むずかしい：6げきむず：8,リリース
10013812,コドモオトナヒーロー,原宿ヒーローズ,rTOraeetj9w,【MV】コドモオトナヒーロー/しなこ・竹ぱら・リアピ(原宿ヒーローズ),14067665,41792,3541,0.3,0.32,2025-04-04T09:00:07Z,2025/08/02,"[""ポップス""]",かんたん：2むずかしい：6げきむず：0,リリース
10014142,明日の私に幸あれ,ナナヲアカリ,Z2icQoPrX9M,明日の私に幸あれ / ナナヲアカリ,18840749,237549,4949,1.26,1.29,2025-01-24T12:00:07Z,2025/07/26,"[""アニメ""]",かんたん：1むずかしい：5げきむず：0,リリース
10014141,超最強,超ときめき♡宣伝部,Yeahpo-0Ub4,超ときめき♡宣伝部 /「超最強」Music Video,12939932,96806,5623,0.75,0.79,2025-06-20T12:00:19Z,2025/07/19,"[""ポップス""]",かんたん：1むずかしい：6げきむず：0,リリース
10014174,お返事まだカナ？おじさん構文！,吉本おじさん,8E8aWeY-pAc,お返事まだカナ💦❓おじさん構文😁❗️ / 雨衣,34146955,432932,13436,1.27,1.31,2025-05-31T09:00:24Z,2025/07/12,"[""ポップス""]",かんたん：3むずかしい：7げきむず：0,リリース
10014010,breakfast,Mrs. GREEN APPLE,-zsYJTSw_V0,Mrs. GREEN APPLE「breakfast」Official Music Video,34180505,254435,14617,0.74,0.79,2025-06-04T12:00:07Z,2025/06/28,"[""ポップス""]",かんたん：1むずかしい：5げきむず：0,リリース
10013844,テレパシ feat. 初音ミク,DECO*27,c56TpxfO9q0,DECO*27 - テレパシ feat. 初音ミク,40199953,512148,10928,1.27,1.3,2025-02-21T10:00:46Z,2025/06/21,"[""ボカロ""]",かんたん：2むずかしい：6げきむず：8,リリース
10013554,虹,AMPTAKxCOLORS,rpkjjVNUO4Y,【MV】虹／AMPTAKxCOLORS【アンプタック】,1347503,42610,2838,3.16,3.37,2024-08-04T15:08:22Z,2025/06/07,"[""ポップス""]",かんたん：1むずかしい：5げきむず：0,リリース
10013681,おくすり,『ユイカ』,-qSqMSsJ4AE,おくすり / 『ユイカ』【MV】,2959010,37964,1453,1.28,1.33,2025-02-05T12:00:07Z,2025/05/31,"[""ポップス""]",かんたん：1むずかしい：5げきむず：0,リリース
10013582,Trio Dreams,キュアアイドル(CV：松岡美里)＆キュアウインク(CV：髙橋ミナミ)＆キュアキュンキュン(CV：高森奈津美),9PXNMf7LJKE,「キミとアイドルプリキュア♪」エンディング主題歌「Trio Dreams」(ノンテロップver),3533058,23975,0,0.68,0.68,2025-02-23T00:00:06Z,2025/05/24,"[""アニメ"", ""キッズ""]",かんたん：2むずかしい：6げきむず：0,リリース
10013680,クスシキ,Mrs. GREEN APPLE,RCaTLn4qoz4,Mrs. GREEN APPLE「クスシキ」Official Music Video,69980100,435865,28711,0.62,0.66,2025-04-05T12:00:07Z,2025/05/03,"[""ポップス""]",かんたん：1むずかしい：6げきむず：0,リリース
10013484,BOUQUET,MISAMO,lD-GY7WiTd4,Bouquet,3861971,41673,0,1.08,1.08,2023-01-24T15:02:48Z,2025/02/21,"[""ポップス""]",かんたん：2むずかしい：0げきむず：0,開発中
10013679,Doki it,なにわ男子,Oh7Sin6hTpc,なにわ男子 – Doki it [Official Music Video],5516126,69662,17909,1.26,1.59,2025-02-02T10:28:07Z,2025/05/10,"[""ポップス""]",かんたん：2むずかしい：6げきむず：0,リリース
10013316,ビターバカンス,Mrs. GREEN APPLE,-6YeAmmRdoA,Mrs. GREEN APPLE「ビターバカンス」Official Music Video,49841772,286789,12516,0.58,0.6,2024-11-29T12:00:07Z,2025/02/11,"[""ポップス""]",かんたん：2むずかしい：6げきむず：0,リリース
10013547,倍倍FIGHT！,CANDY TUNE,9HKbo1FstOE,【MV】CANDY TUNE「倍倍FIGHT!」,31467363,196358,11015,0.62,0.66,2025-03-08T12:00:07Z,2025/04/26,"[""ポップス""]",かんたん：2むずかしい：6げきむず：0,リリース
10013581,キミとアイドルプリキュア♪ Light Up!,石井あみ・熊田茜音・吉武千颯,a2OEqn586AU,キミとアイドルプリキュア♪ Light Up！,969257,5457,0,0.56,0.56,2025-04-25T10:02:43Z,2025/04/19,"[""アニメ"", ""キッズ""]",かんたん：2むずかしい：5げきむず：0,リリース
10013516,僕らしさ,『ユイカ』,cXaU8gAbCRY,僕らしさ / 『ユイカ』【MV】,1698079,28884,648,1.7,1.74,2024-10-09T12:00:06Z,2025/04/12,"[""アニメ""]",かんたん：1むずかしい：6げきむず：0,リリース
10011798,キス・ミー・パティシエ,CANDY TUNE,M8HGJfeq364,【MV】CANDY TUNE『キス・ミー・パティシエ』,14313681,100445,4071,0.7,0.73,2024-08-07T13:00:07Z,2024/08/25,"[""ポップス""]",かんたん：2むずかしい：6げきむず：0,リリース
10013450,Sad Song,ちゃんみな,LoyA7GvfOwA,Sad Song,9777615,64457,319,0.66,0.66,2025-01-10T10:38:12Z,2025/04/05,"[""ポップス""]",かんたん：2むずかしい：5げきむず：0,リリース
10013548,イイじゃん,M!LK,GW-XMhRQDFI,M!LK - イイじゃん(Official Music Video),24617756,160768,21428,0.65,0.74,2025-03-04T12:00:06Z,2025/04/04,"[""ポップス""]",かんたん：1むずかしい：5げきむず：0,リリース
10013549,かがみ,FRUITS ZIPPER,IU3AvcU4mjs,【MV】FRUITS ZIPPER「かがみ」,15017883,120119,7338,0.8,0.85,2025-01-31T11:00:06Z,2025/04/03,"[""ポップス""]",かんたん：1むずかしい：6げきむず：0,リリース
20010221,インドア系ならトラックメイカー,Yunomi,114yuwqcQhM,インドア系ならトラックメイカー,14002238,155788,1092,1.11,1.12,2018-10-07T15:21:16Z,2025/04/01,"[""ポップス""]",かんたん：3むずかしい：6げきむず：0,リリース
20010036,POKÉDANCE,ななひら,Wkrs11bLvpo,【公式】Pokémon Day記念！歴代のパートナーのポケモンたちが踊り出す “POKÉDANCE” アニメーションMV,66073400,0,0,0.0,0.0,2024-02-27T05:30:11Z,2024/05/18,"[""アニメ"", ""キッズ""]",かんたん：2むずかしい：6げきむず：0,開発中
10013481,ダンスロボットダンス,ナユタン星人,g7dvpD_zlIM,ナユタン星人 - ダンスロボットダンス (ft.初音ミク) OFFICIAL MUSIC VIDEO,11691071,130792,2528,1.12,1.14,2020-02-09T09:00:10Z,2025/03/31,"[""ボカロ""]",かんたん：2むずかしい：6げきむず：0,リリース
10010524,アイネクライネ,米津玄師,-EKxzId_Sj4,"米津玄師  - アイネクライネ , Kenshi Yonezu - Eine Kleine",367475063,1350246,62766,0.37,0.38,2014-03-31T15:00:19Z,2025/04/02,"[""ポップス""]",かんたん：2むずかしい：6げきむず：0,リリース
20010026,GOAT,Number_i,dcGu-yn06c4,Number_i - GOAT (Official Music Video),113284446,385904,434176,0.34,0.72,2023-12-31T14:58:09Z,2025/03/28,"[""ポップス""]",かんたん：2むずかしい：6げきむず：8,リリース
10010936,ブリキノダンス,日向電工,6EuR6FuOXXw,【日向電工】「ブリキノダンス」MV,1373274,26305,425,1.92,1.95,2023-12-06T01:10:54Z,2025/04/06,"[""ボカロ""]",かんたん：2むずかしい：6げきむず：9,リリース
10013483,NG,ちゃんみな,SCNlEuz9-eg,ちゃんみな - NG (Official Music Video)  -,23771850,353567,5341,1.49,1.51,2024-08-27T11:00:27Z,2025/03/30,"[""ポップス""]",かんたん：2むずかしい：6げきむず：0,リリース
20010189,長く短い祭,椎名 林檎,3LVAmMxICoA,椎名林檎 - 長く短い祭,94090419,534102,13499,0.57,0.58,2015-08-05T01:00:00Z,2025/03/26,"[""ポップス""]",かんたん：1むずかしい：5げきむず：0,リリース
10013352,雨トキメキ恋模様,いろはにほへっと あやふぶみ,td0eO78wxSI,【MV】雨トキメキ恋模様 / いろはにほへっと あやふぶみ,2246798,52071,1724,2.32,2.39,2025-01-10T11:00:06Z,2025/03/29,"[""アニメ""]",かんたん：3むずかしい：6げきむず：0,リリース
10013283,イルミネーション,B’z,tFc6y7Dk66E,B&#39;z / イルミネーション,3945222,43701,2864,1.11,1.18,2024-11-17T03:00:06Z,2025/03/27,"[""ポップス""]",かんたん：1むずかしい：5げきむず：0,リリース
10013518,気まぐれロマンティック,いきものがかり,5XCSt_0lwOE,いきものがかり 『気まぐれロマンティック』Music Video,26670032,214855,7174,0.81,0.83,2020-08-21T03:00:01Z,2025/03/25,"[""ポップス""]",かんたん：2むずかしい：5げきむず：0,リリース
10013482,ラストノート,Omoinotake,s5nnCiI78FI,Omoinotake | ラストノート 【Official Music Video】,1796434,9361,271,0.52,0.54,2024-11-30T12:00:06Z,2025/03/24,"[""ポップス""]",かんたん：2むずかしい：6げきむず：0,リリース
10010488,LOSER,米津玄師,Dx_fKPBPYUI,"米津玄師 - LOSER , Kenshi Yonezu",357462048,1414671,67174,0.4,0.41,2016-09-15T09:59:06Z,2024/08/31,"[""ポップス""]",かんたん：3むずかしい：6げきむず：8,リリース
10013288,えびぞりターン!,フォーエイト48,lhjSMaV18Is,【MV】フォーエイト48 – えびぞりターン！（Official Music Video）,641627,9174,474,1.43,1.5,2024-10-08T10:00:06Z,2025/03/21,"[""アニメ""]",かんたん：2むずかしい：7げきむず：0,リリース
10013353,PEACE,STPR Creators,N5doTwG9ovA,【MV】PEACE ／ STPR Creators,7131614,108736,9397,1.52,1.66,2023-08-31T12:30:26Z,2025/03/20,"[""ポップス""]",かんたん：2むずかしい：6げきむず：0,リリース
10013451,アポリア,ヨルシカ,fhTFysCtF6g,ヨルシカ - アポリア（OFFICIAL VIDEO）,16421986,146227,3107,0.89,0.91,2024-10-08T09:00:41Z,2025/03/18,"[""アニメ""]",かんたん：3むずかしい：6げきむず：0,リリース
10013250,プレゼント,マルシィ,2JEM71-lBc4,マルシィ – プレゼント（Official Music Video）,4639714,27677,605,0.6,0.61,2024-09-25T12:00:22Z,2025/03/17,"[""ポップス""]",かんたん：1むずかしい：6げきむず：0,リリース
10013287,こっち向いてほい,asmi,JYgWfE10Pt0,こっち向いてほい - asmi (Official Music Video),614675,10852,175,1.77,1.79,2024-11-26T13:00:07Z,2025/03/14,"[""ポップス""]",かんたん：2むずかしい：6げきむず：0,リリース
10013448,PLAZMA,米津 玄師,fp3F6TqBsAU,米津玄師  Kenshi Yonezu - Plazma,35381118,278391,11889,0.79,0.82,2025-01-21T11:00:15Z,2025/03/13,"[""アニメ""]",かんたん：2むずかしい：6げきむず：0,リリース
10013417,DOWN TOWN SWING,AMPTAKxCOLORS,hjtYICw0PFA,【MV】DOWN TOWN SWING ／AMPTAKxCOLORS【アンプタック】,3007612,34854,3320,1.16,1.27,2024-06-23T14:44:11Z,2025/03/11,"[""ポップス""]",かんたん：3むずかしい：6げきむず：0,リリース
10013418,走れSAKAMOTO,Vaundy,jbgG5tzgP9k,走れSAKAMOTO / Vaundy：MUSIC VIDEO,7509314,44507,794,0.59,0.6,2025-02-16T11:00:06Z,2025/03/10,"[""アニメ""]",かんたん：2むずかしい：5げきむず：0,リリース
10010963,私以外私じゃないの,ゲスの極み乙女。,Ae6gQmhaMn4,ゲスの極み乙女「私以外私じゃないの」,110823642,428841,30376,0.39,0.41,2015-04-08T02:59:05Z,2023/01/27,"[""ポップス""]",かんたん：0むずかしい：0げきむず：0,開発中
10013382,のだ,大漠波新,vY8iwpN3GXQ,のだ / ずんだもん・初音ミク・重音テト,27894289,321361,12158,1.15,1.2,2023-11-06T09:00:11Z,2025/03/09,"[""ボカロ""]",かんたん：3むずかしい：6げきむず：9,リリース
10013290,桜日和とタイムマシン with 初音ミク,Ado,Vrr2gFTYMGQ,【LIVE映像】桜日和とタイムマシン with 初音ミク 国立競技場 2024.4.28【Ado】,3757440,99839,2412,2.66,2.72,2024-10-25T11:00:06Z,2025/03/23,"[""ポップス""]",かんたん：2むずかしい：6げきむず：0,リリース
10013350,Lie ライ Lie ライ,MYERA,TUY3F-59ctw,MYERA “Lie ライ Lie ライ” Official MusicVideo,3220835,0,2237,0.0,0.07,2024-12-31T15:00:06Z,2025/01/24,"[""ポップス""]",かんたん：2むずかしい：6げきむず：0,リリース
10013349,百花繚乱,幾田りら,3Fz17pPuI4k,幾田りら「百花繚乱」 Official Music Video,11557574,144850,1963,1.25,1.27,2025-03-07T13:00:07Z,2025/03/15,"[""アニメ""]",かんたん：2むずかしい：5げきむず：0,リリース
10013285,AlwayS,NiziU,m5p0jftyKXI,NiziU - AlwayS with Motoki Ohmori (from Mrs. GREEN APPLE) / THE FIRST TAKE,14176013,212178,13253,1.5,1.59,2025-01-22T13:00:07Z,2025/03/19,"[""ポップス""]",かんたん：1むずかしい：5げきむず：0,リリース
10013188,うわーーー！！！！！！,AMPTAKxCOLORS,XXXvtvj0MfQ,【MV】うわーーー！！！！！！／AMPTAKxCOLORS【アンプタック】,2584139,40019,3095,1.55,1.67,2024-10-06T14:54:06Z,2025/03/16,"[""ポップス""]",かんたん：4むずかしい：6げきむず：0,リリース
10012662,GO!GO!細胞フェスタ,赤血球(CV:花澤香菜)・白血球(CV:前野智昭) 他,spGg6e2GUR4,GO!GO!細胞フェスタ,334337,2046,0,0.61,0.61,2021-07-09T15:09:56Z,2025/03/12,"[""アニメ""]",かんたん：2むずかしい：6げきむず：0,リリース
10013220,ピッカーン!,Giga & TeddyLoid meets 松田莉奈&森田ひかる,eANBF5s-ebY,「ピッカーン！」Giga &amp; TeddyLoid meets 松田里奈 &amp; 森田ひかる (櫻坂46)【テレビアニメ「ポケットモンスター」エンディングテーマ】,4220214,73123,1438,1.73,1.77,2024-11-08T10:30:06Z,2025/03/08,"[""アニメ""]",かんたん：1むずかしい：5げきむず：0,リリース
10013055,モニタリング,DECO*27,kbNdx0yqbZE,DECO*27 - モニタリング feat. 初音ミク,98997333,1116260,18572,1.13,1.15,2024-11-22T10:00:08Z,2025/01/05,"[""ボカロ""]",かんたん：3むずかしい：6げきむず：8,リリース
10013219,馬鹿の一つ覚え,緑黄色社会,oowSgjv49vk,緑黄色社会『馬鹿の一つ覚え』Official Video / Ryokuoushoku Shakai – Bakano Hitotsuoboe,3736373,25100,426,0.67,0.68,2024-11-15T11:01:12Z,2025/03/05,"[""ポップス""]",かんたん：2むずかしい：6げきむず：0,リリース
10013284,ひたむきシンデレラ！,CUTIE STREET,AtDErGSpfYQ,【MV】CUTIE STREET「ひたむきシンデレラ！」,21586452,175271,12111,0.81,0.87,2025-01-11T11:00:06Z,2025/03/02,"[""ポップス""]",かんたん：1むずかしい：5げきむず：0,リリース
10013187,へんしん！,莉犬,1XZ_t2xtWMk,【MV】へんしん!／莉犬【村井の恋OP】,2536000,56429,6421,2.23,2.48,2024-10-26T07:00:06Z,2025/03/01,"[""アニメ""]",かんたん：2むずかしい：6げきむず：0,リリース
10013286,TAIDADA,ずっと真夜中でいいのに。,IeyCdm9WwXM,ずっと真夜中でいいのに。『TAIDADA』MV (ZUTOMAYO - TAIDADA)【ダンダダン MAD】,44642618,270990,3239,0.61,0.61,2024-12-05T12:00:06Z,2025/02/26,"[""アニメ""]",かんたん：2むずかしい：7げきむず：0,リリース
10013289,BOW AND ARROW,米津 玄師,M-Eyhjkepy0,米津玄師 Kenshi Yonezu - BOW AND ARROW,31680023,469194,26621,1.48,1.57,2025-03-05T11:00:07Z,2025/02/24,"[""アニメ""]",かんたん：2むずかしい：6げきむず：0,リリース
10013218,マシュマロパンチ,しなこ FEAT. 午前0時のプリンセス,sd4LIb8pm8s,【MV】 マシュマロパンチ‪👊🏻💗 / しなこfeat. 午前0時のプリンセス / あぃりDX,11855108,41353,2456,0.35,0.37,2024-12-25T09:00:07Z,2025/02/22,"[""ポップス""]",かんたん：2むずかしい：5げきむず：0,リリース
10010257,きらり,藤井 風,TcLLpZBWsck,Fujii Kaze - Kirari (Official Video),166110622,1211825,37718,0.73,0.75,2021-05-21T13:00:11Z,2024/11/12,"[""ポップス""]",かんたん：1むずかしい：5げきむず：0,リリース
10012557,プランA,DISH//,l1HeItO98FI,DISH// - プランA [Official Video]｜TVアニメ「逃げ上手の若君」 オープニングテーマ,11330517,74853,2168,0.66,0.68,2024-07-15T12:00:06Z,2024/11/05,"[""アニメ""]",かんたん：2むずかしい：6げきむず：0,リリース
10012592,恥ずかしいか青春は,緑黄色社会,G9KznOYqyOg,緑黄色社会『恥ずかしいか青春は』Official Video / Ryokuoushoku Shakai – Hazukashiika Seishunwa,17397936,106769,2759,0.61,0.63,2024-07-12T09:00:15Z,2024/10/17,"[""ポップス""]",かんたん：2むずかしい：6げきむず：0,リリース
10013224,50％,Official髭男dism,Vv2n31gL85I,Official髭男dism - 50% [Official Video],8054000,65884,5134,0.82,0.88,2024-12-21T12:00:26Z,2025/02/23,"[""ポップス""]",かんたん：1むずかしい：5げきむず：0,リリース
10013221,僕らはいきものだから,緑黄色社会,h5uP8eqKah8,緑黄色社会『僕らはいきものだから』Official Video / Ryokuoushoku Shakai – Bokurawa Ikimonodakara,3623286,29630,580,0.82,0.83,2024-09-20T09:00:46Z,2025/02/19,"[""ポップス""]",かんたん：2むずかしい：5げきむず：0,リリース
10013184,風神,Vaundy,yiU0I0tvt6s,風神 / Vaundy (TBS系金曜ドラマ『ライオンの隠れ家』主題歌) / Vaundy：MUSIC VIDEO,26630342,115078,2037,0.43,0.44,2024-11-01T15:00:08Z,2025/02/15,"[""ポップス""]",かんたん：1むずかしい：5げきむず：0,リリース
10013119,WOW,King & Prince,-Vx0Sn16ykA,King &amp; Prince 「WOW」MV,11647279,60264,25483,0.52,0.74,2024-11-13T11:30:06Z,2025/02/09,"[""ポップス""]",かんたん：1むずかしい：5げきむず：0,リリース
10013217,New me,YOASOBI,HRlW6yZo6Kc,YOASOBI「New me」Official Music Video,5762409,115603,1778,2.01,2.04,2024-11-30T13:00:06Z,2025/02/12,"[""ポップス""]",かんたん：1むずかしい：5げきむず：0,リリース
10013156,AWAKE,星街すいせい,UYEZL13MUFk,AWAKE / 星街すいせい(official),7923642,0,4881,0.0,0.06,2024-11-14T12:00:06Z,2025/02/16,"[""ポップス""]",かんたん：2むずかしい：6げきむず：0,リリース
10013185,ねっこ,King Gnu,jz8O2t2r8Gs,King Gnu - ねっこ,22476347,149154,8154,0.66,0.7,2024-12-01T13:00:07Z,2025/02/05,"[""ポップス""]",かんたん：2むずかしい：6げきむず：0,リリース
10013152,Got Boost？,FANTASTICS from EXILE TRIBE,auKBDWu9eAA,【Music Video】Got Boost？(Artist Only Ver.) / FANTASTICS,10156389,57468,23147,0.57,0.79,2024-10-23T11:00:24Z,2025/02/02,"[""アニメ"", ""キッズ""]",かんたん：2むずかしい：6げきむず：0,リリース
10013089,トワイライト,B小町,rUMpI3RKvJ8,B小町「トワイライト」Official Music Video,3299132,52281,2161,1.58,1.65,2024-11-04T03:00:47Z,2025/02/08,"[""ポップス""]",かんたん：2むずかしい：5げきむず：0,リリース
10013155,こんなあたしはいかがですか,超ときめき♡宣伝部,9x-EEsp9MwI,超ときめき♡宣伝部 / 「こんなあたしはいかがですか」Music Video,2912127,24294,1766,0.83,0.89,2024-10-18T13:00:06Z,2025/02/01,"[""ポップス""]",かんたん：2むずかしい：6げきむず：0,リリース
10013123,一旦ステイ　TONIGHT,不破湊,xbHcDKJ1vpA,【MV】一旦ステイ TONIGHT / 不破湊,20500740,249079,6981,1.21,1.25,2024-11-30T10:00:06Z,2025/01/25,"[""ポップス""]",かんたん：4むずかしい：6げきむず：0,リリース
10013122,朝、月面も笑っている,DISH//,LFG_iqpGMss,DISH// - 朝、月面も笑っている [Official Video]｜フジテレビ系「めざましテレビ」テーマソング,3054338,16575,760,0.54,0.57,2024-06-18T12:00:06Z,2025/01/29,"[""ポップス""]",かんたん：2むずかしい：5げきむず：0,リリース
10013092,ロミオとシンデレラ,doriko,9HrOqmiEsN8,ロミオとシンデレラ  - doriko feat.初音ミク【official MV】,7930900,98629,1605,1.24,1.26,2023-06-10T06:30:02Z,2025/01/26,"[""ボカロ""]",かんたん：2むずかしい：7げきむず：0,リリース
10013085,もういいよ,こっちのけんと,svbfMJJk_90,もういいよ / こっちのけんと MV,29494487,322565,11272,1.09,1.13,2024-10-14T13:00:06Z,2025/01/18,"[""ポップス""]",かんたん：2むずかしい：6げきむず：0,リリース
10012959,歯ラ歯ラ,しなこ,GTnMIACX6TM,【MV】歯ラ歯ラ🦷🪥✨,17712570,56045,2913,0.32,0.33,2024-10-18T09:00:24Z,2024/12/30,"[""ポップス""]",かんたん：3むずかしい：7げきむず：0,リリース
10012889,パイパイ仮面でどうかしらん？,宝鐘マリン,hv2vo94FOF4,【original anime MV】パイパイ仮面でどうかしらん？【hololive/宝鐘マリン】,17750176,289529,9920,1.63,1.69,2024-09-15T13:00:07Z,2025/01/12,"[""ポップス""]",かんたん：2むずかしい：5げきむず：0,リリース
10013087,我ら完全無敵のアイドル!!,B小町,s9-RcVcxeAQ,B小町「我ら完全無敵のアイドル!!」ライブパフォーマンス映像,7147709,83188,3601,1.16,1.21,2024-10-18T09:01:02Z,2025/01/19,"[""ポップス""]",かんたん：2むずかしい：7げきむず：9,リリース
10012823,CHANGE,新しい学校のリーダーズ,d3v0QqZlCes,ATARASHII GAKKO! - Change (Official Music Video),1970368,48261,1148,2.45,2.51,2024-08-21T11:00:43Z,2025/01/22,"[""ポップス""]",かんたん：2むずかしい：6げきむず：0,リリース
10013090,Same Blue,Official髭男dism,A7cp6OVa0Qc,Official髭男dism - Same Blue [Official Video],24456204,171562,11243,0.7,0.75,2024-10-01T15:00:27Z,2025/01/15,"[""アニメ""]",かんたん：2むずかしい：6げきむず：0,リリース
10012826,ドーナツホール,ハチ,y7fu_nNQAEQ,"ハチ - ドーナツホール 2024 , HACHI - DONUT HOLE 2024",28411786,555114,16666,1.95,2.01,2024-09-30T01:00:33Z,2025/01/11,"[""ボカロ""]",かんたん：3むずかしい：6げきむず：8,リリース
10012856,許婚っきゅん,ano,kcdSjvUBrDA,ano「許婚っきゅん」Music Video,8545552,100540,2646,1.18,1.21,2024-10-11T10:00:07Z,2024/12/27,"[""アニメ""]",かんたん：3むずかしい：6げきむず：8,リリース
10013088,HAPPY≒FUTURE,深澤 恵梨香,1RhvfazCkMc,【HAPPY≒FUTURE - 深澤 恵梨香『わんだふるぷりきゅあ！ざ・むーびー！』主題歌】ピアノで弾いてみた｜メロディ #HAPPY≒FUTURE #深澤 恵梨香 #メロディ #ピアノ,189,2,0,1.06,1.06,2025-01-07T07:02:48Z,2025/01/04,"[""アニメ""]",かんたん：2むずかしい：5げきむず：0,リリース
10013052,月曜日戦争,吉澤 嘉代子,kh3H0M9bKo8,吉澤嘉代子「月曜日戦争」MUSIC VIDEO,3789884,85669,871,2.26,2.28,2017-05-12T03:30:00Z,2025/01/08,"[""ポップス""]",かんたん：2むずかしい：5げきむず：0,リリース
10012887,Only One Story,ZEROBASEONE,7CmLWmUC49A,ZEROBASEONE (제로베이스원) &#39;Only One Story&#39; @2024 ZEROBASEONE THE FIRST TOUR [𝐓𝐈𝐌𝐄𝐋𝐄𝐒𝐒 𝐖𝐎𝐑𝐋𝐃] IN JAPAN,2676823,34209,916,1.28,1.31,2024-12-25T08:00:05Z,2025/01/03,"[""アニメ""]",かんたん：2むずかしい：5げきむず：0,リリース
10013019,モノトーン,YOASOBI,sJ-2X3rHtXw,YOASOBI「モノトーン」Official Music Video,4652368,72758,1720,1.56,1.6,2024-10-01T11:00:33Z,2024/12/28,"[""アニメ""]",かんたん：3むずかしい：6げきむず：0,リリース
10012955,恋うらら,AMPTAKxCOLORS,7sYWi7_gBsI,【MV】恋うらら／AMPTAKxCOLORS【アンプタック】,934033,14908,1920,1.6,1.8,2024-01-28T14:16:10Z,2025/01/01,"[""ポップス""]",かんたん：1むずかしい：5げきむず：0,リリース
10012920,チャンカパーナ,NEWS,Ou1UG_PC43Q,NEWS – チャンカパーナ [Official Music Video],28070263,251378,9092,0.9,0.93,2024-10-09T12:15:02Z,2024/12/31,"[""ポップス""]",かんたん：2むずかしい：5げきむず：0,リリース
10013020,ネバーランド,DECO*27,48Csilkjev0,DECO*27 - ネバーランド feat. 初音ミク,4427092,103374,2480,2.34,2.39,2024-10-18T10:00:07Z,2025/01/02,"[""ボカロ""]",かんたん：3むずかしい：7げきむず：9,リリース
20010089,ハッピーウェディング前ソング,ヤバイTシャツ屋さん,lVIHyj9qVy0,ヤバイTシャツ屋さん - 「ハッピーウェディング前ソング」Music Video,41845331,276797,10014,0.66,0.69,2017-09-14T09:05:05Z,2024/12/29,"[""ポップス""]",かんたん：2むずかしい：7げきむず：0,リリース
10013086,テトリス,柊マグネタイト,Soy4jGPHr3g,テトリス / 重音テトSV,103023528,881256,23438,0.86,0.88,2024-11-08T13:09:06Z,2024/12/26,"[""ボカロ""]",かんたん：2むずかしい：6げきむず：8,リリース
10012922,幽霊船戦,宝鐘マリン,QfGuQELt1Tk,【original anime MV】幽霊船戦【hololive/宝鐘マリン】,16975891,365887,16526,2.16,2.25,2024-07-30T12:00:07Z,2024/12/22,"[""ポップス""]",かんたん：3むずかしい：6げきむず：0,リリース
10012953,すないぱー。,『ユイカ』,nvQN56D8RYo,すないぱー。 / 『ユイカ』【MV】,15324772,147310,4934,0.96,0.99,2024-05-04T12:00:06Z,2024/12/24,"[""ポップス""]",かんたん：1むずかしい：5げきむず：0,リリース
10012891,死ぬまでダーリン,HoneyWorks,1GguL5dZd3M,死ぬまでダーリン feat. 望月あかり（CV：阿澄佳奈）／HoneyWorks,2314599,56185,1604,2.43,2.5,2024-05-31T11:30:01Z,2024/12/25,"[""ポップス""]",かんたん：2むずかしい：5げきむず：0,リリース
10012892,WATCH ME,天乃 リリサ・橘 美花莉,whQ9VcK0pIA,Watch Me,12354359,102229,0,0.83,0.83,2024-07-31T10:01:54Z,2024/12/19,"[""アニメ""]",かんたん：3むずかしい：6げきむず：0,リリース
10012693,ぶんぶぶんぶぶん,AMPTAKxCOLORS,1DaaXdx37So,【MV】ぶんぶぶんぶぶん／AMPTAKxCOLORS【アンプタック】,2525094,30778,3052,1.22,1.34,2023-10-01T14:41:26Z,2024/12/21,"[""ポップス""]",かんたん：2むずかしい：6げきむず：0,リリース
10012957,六等星,ざらめ,5Y-2neQjQLw,六等星,3370158,23036,185,0.68,0.69,2024-07-18T15:04:18Z,2024/12/17,"[""アニメ""]",かんたん：1むずかしい：5げきむず：0,リリース
20010082,とーちゃんの足ってなんでクサイの？,竹下☆ぱらだいす,OvLHBXodc78,【MV】とーちゃんの足ってなんでクサイの？feat.しんのすけ＆ひろし/竹下☆ぱらだいす,14697959,35039,1452,0.24,0.25,2024-04-08T10:00:08Z,2024/12/14,"[""キッズ""]",かんたん：3むずかしい：5げきむず：0,リリース
10012694,㋰責任集合体,マサラダ,c5_0NPftdlY,㋰責任集合体／重音テトSV,25113557,346139,7514,1.38,1.41,2024-05-10T18:03:32Z,2024/12/15,"[""ボカロ""]",かんたん：2むずかしい：6げきむず：0,リリース
10012661,ミッション!健・康・第・イチ,赤血球(CV:花澤香菜)・白血球(CV:前野智昭),oUvD1aGDycM,ミッション！ 健・康・第・イチ,550276,4786,0,0.87,0.87,2025-02-25T15:03:40Z,2024/12/12,"[""アニメ""]",かんたん：3むずかしい：6げきむず：0,リリース
10012493,きゅるりんしてみて,きゅるりんってしてみて,sMX2Kqq4h6s,きゅるりんってしてみて「きゅるりんしてみて」本人たちが踊ってみた,6217967,45088,698,0.73,0.74,2023-11-22T13:00:08Z,2024/12/10,"[""ポップス""]",かんたん：2むずかしい：6げきむず：0,リリース
20010088,はりーはりーらぶ,すとぷり,6gdbrAFwGCk,【MV】はりーはりーらぶっ／すとぷり,17254367,218050,692,1.26,1.27,2019-04-28T11:30:00Z,2024/12/08,"[""ポップス""]",かんたん：2むずかしい：5げきむず：0,リリース
10012626,EDEN,Knight A -騎士A-,LmJDJn5L38Y,【MV】EDEN／Knight A - 騎士A -,2614285,58720,4854,2.25,2.43,2024-03-26T12:00:07Z,2024/12/05,"[""ポップス""]",かんたん：1むずかしい：5げきむず：0,リリース
10012858,オトノケ,Creepy Nuts,tRwHpyOq4P4,Creepy Nuts - オトノケ(Otonoke) 【Official MV】 [Dandadan OP],89872297,1091467,23351,1.21,1.24,2024-10-17T15:00:06Z,2024/12/01,"[""アニメ""]",かんたん：3むずかしい：7げきむず：9,リリース
10012658,らぶきゅん♡うぉんてっど,きゅるりんってしてみて,28HBkyA56Cw,「らぶきゅん♡うぉんてっど」MV/きゅるりんってしてみて,5517969,50679,782,0.92,0.93,2024-03-22T12:00:07Z,2024/12/03,"[""ポップス""]",かんたん：2むずかしい：6げきむず：0,リリース
10010726,おかえり,Tani Yuuki,0ZsP6MVjFIo,おかえり - Tani Yuuki【MV】,38329824,272358,6708,0.71,0.73,2022-11-09T11:00:11Z,2024/11/28,"[""ポップス""]",かんたん：2むずかしい：6げきむず：0,リリース
10010505,＃あくあ色ぱれっと,湊あくあ,6bnaBnd4kyU,【original】#あくあ色ぱれっと【ホロライブ/湊あくあ】,34343979,432789,36255,1.26,1.37,2020-12-01T12:00:13Z,2024/11/30,"[""ポップス""]",かんたん：2むずかしい：5げきむず：0,リリース
10012326,誰我為,TK from 凛として時雨,AbY-IVN4WcE,TK from 凛として時雨 『誰我為』 Music Video（TVアニメ「僕のヒーローアカデミア」7期オープニング主題歌）,4854764,55588,1673,1.15,1.18,2024-05-11T12:00:06Z,2024/11/26,"[""ポップス""]",かんたん：1むずかしい：5げきむず：0,リリース
10012594,Let me battle,9Lana,whTcBozYrOo,【アニメ「ポケットモンスター」エンディングテーマ】『Let me battle』9Lana (Prod.Giga &amp; TeddyLoid) Music Video,1356704,20807,384,1.53,1.56,2024-05-24T10:30:06Z,2024/11/24,"[""アニメ"", ""キッズ""]",かんたん：2むずかしい：6げきむず：0,リリース
10012854,フルーツバスケット,FRUITS ZIPPER,bRRPqGRguKo,【MV】FRUITS ZIPPER「フルーツバスケット」,16510832,92578,4991,0.56,0.59,2024-09-28T11:00:43Z,2024/11/19,"[""ポップス""]",かんたん：1むずかしい：6げきむず：0,リリース
10012824,メロドラマ,なとり&imase,Ao29RaMxH98,natori &amp; imase - Melodrama,6818877,92433,1390,1.36,1.38,2024-08-31T10:00:06Z,2024/11/21,"[""ポップス""]",かんたん：1むずかしい：5げきむず：0,リリース
10012822,山田PERFECT,jon-YAKITORY,zGMftuCqLhk,"山田PERFECT / jon-YAKITORY, 初音ミク -YAMADA PERFECT / jon-YAKITORY, Hatsune Miku-",14937828,191625,8022,1.28,1.34,2024-07-03T09:00:52Z,2024/11/17,"[""ボカロ""]",かんたん：2むずかしい：6げきむず：0,リリース
10012757,ひゅるりらぱっぱ,tuki.,AOfaWrBwo7I,tuki.『ひゅるりらぱっぱ』Official Music Video,47179809,463459,6716,0.98,1.0,2024-08-09T10:00:10Z,2024/11/16,"[""ポップス""]",かんたん：2むずかしい：6げきむず：8,リリース
10012956,怪獣,サカナクション,a8dgNdJVluc,サカナクション / 怪獣　-Music Video-,52637744,526784,15434,1.0,1.03,2025-03-15T15:10:07Z,2024/11/23,"[""アニメ""]",かんたん：2むずかしい：5げきむず：0,リリース
10012689,恋する惑星「アナタ」,冨岡 愛,RM1kn_U4Vt0,冨岡 愛 - 恋する惑星「アナタ」 (Music Video),6234663,69913,1643,1.12,1.15,2024-02-13T15:00:09Z,2024/11/14,"[""ポップス""]",かんたん：2むずかしい：5げきむず：0,リリース
10012596,familie,Mrs. GREEN APPLE,FYhxYcXfhYA,Mrs. GREEN APPLE「familie」Official Music Video,44915196,233246,8967,0.52,0.54,2024-08-19T15:00:08Z,2024/11/10,"[""ポップス""]",かんたん：2むずかしい：6げきむず：0,リリース
10012855,POP IN 2,B小町,c7E-tgmFuzw,【推しの子】B小町 / POP IN 2【MV short】,50631160,540445,16365,1.07,1.1,2024-10-06T10:30:12Z,2024/11/09,"[""アニメ""]",かんたん：2むずかしい：6げきむず：0,リリース
10012755,FIRST 1MPACT,めておら - Meteorites -,tT3grNOdB8g,【初オリジナル曲】FIRST 1MPACT / めておら【STPR新人歌い手グループ】【Meteorites】,2255670,68257,3449,3.03,3.18,2024-08-10T11:15:06Z,2024/11/07,"[""ポップス""]",かんたん：1むずかしい：6げきむず：0,リリース
10011503,Jewelry(Prod. imase),LE SSERAFIM,Raf9odbiu8g,LE SSERAFIM (르세라핌) &#39;Jewelry (Prod. imase)&#39; LIVE CLIP,10123466,184270,4641,1.82,1.87,2023-07-31T10:59:46Z,2024/11/02,"[""ポップス""]",かんたん：2むずかしい：5げきむず：0,リリース
10011277,有頂天猫,キヨ,HHjQe9DYwN0,キヨ 「有頂天猫」 Music Video,15432487,266755,17173,1.73,1.84,2023-04-22T11:00:19Z,2024/10/31,"[""ポップス""]",かんたん：3むずかしい：6げきむず：0,リリース
20010087,だんご3兄弟,「おかあさんといっしょ」より,xTwgS1V_8zQ,だんご３兄弟（おかあさんといっしょ）　歌：NEUTRINO（歌詞付き）,18644569,20631,0,0.11,0.11,2022-01-29T10:15:01Z,2024/11/03,"[""キッズ""]",かんたん：1むずかしい：6げきむず：0,リリース
20010086,からだ☆ダンダン,「おかあさんといっしょ」より,9rNtzlwzWhw,「からだ☆ダンダン」♪スペステ2023から,17375978,0,0,0.0,0.0,2024-08-02T09:00:08Z,2024/10/29,"[""キッズ""]",かんたん：2むずかしい：5げきむず：0,リリース
20010080,INZM,Number_i,QmaNuj4n9Ec,Number_i - INZM (Official Music Video),72774627,586430,119091,0.81,0.97,2024-08-18T15:00:08Z,2024/10/24,"[""ポップス""]",かんたん：3むずかしい：6げきむず：8,リリース
10012821,元彼女のみなさまへ,コレサワ,B36u-tuublE,コレサワ「元彼女のみなさまへ」【Lyric Video】,18606563,133892,2499,0.72,0.73,2024-09-04T12:00:07Z,2024/10/26,"[""ポップス""]",かんたん：1むずかしい：5げきむず：0,リリース
10012692,モエチャッカファイア,弌誠,wZlv3qDPfjk,モエチャッカファイア / 弌誠：MUSIC VIDEO,90484860,955569,19217,1.06,1.08,2024-07-23T12:01:02Z,2024/10/27,"[""ポップス""]",かんたん：4むずかしい：6げきむず：0,リリース
20010077,きんらきらぽん,「おかあさんといっしょ」より,vaQmv3Zn2sQ,きんらきら ぽん,100341,156,0,0.16,0.16,2024-04-16T15:02:37Z,2024/10/22,"[""キッズ""]",かんたん：1むずかしい：4げきむず：0,リリース
10012062,ぴゅあぴゅあいちご,すとぷり,-FHrSNYCAcM,【MV】ぴゅあぴゅあいちご／すとぷり【HoneyWorks】,6123947,109645,5262,1.79,1.88,2024-03-16T07:00:00Z,2024/10/20,"[""ポップス""]",かんたん：2むずかしい：5げきむず：0,リリース
20010083,派手髪でも出来るばい！,竹下☆ぱらだいす,BEiDuHEc76I,【MV】派手髪でも出来るばい！/竹下☆ぱらだいす,11622654,56498,2524,0.49,0.51,2023-07-06T09:00:06Z,2024/10/19,"[""キッズ""]",かんたん：2むずかしい：6げきむず：0,リリース
10012756,かわいいだけじゃだめですか？,CUTIE STREET,jZqTz1G8G04,【MV】CUTIE STREET「かわいいだけじゃだめですか？」,67503394,351133,23178,0.52,0.55,2024-10-16T00:00:07Z,2024/10/13,"[""ポップス""]",かんたん：2むずかしい：6げきむず：0,リリース
10012722,UNDEAD,YOASOBI,Jj1_mfUzjOs,YOASOBI「UNDEAD」 Official Music Video／『〈物語〉シリーズ オフ&amp;モンスターシーズン』主題歌,85687226,589135,12208,0.69,0.7,2024-09-14T13:30:32Z,2024/10/12,"[""アニメ""]",かんたん：3むずかしい：6げきむず：9,リリース
10012498,コイスルヒカリ,なにわ男子,Za9xAlR6-W8,なにわ男子 - コイスルヒカリ [Official Music Video],7997231,79501,18183,0.99,1.22,2024-07-22T12:00:09Z,2024/10/10,"[""ポップス""]",かんたん：2むずかしい：6げきむず：0,リリース
10012595,アポロドロス,Mrs. GREEN APPLE,1q_B-yWMJA4,Mrs. GREEN APPLE – アポロドロス【LIVE from ゼンジン未到とヴェルトラウム〜銘銘編〜】,12422518,91022,3246,0.73,0.76,2024-07-14T09:00:01Z,2024/10/15,"[""ポップス""]",かんたん：2むずかしい：5げきむず：0,リリース
10012691,愛とU,Mega Shinnosuke,NY1TyFUhbMA,Mega Shinnosuke - 愛とU(Official Music Video),18935410,186087,2315,0.98,0.99,2024-06-18T15:00:27Z,2024/10/06,"[""ポップス""]",かんたん：3むずかしい：5げきむず：0,リリース
10012128,D.N.A.,Girls2 x iScream,CHXTu-yR2lg,Girls²×iScream - D.N.A. (Music Video),3636995,16038,2739,0.44,0.52,2024-05-15T11:00:07Z,2024/10/08,"[""ポップス""]",かんたん：2むずかしい：6げきむず：0,リリース
10012624,ホムンクルス,Vaundy,ZhUa0CumyxQ,ホムンクルス (『僕のヒーローアカデミア THE MOVIE ユアネクスト』主題歌) / Vaundy：MUSIC VIDEO,13585920,71871,1684,0.53,0.54,2024-07-25T15:00:08Z,2024/10/05,"[""アニメ""]",かんたん：2むずかしい：5げきむず：0,リリース
10011831,ぴゅあいんざわーるど,FRUITS ZIPPER,Ofrc7pgVzx4,【ライブ映像】FRUITS ZIPPER「ぴゅあいんざわーるど」📍日本武道館,853574,8259,279,0.97,1.0,2025-09-01T09:00:36Z,2024/10/01,"[""ポップス""]",かんたん：3むずかしい：6げきむず：0,リリース
10012492,生まれたその時から,すとぷり,U5e5zAQ0g4c,『劇場版すとぷり はじまりの物語』挿入歌「生まれたその時から」／全国の映画館で絶賛上映中！【すとぷりアニメ映画】,1119117,35337,4526,3.16,3.56,2024-08-18T13:00:20Z,2024/09/29,"[""ポップス""]",かんたん：2むずかしい：6げきむず：0,リリース
10012593,カーテンコール,優里,gpdh9AUzQjY,カーテンコール,24036377,118257,158,0.49,0.49,2024-07-18T15:00:42Z,2024/09/28,"[""アニメ""]",かんたん：3むずかしい：6げきむず：0,リリース
10011521,鬼ノ宴,友成空,NFzyrPK9rtM,友成空(TOMONARI SORA) - &quot;Demons Banquet&quot; ［Lyric Video］,75974098,533027,10005,0.7,0.71,2024-01-10T11:00:26Z,2024/03/20,"[""ポップス""]",かんたん：3むずかしい：6げきむず：0,開発中
10012559,グミキュンプリンセス,しなこ,Y744hKsXi4c,【MV】グミキュンプリンセス🍬👸🏼🩷 / あぃりDX ・しなこ,16236192,42422,1820,0.26,0.27,2024-06-07T08:58:08Z,2024/09/22,"[""ポップス""]",かんたん：3むずかしい：6げきむず：0,リリース
10012494,虹のはじまり,すとぷり,bJvIcIVsgks,【MV】虹のはじまり／すとぷり【HoneyWorks】,2321275,35070,5924,1.51,1.77,2024-06-23T12:11:22Z,2024/09/24,"[""ポップス""]",かんたん：3むずかしい：6げきむず：0,リリース
10010682,転生林檎 feat. 初音ミク,ピノキオピー,LYWP8HtgeLQ,ピノキオピー - 転生林檎 feat. 初音ミク / Reincarnation Apple,55006771,552260,9103,1.0,1.02,2022-06-03T10:00:12Z,2024/09/21,"[""ボカロ""]",かんたん：3むずかしい：6げきむず：9,リリース
10012526,MONSTER DANCE,KEYTALK,N39glrfql0I,KEYTALK/「MONSTER DANCE」MUSIC VIDEO,21486535,110326,3503,0.51,0.53,2014-10-16T02:41:15Z,2024/09/08,"[""ポップス""]",かんたん：3むずかしい：6げきむず：0,リリース
10010771,エジソン,水曜日のカンパネラ,8tOIjOPZ5sA,水曜日のカンパネラ『エジソン』,70183656,427021,11918,0.61,0.63,2022-02-25T07:59:20Z,2024/09/07,"[""ポップス""]",かんたん：3むずかしい：6げきむず：0,リリース
10012029,拝啓、俺たちへ,コムドット,Pyum09A4-SQ,コムドット「拝啓、俺たちへ」Official Music Video,22747024,257128,16579,1.13,1.2,2024-05-29T11:30:06Z,2024/09/05,"[""ポップス""]",かんたん：2むずかしい：5げきむず：0,リリース
10011571,相思相愛,aiko,VmSNNOTB_FE,aiko-『相思相愛』music video,24970650,0,6632,0.0,0.03,2024-04-15T11:00:07Z,2024/06/27,"[""アニメ""]",かんたん：2むずかしい：5げきむず：0,リリース
10011572,ライラック,Mrs. GREEN APPLE,QjrkrVmC-8M,Mrs. GREEN APPLE「ライラック」Official Music Video,210243424,913737,45310,0.43,0.46,2024-04-12T13:00:08Z,2024/06/08,"[""アニメ""]",かんたん：2むずかしい：6げきむず：0,リリース
10011574,I wonder,Da-iCE,RWfi_xJkuJg,Da-iCE /「I wonder」Performance Video,56115043,211275,6663,0.38,0.39,2024-04-17T12:00:08Z,2024/06/09,"[""ポップス""]",かんたん：3むずかしい：5げきむず：0,リリース
10011588,コツコツ-PON-PON,ブンドリオ・ブンデラス(CV:松本 梨香),irB0C3g_NyQ,コツコツ-PON-PON,2143240,7922,0,0.37,0.37,2024-04-02T15:01:27Z,2024/08/08,"[""キッズ""]",かんたん：2むずかしい：6げきむず：0,リリース
10011595,晴る,ヨルシカ,CkvWJNt77mU,ヨルシカ - 晴る（OFFICIAL VIDEO）,74131198,460950,6933,0.62,0.63,2024-03-05T09:00:13Z,2024/08/06,"[""アニメ""]",かんたん：2むずかしい：5げきむず：0,リリース
10011596,アンビバレント,Uru,e_pdE__o5D8,【Official】Uru 「アンビバレント」 TVアニメ『薬屋のひとりごと』第2クールOPテーマ,18977619,118509,1530,0.62,0.63,2024-01-19T15:00:10Z,2024/07/05,"[""アニメ""]",かんたん：1むずかしい：5げきむず：0,リリース
20010075,にじのむこうに,坂田 おさむ,N1DZ0GCgIhA,にじのむこうに（おかあさんといっしょ）／坂田おさむ＆坂田めぐみ,1355233,4249,205,0.31,0.33,2023-02-12T05:00:16Z,2024/07/15,"[""キッズ""]",かんたん：2むずかしい：5げきむず：0,リリース
10011930,ファタール,GEMN,OFAow6fL0A0,GEMN - Fatal / THE FIRST TAKE,10090069,184371,4872,1.83,1.88,2024-11-27T13:00:08Z,2024/08/11,"[""アニメ""]",かんたん：2むずかしい：7げきむず：0,リリース
20010076,ドンスカパンパンおうえんだん,『おかあさんといっしょ』,yQ4yfZ437p8,【童謡】ドンスカパンパンおうえんだん / 横山だいすけ,3022004,3945,0,0.13,0.13,2023-02-01T08:00:25Z,2024/08/02,"[""キッズ""]",かんたん：2むずかしい：5げきむず：0,リリース
10011488,ハロ,yama×ぼっちぼろまる,Kk-uRP2XZw4,yama × ぼっちぼろまる『ハロ』lyric Video（テレビアニメ『ポケットモンスター』オープニングテーマ）,7623800,55191,1391,0.72,0.74,2023-10-27T10:30:06Z,2024/06/30,"[""アニメ""]",かんたん：2むずかしい：5げきむず：0,リリース
20010041,ファンターネ!,『おかあさんといっしょ』ファンターネ!OP,wkWbcG2kSZc,ファンターネ！オープニングテーマ,61652,130,2,0.21,0.21,2025-03-26T09:39:11Z,2024/07/04,"[""キッズ""]",かんたん：1むずかしい：4げきむず：0,リリース
20010028,ぼよよん行進曲,『おかあさんといっしょ』,nAjJluQCSGE,大集合｢ぼよよん行進曲｣ お兄さんお姉さん中西圭三さんといっしょ,36125496,298335,0,0.83,0.83,2020-04-29T06:00:13Z,2024/05/05,"[""キッズ""]",かんたん：2むずかしい：6げきむず：0,リリース
10011541,二度寝,Creepy Nuts,k8AJfmyurWo,【MV】Creepy Nuts - 二度寝(Nidone),26056500,172529,4094,0.66,0.68,2024-03-29T14:15:07Z,2024/06/17,"[""ポップス""]",かんたん：3むずかしい：7げきむず：0,リリース
10012425,シカ色デイズ,シカ部,fxPcJTU-A8U,シカ色デイズ,25730858,287138,0,1.12,1.12,2024-07-07T10:01:04Z,2024/07/28,"[""アニメ""]",かんたん：4むずかしい：7げきむず：0,リリース
10012497,今はいいんだよ。,MIMI,340OXvocRMM,『 今はいいんだよ。』/ feat. 可不,8357713,139188,6589,1.67,1.74,2022-12-21T11:00:04Z,2024/09/19,"[""ボカロ""]",かんたん：2むずかしい：7げきむず：0,リリース
10011280,W●RK,millennium parade × 椎名 林檎,dYzgZVhiqmU,ꉈꀧ꒒꒒ꁄꍈꍈꀧ꒦ꉈ ꉣꅔꎡꅔꁕꁄ × 椎名林檎 - Ｗ●ＲＫ,29359965,302263,7228,1.03,1.05,2023-04-15T11:00:08Z,2024/05/08,"[""アニメ""]",かんたん：2むずかしい：6げきむず：0,リリース
10012524,ルル,Ado,0Z_YqhYHhpg,【Ado】ルル (RuLe),49030621,571248,16422,1.17,1.2,2024-07-05T13:15:06Z,2024/09/17,"[""ポップス""]",かんたん：3むずかしい：6げきむず：0,リリース
10010772,ダンスホール,Mrs. GREEN APPLE,x2rvSf0STBM,Mrs. GREEN APPLE「ダンスホール」Official Music Video,153354469,622438,12810,0.41,0.41,2022-06-28T12:00:11Z,2022/08/23,"[""ポップス""]",かんたん：2むずかしい：4げきむず：0,リリース
10010288,ギンギラ銀河,すとぷり,H_rd_qjk6sI,【妖怪ウォッチOP】ギンギラ銀河／すとぷり【ナユタン星人】,18527802,229034,18506,1.24,1.34,2019-12-22T10:30:13Z,2024/09/15,"[""アニメ""]",かんたん：3むずかしい：6げきむず：0,リリース
10012293,次回予告,キタニタツヤ,O3ZYjfMqAsc,次回予告 / キタニタツヤ - Preview of Me / Tatsuya Kitani,5868475,94000,2303,1.6,1.64,2024-04-21T08:00:07Z,2024/09/10,"[""アニメ""]",かんたん：2むずかしい：5げきむず：0,リリース
20010081,ultra soul,B’z,OxnzZqisYTg,B’z / ultra soul【B&#39;z LIVE-GYM Pleasure 2018 -HINOTORI-】,12534564,56071,2139,0.45,0.46,2025-01-10T03:01:38Z,2024/09/14,"[""ポップス""]",かんたん：2むずかしい：6げきむず：0,リリース
10012392,しあわせえぼりゅ～しょん♡,石井あみ＆後本萌葉,DRi7GdbkOBI,しあわせえぼりゅ～しょん♡ ～こむぎ＆いろはVer.～,801718,4178,0,0.52,0.52,2024-09-20T10:01:29Z,2024/09/01,"[""キッズ"", ""アニメ""]",かんたん：2むずかしい：6げきむず：0,リリース
10010714,かくれんぼ,AliA,oi8ArKYLwBY,AliA / かくれんぼ【Official Music Video】,98824237,793074,19722,0.8,0.82,2019-02-13T12:00:43Z,2024/08/30,"[""ポップス""]",かんたん：2むずかしい：6げきむず：0,リリース
10011666,Steal a Kiss,超特急,1maL_bJe5u8,超特急「Steal a Kiss」MUSIC VIDEO,6183335,26952,2363,0.44,0.47,2024-04-17T11:00:02Z,2024/08/29,"[""ポップス""]",かんたん：3むずかしい：6げきむず：0,リリース
10011598,Alpha,なにわ男子,Olr7YwLu3kQ,なにわ男子 - Alpha [Official Music Video],15051709,111620,15429,0.74,0.84,2024-05-07T10:28:07Z,2024/08/27,"[""ポップス""]",かんたん：3むずかしい：6げきむず：0,リリース
20010078,「名探偵コナン」メイン・テーマ,大野克夫バンド,LSKFSNK1pYk,アニソン『名探偵コナン メインテーマ／大野克夫』これから君もサックスプレイヤー！ POPS編／ 島村楽器川崎ルフロン店 吉田隆広,177773,757,20,0.43,0.44,2016-05-13T04:22:10Z,2024/08/24,"[""アニメ""]",かんたん：3むずかしい：6げきむず：0,リリース
10012261,BON,Number_i,0kKd6fVPayU,Number_i - BON (Official Music Video),82164101,241925,349304,0.29,0.72,2024-05-26T15:00:08Z,2024/08/23,"[""ポップス""]",かんたん：4むずかしい：7げきむず：0,リリース
10010466,マツケンサンバII,松平健,XazyhnymUQo,【公式】松平健「マツケンサンバⅡ」 MV,32462359,243838,15428,0.75,0.8,2020-12-21T10:00:20Z,2024/08/09,"[""ポップス""]",かんたん：3むずかしい：6げきむず：0,リリース
10012161,Dear,Mrs. GREEN APPLE,cNP21cprtbk,Mrs. GREEN APPLE「Dear」Official Music Video,28836198,197632,8955,0.69,0.72,2024-05-20T12:00:08Z,2024/08/12,"[""ポップス""]",かんたん：2むずかしい：5げきむず：0,リリース
10011509,わんだふるぷりきゅあ!EVOLUTION!!,吉武千颯,iQxl-nohiqA,わんだふるぷりきゅあ！evolution!!,1697601,8322,0,0.49,0.49,2024-04-26T10:03:00Z,2024/04/07,"[""キッズ"", ""アニメ""]",かんたん：1むずかしい：5げきむず：0,リリース
10010590,君をのせて,井上あずみ,SEtbAEjanWo,君をのせて 天空の城ラピュタ 井上あずみ,34935825,130705,5349,0.37,0.39,2017-08-16T11:46:06Z,2024/05/28,"[""アニメ""]",かんたん：2むずかしい：4げきむず：0,リリース
10011565,おやすみロマンス,むくえな,kRC6jAgrT2I,おやすみロマンス / むくえな（Official Music Video）,583295,16449,818,2.82,2.96,2022-08-05T11:00:13Z,2024/08/22,"[""ポップス""]",かんたん：2むずかしい：6げきむず：0,リリース
10012496,誓いの花束を～With You～,すとぷり,-LZJKbYIiCo,【MV】誓いの花束を～With You～／すとぷり【HoneyWorks】,6848053,130829,9859,1.91,2.05,2024-06-09T12:30:07Z,2024/08/18,"[""ポップス""]",かんたん：2むずかしい：6げきむず：0,リリース
10012495,雨天決行,すとぷり,_jGlfq85PJA,【MV】雨天決行／すとぷり,3232814,41630,5749,1.29,1.47,2024-06-16T11:55:21Z,2024/08/17,"[""ポップス""]",かんたん：2むずかしい：5げきむず：0,リリース
10012095,さよーならまたいつか!,米津 玄師,-wb2PAx6aEs,"米津玄師 - さよーならまたいつか！ Kenshi Yonezu - Sayonara, Mata Itsuka !",109870951,608761,28669,0.55,0.58,2024-04-11T23:14:57Z,2024/08/16,"[""ポップス""]",かんたん：3むずかしい：6げきむず：0,リリース
10011590,この地球のどこかで,合唱,rzym4THJtcI,【合唱】この地球のどこかで (歌詞付き),2338279,11362,884,0.49,0.52,2018-04-07T10:13:23Z,2024/08/15,"[""キッズ""]",かんたん：2むずかしい：5げきむず：0,リリース
20010023,Bling-Bang-Bang-Born,Creepy Nuts,mLW35YMzELE,Creepy Nuts｢Bling-Bang-Bang-Born｣ × TV Anime｢マッシュル-MASHLE-｣ Collaboration Music Video #BBBBダンス,437869010,2658109,47814,0.61,0.62,2024-03-03T09:00:37Z,2024/01/27,"[""アニメ""]",かんたん：3むずかしい：7げきむず：0,リリース
10011319,不思議,星野 源,ilnLczvLGAY,星野源 – 不思議 (Official Video),46145721,260779,8732,0.57,0.58,2021-05-30T12:00:13Z,2024/04/11,"[""ポップス""]",かんたん：2むずかしい：5げきむず：0,リリース
10011315,Dangerholic,Snow Man,i-PnC1tYnGM,Snow Man「Dangerholic」Music Video YouTube Ver.,81738864,0,42108,0.0,0.05,2023-07-28T14:00:09Z,2024/05/06,"[""ポップス""]",かんたん：2むずかしい：6げきむず：0,リリース
10011143,ぼくらの,Eve,exOi_zsOHwM,ぼくらの (Bokurano) - Eve Music Video,22294126,315384,6420,1.41,1.44,2023-02-24T10:00:09Z,2024/05/02,"[""アニメ""]",かんたん：3むずかしい：6げきむず：0,リリース
10011114,ひとりごつ,ハチワレ（CV：田中誠人）,X-EGAILdOG8,ひとりごつ MV【ちいかわMAD】【Music Video】,4244903,33887,496,0.8,0.81,2023-03-31T11:48:42Z,2024/04/13,"[""アニメ""]",かんたん：1むずかしい：4げきむず：0,リリース
10011028,星座になれたら,結束バンド,fJh5UeiULZs,【LIVE映像】結束バンド「星座になれたら」LIVE at 秀華祭/ 「ぼっち・ざ・ろっく！」劇中曲,27792019,300851,8481,1.08,1.11,2022-12-24T15:30:05Z,2024/05/01,"[""アニメ""]",かんたん：2むずかしい：6げきむず：0,リリース
10011005,ギターと孤独と蒼い惑星,結束バンド,p010N38zFrA,【LIVE映像】結束バンド「ギターと孤独と蒼い惑星」LIVE at STARRY / 「ぼっち・ざ・ろっく！」劇中曲,14419082,181451,4027,1.26,1.29,2022-11-05T15:30:14Z,2024/05/06,"[""アニメ""]",かんたん：2むずかしい：6げきむず：0,リリース
10011002,トウキョウ・シャンディ・ランデヴ,MAISONdes,NFMmSOWPj_k,"【239】[feat. 花譜, ツミキ] トウキョウ・シャンディ・ランデヴ / MAISONdes",76623833,525410,14750,0.69,0.7,2022-11-03T12:00:09Z,2023/03/19,"[""アニメ""]",かんたん：3むずかしい：5げきむず：0,リリース
10011554,おジャ魔女カーニバル!!,MAHO堂,_mN4xKRRUkg,おジャ魔女カーニバル!!,11864483,54747,0,0.46,0.46,2024-03-21T10:01:34Z,2024/05/04,"[""アニメ""]",かんたん：3むずかしい：7げきむず：0,リリース
10010635,Bye-Good-Bye,BE:FIRST,w-5PdHUDHX0,BE:FIRST / Bye-Good-Bye -Music Video-,41799499,210488,56244,0.5,0.64,2022-03-07T11:00:13Z,2024/03/22,"[""ポップス""]",かんたん：2むずかしい：6げきむず：0,リリース
10010647,１・２・３,After the Rain (そらる×まふまふ),ajjN7eAnyZE,[ポケットモンスターOP]１・２・３／After the Rain（そらる×まふまふ）,38516258,421154,23566,1.09,1.15,2019-11-17T09:30:00Z,2022/06/01,"[""アニメ""]",かんたん：2むずかしい：6げきむず：0,リリース
10011597,夢幻,MY FIRST STORY×HYDE,1a3b7ZpUcn4,MY FIRST STORY × HYDE – “MUGEN” (from Anime “Demon Slayer: Kimetsu no Yaiba”) Official Music Video,44934996,281888,10545,0.63,0.65,2024-06-23T14:55:00Z,2024/08/04,"[""アニメ""]",かんたん：3むずかしい：5げきむず：0,リリース
10010418,残響散歌,Aimer,tLQLa6lM3Us,Aimer「Zankyosanka」MUSIC VIDEO（Demon Slayer:Kimetsu no Yaiba Entertainment District Arc Theme Song）,283253741,1422979,25160,0.5,0.51,2021-12-12T15:00:11Z,2024/04/22,"[""アニメ""]",かんたん：2むずかしい：6げきむず：0,リリース
10010347,阿修羅ちゃん,Ado,cyq5-StPISU,【Ado】阿修羅ちゃん,113290252,906495,16444,0.8,0.81,2021-10-28T11:30:13Z,2024/05/02,"[""ポップス""]",かんたん：2むずかしい：6げきむず：0,リリース
10010342,unravel,TK from 凛として時雨,Fve_lHIPa-I,TK from 凛として時雨 『unravel』 Music Video(Full Size),79542517,1061163,25173,1.33,1.37,2020-07-23T09:00:04Z,2024/04/11,"[""アニメ""]",かんたん：2むずかしい：5げきむず：0,リリース
10010282,前前前世,RADWIMPS,PDSkFeMVNFs,RADWIMPS - 前前前世 (movie ver.) [Official Music Video],346409225,1597540,112657,0.46,0.49,2016-08-19T11:56:05Z,2024/05/22,"[""ポップス""]",かんたん：2むずかしい：7げきむず：0,リリース
10010259,廻廻奇譚,Eve,1tk1pqwrOys,廻廻奇譚 - Eve MV,443891098,3111331,84417,0.7,0.72,2020-11-20T10:00:00Z,2024/06/05,"[""アニメ""]",かんたん：2むずかしい：6げきむず：0,リリース
10012459,BREAKOUT,Snow Man,H0S28p3eoWs,Snow Man「BREAKOUT」Music Video,85140997,240719,50200,0.28,0.34,2024-06-19T13:00:08Z,2024/08/20,"[""ポップス""]",かんたん：2むずかしい：6げきむず：0,リリース
10010235,猫,DISH//,1KgAear9rao,猫,28546597,60853,269,0.21,0.21,2018-08-26T07:38:16Z,2024/04/28,"[""ポップス""]",かんたん：2むずかしい：5げきむず：8,リリース
10010236,ハルノヒ,あいみょん,pfGI91CFtRg,あいみょん – ハルノヒ【OFFICIAL MUSIC VIDEO】,126306568,383524,13230,0.3,0.31,2019-04-02T23:00:02Z,2024/05/27,"[""ポップス""]",かんたん：1むずかしい：6げきむず：0,リリース
10010202,Lemon,米津玄師,SX_ViT4Ra7k,米津玄師  Kenshi Yonezu  - Lemon,954054196,3457403,286073,0.36,0.39,2018-02-26T23:00:04Z,2024/05/12,"[""ポップス""]",かんたん：2むずかしい：5げきむず：0,リリース
10010218,千本桜,黒うさ,shs0rAiwsGQ,「ＭＶ」　千本桜　WhiteFlame feat 初音ミク,77764730,577995,26874,0.74,0.78,2014-12-02T09:40:07Z,2021/09/10,"[""ボカロ""]",かんたん：3むずかしい：6げきむず：9,リリース
10010252,うっせぇわ,Ado,Qp3b-RXtz4w,【Ado】うっせぇわ,398340604,3615521,239358,0.91,0.97,2020-10-23T11:00:11Z,2021/08/05,"[""ポップス""]",かんたん：4むずかしい：7げきむず：0,リリース
10010264,三原色,YOASOBI,nhOhFOoURnE,YOASOBI「三原色」Official Music Video,101350418,685510,15222,0.68,0.69,2021-07-03T11:00:12Z,2024/04/18,"[""ポップス""]",かんたん：3むずかしい：6げきむず：0,リリース
10010265,グッバイ宣言,FloweR,dHXC_ahjtEE,Chinozo &#39;グッバイ宣言&#39; feat.FloweR,149934029,1359596,84547,0.91,0.96,2020-04-13T09:00:34Z,2021/09/08,"[""ボカロ""]",かんたん：3むずかしい：5げきむず：8,リリース
10010276,水平線,back number,iqEr3P78fz8,back number - 水平線,284769296,1155935,41619,0.41,0.42,2020-08-17T15:00:14Z,2024/04/26,"[""ポップス""]",かんたん：2むずかしい：5げきむず：0,リリース
10010280,女々しくて,ゴールデンボンバー,BC9P3DSZu0A,ゴールデンボンバー「女々しくて」MV,24951080,213881,10067,0.86,0.9,2020-03-13T05:30:02Z,2024/06/11,"[""ポップス""]",かんたん：2むずかしい：5げきむず：7,リリース
10010287,フォニイ,ツミキ,9QLT1Aw_45s,フォニイ / phony - kafu [オリジナル],72209729,683688,13643,0.95,0.97,2021-06-05T10:00:16Z,2024/04/25,"[""ボカロ""]",かんたん：2むずかしい：6げきむず：0,リリース
10010291,おかえりらぶっ！,すとぷり,c3DazWbrI_Q,【MV】おかえりらぶっ！／すとぷり【HoneyWorks】,29057802,323873,29959,1.11,1.22,2019-06-02T10:45:00Z,2024/03/02,"[""ポップス""]",かんたん：3むずかしい：5げきむず：0,リリース
10010292,ギラギラ,Ado,sOiMD45QGLs,【Ado】ギラギラ,205786037,1357886,44550,0.66,0.68,2021-02-14T11:00:16Z,2024/04/21,"[""ポップス""]",かんたん：2むずかしい：5げきむず：0,リリース
10010296,生きる feat. 可不,水野あつ,91R2hdV_-aQ,生きる  feat. 可不 - 水野あつ,28991928,391017,12809,1.35,1.39,2021-07-22T09:00:12Z,2021/10/16,"[""ボカロ""]",かんたん：2むずかしい：4げきむず：0,リリース
10010303,キュートなカノジョ,syudou,oFmup8lxUHw,【可不】キュートなカノジョ【syudou】,42465198,435336,12369,1.03,1.05,2021-02-20T09:00:33Z,2024/05/21,"[""ボカロ""]",かんたん：3むずかしい：7げきむず：0,リリース
10010315,トンデモワンダーズ,sasakure.‌UK,dBQg24mx45Y,『トンデモワンダーズ』feat.初音ミク (+KAITO)  / sasakure.‌UK,28044421,394916,10705,1.41,1.45,2021-06-19T13:29:46Z,2023/12/27,"[""ボカロ""]",かんたん：4むずかしい：6げきむず：9,リリース
10010317,シンデレラボーイ,Saucy Dog,IVbY5edMfCA,Saucy Dog「シンデレラボーイ」Music Video ＜5th Mini Album「レイジーサンデー」2021.8.25 Release＞,129097530,628556,9365,0.49,0.49,2021-08-20T11:00:10Z,2024/05/31,"[""ポップス""]",かんたん：2むずかしい：5げきむず：0,リリース
10010327,ロキ,みきとP,Xg-qfsKN2_E,みきとP 『 ロキ 』 MV,88154145,638548,25280,0.72,0.75,2018-02-27T11:00:04Z,2024/04/12,"[""ボカロ""]",かんたん：4むずかしい：6げきむず：0,リリース
10010386,ヒバナ,DECO*27,hxSg2Ioz3LM,DECO*27 - ヒバナ feat. 初音ミク,80423142,594753,21068,0.74,0.77,2017-08-04T10:00:04Z,2022/01/09,"[""ボカロ""]",かんたん：4むずかしい：6げきむず：8,リリース
10010389,ゴーストルール feat. 初音ミク,DECO*27,KushW6zvazM,DECO*27 - ゴーストルール feat. 初音ミク,54409284,469464,12764,0.86,0.89,2016-01-08T11:00:00Z,2024/05/15,"[""ボカロ""]",かんたん：2むずかしい：7げきむず：0,リリース
10010390,第六感,Reol,Ue6VQTcKPQo,Reol - &#39;第六感 / THE SIXTH SENSE&#39; Music Video,80562851,773673,18168,0.96,0.98,2020-07-28T15:00:11Z,2024/04/08,"[""ポップス""]",かんたん：2むずかしい：5げきむず：0,リリース
10010399,神っぽいな feat. 初音ミク,ピノキオピー,EHBFKhLUVig,ピノキオピー - 神っぽいな feat. 初音ミク / God-ish,87950075,844127,15954,0.96,0.98,2021-09-17T10:00:05Z,2022/01/02,"[""ボカロ""]",かんたん：3むずかしい：5げきむず：0,リリース
10010414,踊り子,Vaundy,7HgJIAUtICU,【第75回NHK紅白歌合戦 歌唱曲】踊り子 / Vaundy：MUSIC VIDEO,137909147,1211822,19516,0.88,0.89,2021-11-16T15:00:11Z,2024/04/10,"[""ポップス""]",かんたん：1むずかしい：5げきむず：0,リリース
10010453,ベテルギウス,優里,cbqvxDTLMps,優里『ベテルギウス』Official Music Video,68236262,414942,7297,0.61,0.62,2021-11-18T12:00:10Z,2024/04/21,"[""ポップス""]",かんたん：2むずかしい：6げきむず：0,リリース
10010471,秒針を噛む,ずっと真夜中でいいのに。,GJI4Gv7NbmE,ずっと真夜中でいいのに。『秒針を噛む』MV (ZUTOMAYO – Byoushinwo Kamu),149863827,1153566,31701,0.77,0.79,2018-06-04T12:00:03Z,2024/04/15,"[""ポップス""]",かんたん：3むずかしい：6げきむず：0,リリース
10010502,おもかげ,milet×Aimer×幾田りら,Z2Z9V-4DMGw,milet×Aimer×幾田りら - おもかげ (produced by Vaundy) / THE FIRST TAKE,72602757,688414,15929,0.95,0.97,2021-12-17T13:00:13Z,2024/05/10,"[""ポップス""]",かんたん：2むずかしい：5げきむず：0,リリース
10010520,ダーリンダンス feat.初音ミク,かいりきベア,Rkrm5foi188,【公式】 ダーリンダンス／かいりきベア feat.初音ミク,46934462,452314,10723,0.96,0.99,2020-08-30T09:30:04Z,2024/04/19,"[""ボカロ""]",かんたん：2むずかしい：6げきむず：8,リリース
10010523,少女レイ feat. 初音ミク,みきとP,JW3N-HvU0MA,みきとP 『 少女レイ 』 MV,48082307,523161,16564,1.09,1.12,2018-07-18T12:00:01Z,2022/04/03,"[""ボカロ""]",かんたん：2むずかしい：5げきむず：0,リリース
10010548,魔法少女とチョコレゐト feat. 初音ミク,ピノキオピー,T2kS1gAbxhc,ピノキオピー - 魔法少女とチョコレゐト feat. 初音ミク / Magical Girl and Chocolate,36604713,422667,6698,1.15,1.17,2022-02-25T10:00:35Z,2024/02/11,"[""ボカロ""]",かんたん：3むずかしい：6げきむず：0,リリース
10010555,春泥棒,ヨルシカ,Sw1Flgub9s8,ヨルシカ - 春泥棒（OFFICIAL VIDEO）,121455989,817718,24627,0.67,0.69,2021-01-09T12:00:17Z,2024/04/24,"[""ポップス""]",かんたん：2むずかしい：5げきむず：0,リリース
10010560,天ノ弱 feat.GUMI,164 feat.GUMI,2-zPY0vrpjQ,天ノ弱／164 feat.GUMI（公式),59414233,507021,18628,0.85,0.88,2014-11-11T00:18:13Z,2024/01/17,"[""ボカロ""]",かんたん：4むずかしい：7げきむず：0,リリース
10010561,乙女解剖 feat. 初音ミク,DECO*27,7zwCIz-Ohn4,DECO*27 - 乙女解剖 feat. 初音ミク,54766806,481397,14406,0.88,0.91,2019-01-18T10:00:00Z,2024/02/25,"[""ボカロ""]",かんたん：3むずかしい：7げきむず：0,リリース
10010591,恋の約束,いれいす,lDrqagpfSbQ,【MV】恋の約束 /いれいす,2578908,56871,6020,2.21,2.44,2020-10-09T11:00:28Z,2024/07/12,"[""ポップス""]",かんたん：2むずかしい：6げきむず：0,リリース
10010631,Habit,SEKAI NO OWARI,8OZDgBmehbA,SEKAI NO OWARI「Habit」,238025506,1532614,45698,0.64,0.66,2022-04-28T11:00:32Z,2024/01/20,"[""ポップス""]",かんたん：3むずかしい：7げきむず：9,リリース
10010633,The Answer,なにわ男子,8wCrYHNw0dI,なにわ男子 - The Answer [Music Video Dance ver.],52740648,0,18519,0.0,0.04,2022-05-04T12:00:06Z,2024/06/03,"[""ポップス""]",かんたん：2むずかしい：6げきむず：0,リリース
10010640,イエスタデイ,Official髭男dism,DuMqFknYHBs,Official髭男dism - イエスタデイ［Official Video］,207419431,797928,35096,0.38,0.4,2019-09-20T12:00:05Z,2024/04/18,"[""ポップス""]",かんたん：2むずかしい：5げきむず：0,リリース
10010652,D.D.,Snow Man,rSD7jb4Xjq8,Snow Man「D.D.」MV (YouTube ver.),122704160,0,333207,0.0,0.27,2019-12-24T19:00:05Z,2024/04/29,"[""ポップス""]",かんたん：2むずかしい：6げきむず：0,リリース
10010655,ともに,WANIMA,qag4ewos4TE,WANIMA - ともに (OFFICIAL VIDEO),198464026,702734,27943,0.35,0.37,2016-07-29T14:11:41Z,2023/12/03,"[""ポップス""]",かんたん：3むずかしい：5げきむず：0,リリース
10010664,夏祭り,Whiteberry,AZRR01YOKcM,Whiteberry「夏祭り」MUSIC VIDEO,17518644,93911,3871,0.54,0.56,2021-07-12T06:00:04Z,2022/06/17,"[""ポップス""]",かんたん：3むずかしい：5げきむず：7,リリース
10010687,酔いどれ知らず feat.GUMI,Kanaria,vB8sxY_PJ_w,【GUMI】酔いどれ知らず【Kanaria】,56048005,557784,13679,1.0,1.02,2022-05-02T10:00:23Z,2022/07/09,"[""ボカロ""]",かんたん：3むずかしい：5げきむず：8,リリース
10010706,ダイヤモンドスマイル,なにわ男子,uQx7Lmb-dcg,なにわ男子 - ダイヤモンドスマイル [Music Video Dance ver.],26598184,0,6121,0.0,0.02,2022-07-23T03:30:11Z,2024/04/15,"[""ポップス""]",かんたん：3むずかしい：5げきむず：0,リリース
10010760,ベノム,v4 flower,oRJBwaZ59fQ,【公式】 ベノム／かいりきベア feat.flower,70967301,591521,18986,0.83,0.86,2018-08-02T11:09:09Z,2024/04/30,"[""ボカロ""]",かんたん：3むずかしい：7げきむず：0,リリース
10010768,だから僕は音楽を辞めた,ヨルシカ,KTZ-y85Erus,ヨルシカ - だから僕は音楽を辞めた (Music Video),204672577,1289342,30500,0.63,0.64,2019-04-05T10:02:01Z,2024/07/07,"[""ポップス""]",かんたん：2むずかしい：6げきむず：8,リリース
10010773,HANABI,Mr.Children,EXxaBXKjl6Q,Mr.Children 「HANABI」 MUSIC VIDEO,110615119,252835,10404,0.23,0.24,2013-05-28T14:58:52Z,2024/04/17,"[""ポップス""]",かんたん：3むずかしい：5げきむず：0,リリース
10010793,アンノウン・マザーグース,wowaka,P_CSdxSGfaA,wowaka 『アンノウン・マザーグース』feat. 初音ミク / wowaka - Unknown Mother-Goose (Official Video) ft. Hatsune Miku,72190119,525526,17881,0.73,0.75,2017-08-22T08:00:01Z,2024/07/21,"[""ボカロ""]",かんたん：3むずかしい：7げきむず：9,リリース
10010901,サウダージ,ポルノグラフィティ,lzsB4eKPdJI,ポルノグラフィティ『サウダージ』MUSIC VIDEO,35733480,273786,4417,0.77,0.78,2021-09-03T15:00:26Z,2023/12/19,"[""ポップス""]",かんたん：2むずかしい：5げきむず：0,リリース
10010909,ラグトレイン,稲葉曇,UnIhRpIT7nc,稲葉曇『ラグトレイン』Vo. 歌愛ユキ,88967888,1180435,21598,1.33,1.35,2020-07-16T11:00:13Z,2024/05/07,"[""ボカロ""]",かんたん：3むずかしい：6げきむず：0,リリース
10010912,ロミエット,フォーエイト48,YpmTtHftd9k,【MV】フォーエイト48 -ロミエット (Official Music Video)/Lyric DECO*27,7573786,70387,3861,0.93,0.98,2022-06-23T10:00:09Z,2024/06/12,"[""ポップス""]",かんたん：3むずかしい：6げきむず：0,リリース
10010999,ハッピーサプライズ,なにわ男子,90FhT0I0g7w,なにわ男子 - ハッピーサプライズ [Official Music Video] YouTube ver.,13570587,0,7719,0.0,0.06,2022-10-27T10:28:10Z,2023/12/24,"[""ポップス""]",かんたん：3むずかしい：5げきむず：0,リリース
10011072,I'm a mess,MY FIRST STORY,ma4lm5eAdvg,MY FIRST STORY - I&#39;m a mess (Audio),66469016,390320,5695,0.59,0.6,2021-07-14T11:00:19Z,2024/04/14,"[""ポップス""]",かんたん：2むずかしい：5げきむず：0,リリース
10011101,春を告げる,yama,DC6JppqHkaM,yama - 春を告げる (Official Video),183501847,1422399,28531,0.78,0.79,2020-04-16T15:00:10Z,2024/04/13,"[""ポップス""]",かんたん：2むずかしい：5げきむず：0,リリース
10011110,Imitation Rain,SixTONES,pTh-ncw31ZA,SixTONES - Imitation Rain [YouTube Ver.],65677820,0,111492,0.0,0.17,2019-12-24T19:00:06Z,2024/04/29,"[""ポップス""]",かんたん：3むずかしい：5げきむず：0,リリース
10011115,幽霊東京,Ayase,DtBoAqkIJzI,幽霊東京 / Ayase (self cover),39945205,403651,6162,1.01,1.03,2019-12-23T15:00:06Z,2024/04/16,"[""ポップス""]",かんたん：3むずかしい：6げきむず：0,リリース
10011117,きゅうくらりん,いよわ feat.可不,2b1IexhKPz4,きゅうくらりん / いよわ feat.可不（Kyu-kurarin / Iyowa feat.Kafu）,95321775,915711,29714,0.96,0.99,2021-08-29T11:00:01Z,2024/04/14,"[""ボカロ""]",かんたん：4むずかしい：7げきむず：0,リリース
10011124,青春ラプソディ,なにわ男子,q2ekMmjvOZI,なにわ男子 - 青春ラプソディ [Official Music Video] YouTube ver.,16275523,0,7117,0.0,0.04,2023-02-17T10:28:07Z,2024/06/26,"[""ポップス""]",かんたん：4むずかしい：6げきむず：0,リリース
10011127,名前は片想い,indigo la End,aqoeNOw4_uQ,indigo la End「名前は片想い」,20551276,201426,2583,0.98,0.99,2023-01-27T11:00:07Z,2024/06/20,"[""ポップス""]",かんたん：3むずかしい：6げきむず：0,リリース
10011140,Tokimeki,Vaundy,-_PKhPMXMDY,Tokimeki / Vaundy：MUSIC VIDEO,18893556,118989,2215,0.63,0.64,2023-03-29T15:00:11Z,2024/05/01,"[""ポップス""]",かんたん：2むずかしい：5げきむず：0,リリース
10011158,ビート DE トーヒ,ハマいく,ypCXPcKYS60,ハマいく - ビートDEトーヒ【MV】,10228205,89950,1946,0.88,0.9,2023-04-22T14:30:16Z,2023/04/27,"[""ポップス""]",かんたん：3むずかしい：5げきむず：0,リリース
10011177,ハナタバ,MIMI,7xht3kQO_TM,『 ハナタバ 』/ MIMI feat. 可不,24894987,257162,5454,1.03,1.05,2022-11-19T10:00:09Z,2024/05/05,"[""ボカロ""]",かんたん：3むずかしい：6げきむず：9,リリース
10011224,男の子のために可愛いわけじゃない！,星乃夢奈,-lgHpWPtV4U,男の子のために可愛いわけじゃない！／星乃夢奈【Official Music Video】,7137282,73471,1039,1.03,1.04,2023-04-12T09:00:09Z,2024/01/23,"[""ポップス""]",かんたん：3むずかしい：5げきむず：0,リリース
10011241,Poppin’ Hoppin’ Lovin’,なにわ男子,8KXbNShp8rs,なにわ男子 - Poppin&#39; Hoppin&#39; Lovin&#39; [Official Music Video] YouTube ver.,20161555,0,7715,0.0,0.04,2023-06-06T10:28:09Z,2024/04/23,"[""ポップス""]",かんたん：2むずかしい：5げきむず：0,リリース
10011271,888月~夏にも程がある~,リサイタルズ,rwgA7mVXcM0,リサイタルズ - ｢888月 〜夏にも程がある〜｣［Official Music Video］,15866521,181425,15100,1.14,1.24,2022-08-05T12:00:09Z,2023/11/13,"[""ポップス""]",かんたん：3むずかしい：5げきむず：0,リリース
10011276,夏色,ゆず,hhDzDL9Y2Lo,ゆず『夏色』MUSIC VIDEO,6143651,48815,1397,0.79,0.82,2023-06-01T11:59:56Z,2024/07/17,"[""ポップス""]",かんたん：2むずかしい：6げきむず：0,リリース
10011279,斜陽,ヨルシカ,bqigIHMComE,ヨルシカ - 斜陽（OFFICIAL VIDEO）,23821959,192894,3551,0.81,0.82,2023-05-10T09:00:30Z,2024/04/09,"[""ポップス""]",かんたん：2むずかしい：5げきむず：0,リリース
10011290,Magic,Mrs. GREEN APPLE,CN-Ja6jCweA,Mrs. GREEN APPLE「Magic」Official Music Video,64652031,317089,9091,0.49,0.5,2023-06-13T12:00:08Z,2023/11/20,"[""ポップス""]",かんたん：3むずかしい：5げきむず：0,リリース
10011293,たぶん,YOASOBI,8iuLXODzL04,YOASOBI「たぶん」Official Music  Video,158148849,1636741,22355,1.03,1.05,2020-07-20T11:00:13Z,2024/04/30,"[""ポップス""]",かんたん：1むずかしい：6げきむず：0,リリース
10011306,Shining One,BE:FIRST,FGbv7b1UZAU,BE:FIRST / Shining One -Music Video-,41334271,254921,62860,0.62,0.77,2021-08-16T11:00:16Z,2024/05/04,"[""ポップス""]",かんたん：2むずかしい：6げきむず：0,リリース
10011343,Surges,Orangestar (feat. 夏背 & ルワン),QvWsAIc5mO8,Orangestar - Surges (feat. 夏背 &amp; ルワン) / カロリーメイト web movie,61422919,592449,16444,0.96,0.99,2021-08-12T10:30:56Z,2024/01/01,"[""ボカロ""]",かんたん：3むずかしい：5げきむず：9,リリース
10011346,全力キング,古川 貴之,e1cdEpR8OIs,全力キング,5557167,22944,0,0.41,0.41,2023-04-04T15:03:04Z,2024/07/14,"[""キッズ""]",かんたん：3むずかしい：6げきむず：0,リリース
10011349,シンクロニシティ,乃木坂46,f0wbnQw89J0,乃木坂46 『シンクロニシティ』,62422590,273260,34075,0.44,0.49,2018-04-06T03:00:05Z,2024/04/24,"[""ポップス""]",かんたん：3むずかしい：6げきむず：0,リリース
10011361,CRUISIN',IMP.,whI3S1O4GJ4,IMP. 「CRUISIN’」Official MV,17741913,152289,77269,0.86,1.29,2023-08-17T15:00:07Z,2024/04/16,"[""ポップス""]",かんたん：3むずかしい：5げきむず：0,リリース
20010002,さくらんぼ,大塚 愛,upODO6OuOOk,大塚 愛 / さくらんぼ,34934734,199363,12422,0.57,0.61,2015-06-30T12:10:31Z,2024/04/12,"[""ポップス""]",かんたん：3むずかしい：6げきむず：0,リリース
10011402,愛のうた,ストロベリー・フラワー,k-scKkglR6M,Ai No Uta,3693848,34320,2,0.93,0.93,2018-02-23T11:22:11Z,2024/04/20,"[""ポップス""]",かんたん：1むずかしい：5げきむず：0,リリース
10011405,なにやってもうまくいかない,meiyo,vxoKuhPca-A,【meiyo】なにやってもうまくいかない【MV】,49174662,647512,12354,1.32,1.34,2021-09-26T11:00:10Z,2024/06/28,"[""ポップス""]",かんたん：3むずかしい：6げきむず：8,リリース
10011407,証拠,WEST.,WsZzYDa6XYE,WEST. - 証拠 from WOWOW presents WEST. 10th Anniversary Live &quot;W&quot;,1523306,32952,1808,2.16,2.28,2024-10-13T13:00:27Z,2024/04/09,"[""ポップス""]",かんたん：2むずかしい：6げきむず：0,リリース
10011416,ランデヴー,シャイトープ,OGrGg8TvEjU,ランデヴー,38840767,188046,362,0.48,0.49,2023-08-30T15:53:00Z,2024/01/24,"[""ポップス""]",かんたん：2むずかしい：6げきむず：0,リリース
20010008,GOD KNOWS…,平野 綾,5QNaSMiZ_-o,God knows...,53218677,235470,8,0.44,0.44,2020-11-24T10:27:43Z,2024/05/13,"[""アニメ""]",かんたん：3むずかしい：6げきむず：0,リリース
10011427,HERO,INI,yB95FFmtiVs,INI | &#39;HERO&#39; @ WANIMA presents 1CHANCE FESTIVAL 2022,4618503,51451,4797,1.11,1.22,2022-10-17T12:00:40Z,2024/05/20,"[""ポップス""]",かんたん：2むずかしい：6げきむず：0,リリース
10011428,New Day,INI,HUT81VaUeyY,INI｜&#39;New Day&#39; Performance Video,11168328,48125,12756,0.43,0.55,2023-02-06T09:00:11Z,2024/04/23,"[""ポップス""]",かんたん：2むずかしい：5げきむず：0,リリース
20010011,ダダダダ天使,ナナヲアカリ,ANp0qch3XVM,ダダダダ天使 / ナナヲアカリ,57721071,535383,21719,0.93,0.97,2017-07-31T11:56:28Z,2024/04/17,"[""ポップス""]",かんたん：3むずかしい：6げきむず：0,リリース
20010012,だれかの心臓になれたなら,ユリイ・カノン,hZFBTnzKa54,だれかの心臓になれたなら /ユリイ・カノン feat.GUMI,68818630,572821,21038,0.83,0.86,2018-02-12T11:30:02Z,2024/05/26,"[""ボカロ""]",かんたん：3むずかしい：6げきむず：8,リリース
10011440,今-明日 世界が終わっても-,SEVENTEEN,vvN4FgqNXwE,SEVENTEEN (세븐틴) &#39;今 -明日 世界が終わっても-&#39; (Ima -Even if the world ends tomorrow-) Official MV,30317635,588458,21161,1.94,2.01,2023-08-22T14:58:10Z,2024/01/16,"[""ポップス""]",かんたん：3むずかしい：6げきむず：0,リリース
20010013,プリキュア5、スマイル go go!,コロムビア・オーケストラ,losZp8fAVGY,【プリキュア5、スマイル go go! - コロムビア・オーケストラ】今日はどれを着てあそぶ？着せ替えリズムゲーム♪ #プリキュア5 #コロムビアオーケストラ #あにまらいぶ #shorts,333,5,0,1.5,1.5,2024-06-28T09:00:50Z,2024/05/16,"[""キッズ"", ""アニメ""]",かんたん：3むずかしい：6げきむず：0,リリース
10011446,舞い落ちる花びら (Fallin' Flower),SEVENTEEN,u4iDL3c0T1c,[MV]SEVENTEEN - 舞い落ちる花びら (Fallin&#39; Flower),58416479,985773,64300,1.69,1.8,2020-03-23T23:00:14Z,2024/05/09,"[""ポップス""]",かんたん：1むずかしい：5げきむず：0,リリース
10011479,BIRI-BIRI,YOASOBI,shZyg5VFI1Y,YOASOBI「Biri-Biri」 Official Music Video,35627640,428131,0,1.2,1.2,2023-11-18T13:00:09Z,2024/01/25,"[""ポップス""]",かんたん：4むずかしい：6げきむず：0,リリース
10011485,ボルテッカー feat. 初音ミク,DECO*27,C-7TIDIKc98,DECO*27 - ボルテッカー feat. 初音ミク,22715784,446591,8226,1.97,2.0,2023-09-29T10:00:11Z,2024/04/08,"[""ボカロ""]",かんたん：2むずかしい：7げきむず：0,リリース
10011493,ラブソング,マルシィ,gNieKej1GAM,マルシィ – ラブソング（Official Music Video）,20600983,100649,1321,0.49,0.49,2023-10-03T12:00:09Z,2024/04/22,"[""ポップス""]",かんたん：1むずかしい：5げきむず：0,リリース
20010021,世界はあなたに笑いかけている,Little Glee Monster,dKKcSFWZ_vY,世界はあなたに笑いかけている,5508552,20633,105,0.37,0.38,2018-09-27T14:21:30Z,2024/04/25,"[""ポップス""]",かんたん：3むずかしい：6げきむず：0,リリース
10011499,すきっちゅーの!,HoneyWorks feat.かぴ,jOZSjMKuE1g,すきっちゅーの！feat. ちゅーたん（CV：早見沙織）／HoneyWorks,21030528,236074,6286,1.12,1.15,2023-09-01T11:30:31Z,2024/03/16,"[""ポップス""]",かんたん：3むずかしい：6げきむず：0,リリース
10011502,CHEMY×STORY,BACK-ON,WzWsiCSCNMo,CHEMY×STORY （『仮面ライダーガッチャード』主題歌）,5215012,26894,762,0.52,0.53,2023-12-09T10:00:23Z,2024/04/20,"[""アニメ"", ""キッズ""]",かんたん：2むずかしい：6げきむず：0,リリース
10011506,STARBOYS,FANTASTICS from EXILE TRIBE,QMQw_waEPi0,【Music Video】STARBOYS / FANTASTICS,3289090,23696,3294,0.72,0.82,2023-11-03T11:00:11Z,2024/07/23,"[""ポップス""]",かんたん：2むずかしい：6げきむず：0,リリース
20010025,美人,ちゃんみな,r2bHEcxB5kY,ちゃんみな - 美人 (Official Music Video) -,15429114,580020,11077,3.76,3.83,2021-03-18T15:00:16Z,2024/06/25,"[""ポップス""]",かんたん：2むずかしい：5げきむず：0,リリース
10011513,ハローハロー,てれび戦士,F-q3D9hcctY,Hello Hello,423492,3762,0,0.89,0.89,2021-07-06T10:09:41Z,2024/04/28,"[""キッズ""]",かんたん：2むずかしい：5げきむず：0,リリース
10011532,すきっ！,超ときめき♡宣伝部,5OSrxVXI8wo,超ときめき♡宣伝部 / すきっ！〜超ver〜 MUSIC VIDEO,7376538,204641,6775,2.77,2.87,2021-08-15T13:00:11Z,2024/05/11,"[""ポップス""]",かんたん：2むずかしい：6げきむず：0,リリース
10011533,最上級にかわいいの！,超ときめき♡宣伝部,Y4KjiTGBggw,超ときめき♡宣伝部 / 「最上級にかわいいの！」Music Video,21400132,126253,5565,0.59,0.62,2024-04-20T12:00:07Z,2024/05/25,"[""ポップス""]",かんたん：2むずかしい：5げきむず：0,リリース
10011535,♡人生♡,コレサワ,WNISLPMUz1E,コレサワ「♡人生♡」【Lyric Video】,3433785,26896,342,0.78,0.79,2024-04-27T11:00:06Z,2024/04/27,"[""ポップス""]",かんたん：3むずかしい：6げきむず：0,リリース
10011536,ナハトムジーク,Mrs. GREEN APPLE,Dsylo684yWA,Mrs. GREEN APPLE「ナハトムジーク」Official Music Video,34643801,253885,10480,0.73,0.76,2024-01-16T15:00:11Z,2024/06/23,"[""ポップス""]",かんたん：1むずかしい：5げきむず：0,リリース
10011540,イガク,原口沙輔,F38EuG2dAyM,イガク - 重音テト,50541313,517004,12262,1.02,1.05,2024-02-28T12:00:23Z,2024/06/01,"[""ボカロ""]",かんたん：3むずかしい：6げきむず：0,リリース
20010027,手のひらを太陽に,由紀 さおり・安田 祥子,BzyWI0qFlhc,由紀さおり童謡で伝える会　vol.1 手のひらを太陽に,12038,339,0,2.82,2.82,2020-05-04T09:32:27Z,2024/06/02,"[""キッズ""]",かんたん：2むずかしい：4げきむず：0,リリース
10011543,だいしきゅーだいしゅき,femme fatale,Uywq8FzxWiU,femme fatale「だいしきゅーだいしゅき」Music Video,11598011,163481,2421,1.41,1.43,2022-03-04T12:00:23Z,2024/05/17,"[""ポップス""]",かんたん：3むずかしい：7げきむず：0,リリース
10011546,オレンジ,SPYAIR,YkVjY1F-Eoc,SPYAIR『オレンジ』Music Video（『劇場版ハイキュー!! ゴミ捨て場の決戦』主題歌）,53546776,313565,5557,0.59,0.6,2024-02-17T12:00:11Z,2024/04/26,"[""アニメ""]",かんたん：2むずかしい：6げきむず：0,リリース
10011548,オーバーライド,吉田 夜世,LLjfal8jCYI,オーバーライド - 重音テトSV[吉田夜世],90807851,686233,18879,0.76,0.78,2023-11-29T10:00:07Z,2024/06/16,"[""ボカロ""]",かんたん：3むずかしい：6げきむず：8,リリース
10011549,Party!!,緑黄色社会,7-h8UA7fFmg,緑黄色社会『Party!!』Official Video / Ryokuoushoku Shakai – Party!!,5982942,40772,994,0.68,0.7,2024-02-22T14:00:04Z,2024/05/23,"[""アニメ"", ""ポップス""]",かんたん：2むずかしい：6げきむず：0,リリース
10011551,Believe,杉本 竜一,1eSxTnMcTMs,【合唱曲】Believe / 歌詞付き【9/200】,4493808,26260,1626,0.58,0.62,2021-01-29T10:30:01Z,2024/05/30,"[""キッズ""]",かんたん：1むずかしい：4げきむず：0,リリース
10011553,翼をください,赤い鳥,t9PDg7Rg_Zw,赤い鳥　『翼をください』　1971年,1107234,6375,384,0.58,0.61,2019-02-13T11:31:35Z,2024/06/07,"[""ポップス"", ""キッズ""]",かんたん：1むずかしい：4げきむず：0,リリース
20010029,イチカバチカ,山内 惠介,DT3tdyVm__s,山内惠介「イチカバチカ」[Official Audio],321211,2799,385,0.87,0.99,2023-06-21T03:00:12Z,2024/06/22,"[""アニメ"", ""キッズ""]",かんたん：2むずかしい：5げきむず：0,リリース
20010030,えがおのまほう,大原 ゆい子,PYGUHpDenlg,大原ゆい子「えがおのまほう」ミュージックビデオ　DANCE ver.／TVアニメ『はなかっぱ』新OPテーマ,13462609,0,0,0.0,0.0,2019-03-31T15:00:02Z,2024/05/14,"[""アニメ"", ""キッズ""]",かんたん：2むずかしい：5げきむず：0,リリース
20010031,アンパンマンたいそう,CHA-CHA,e73a3KcHdgA,アンパンマンたいそう(初代) - CHA-CHA,641742,1883,175,0.29,0.32,2019-08-07T06:04:14Z,2024/05/19,"[""アニメ"", ""キッズ""]",かんたん：1むずかしい：5げきむず：0,リリース
20010032,サンサンたいそう,ドリーミング・アンパン合唱団,y6lqPw8T9G4,サンサンたいそう （テレビサイズver.）［公式エンディングテーマ］,78270121,0,0,0.0,0.0,2023-03-24T01:00:20Z,2024/06/13,"[""アニメ"", ""キッズ""]",かんたん：2むずかしい：4げきむず：0,リリース
10011556,ビビデバ,星街すいせい,8ZP5eqm4JqM,ビビデバ / 星街すいせい(official),159061938,0,38620,0.0,0.02,2024-03-22T12:00:07Z,2024/04/27,"[""ポップス""]",かんたん：3むずかしい：6げきむず：0,リリース
20010033,勇気りんりん,ドリーミング・アンパン合唱団,STZ9rOXCJEY,勇気りんりん （テレビサイズver.）［公式エンディングテーマ］,32524903,0,0,0.0,0.0,2023-03-24T01:00:12Z,2024/05/03,"[""アニメ"", ""キッズ""]",かんたん：1むずかしい：4げきむず：0,リリース
10011557,Click,ME:I,G-LdNMa99oQ,ME:I (ミーアイ) ⊹ &#39;Click&#39; Official MV,33408748,271009,40145,0.81,0.93,2024-03-25T08:59:08Z,2024/05/29,"[""ポップス""]",かんたん：3むずかしい：6げきむず：0,リリース
10011559,NEW KAWAII,FRUITS ZIPPER,7Am9TCA3WrA,【MV】FRUITS ZIPPER「NEW KAWAII」,24446173,118544,5235,0.48,0.51,2024-04-01T14:00:08Z,2024/06/10,"[""ポップス""]",かんたん：2むずかしい：5げきむず：0,リリース
10011562,ハート,WEST.,rRcVpC-sfAM,WEST. - ハート［Official Music Video］,3674242,50895,3919,1.39,1.49,2024-03-16T12:30:07Z,2024/06/24,"[""アニメ""]",かんたん：4むずかしい：7げきむず：0,リリース
10011563,パジャマパーティーズのうた,パジャマパーティーズ,LzzW_TBL558,パジャマパーティーズのうた,10042031,125380,0,1.25,1.25,2024-02-22T10:02:15Z,2024/06/04,"[""アニメ""]",かんたん：1むずかしい：5げきむず：0,リリース
20010035,スーパースター,ケツメイシ,xFFdgK7gvlc,ケツメイシ「スーパースター」,3521524,16034,803,0.46,0.48,2020-11-04T00:00:06Z,2024/06/29,"[""キッズ"", ""アニメ""]",かんたん：3むずかしい：6げきむず：0,リリース
20010037,世界中のこどもたちが,宝塚少年少女合唱団,MEU8odHzh6Y,世界中の子どもたちが　津久見樫の実少年少女合唱団,588271,815,38,0.14,0.15,2012-03-15T17:03:45Z,2024/06/18,"[""キッズ""]",かんたん：1むずかしい：5げきむず：0,リリース
10011568,混沌ブギ,jon-YAKITORY,1Swg-aBO9eY,"混沌ブギ / jon-YAKITORY, 初音ミク -Konton Boogie / jon-YAKITORY, Hatsune Miku-",82338029,763862,21385,0.93,0.95,2023-08-30T11:00:01Z,2024/06/06,"[""ボカロ""]",かんたん：4むずかしい：6げきむず：0,リリース
10011569,《A》BEGINNING,Aぇ! group,aIXcSB9fSyo,Aぇ! group「《A》BEGINNING」Official Music Video - Streaming Ver. -,13704767,119919,42154,0.88,1.18,2024-04-15T11:30:06Z,2024/06/19,"[""ポップス""]",かんたん：3むずかしい：6げきむず：0,リリース
10011570,会いにいくのに,あいみょん,iqSspWjCA6s,あいみょん – 会いに行くのに【OFFICIAL MUSIC VIDEO】,10747090,51941,1987,0.48,0.5,2024-05-22T11:00:07Z,2024/06/21,"[""ポップス""]",かんたん：2むずかしい：5げきむず：0,リリース
20010039,ハッピー・ジャムジャム,しまじろう,lZRNUvDOzmY,ハッピー・ジャムジャム｜しまじろうコンサート連動曲 【しまじろうチャンネル公式】,55693588,0,0,0.0,0.0,2013-05-27T01:06:31Z,2024/06/15,"[""キッズ""]",かんたん：1むずかしい：5げきむず：0,リリース
10011575,無責任でええじゃないかLOVE,KAMIGATA BOYZ,I-xwDWfGIc4,KAMIGATA BOYZ - 無責任でええじゃないかLOVE [Official Music Video],19945701,0,20875,0.0,0.1,2024-05-03T03:00:07Z,2024/06/14,"[""ポップス""]",かんたん：3むずかしい：7げきむず：0,リリース
10011576,MOTTAI,P丸様。,X96zX6Ahfko,【MV】MOTTAI／P丸様。,26313517,313576,6601,1.19,1.22,2022-07-01T09:00:08Z,2024/08/10,"[""ポップス""]",かんたん：3むずかしい：7げきむず：9,リリース
10011579,III,宝鐘マリン & Kobo Kanaeru,lUDPjyfmJrs,【original anime MV】III【hololive/宝鐘マリン＆こぼ・かなえる】,53623335,703751,14079,1.31,1.34,2024-05-03T11:57:09Z,2024/07/06,"[""ポップス""]",かんたん：2むずかしい：6げきむず：0,リリース
20010040,ハム太郎とっとこうた,ハムちゃんず,Lg96zmH7D7w,【アニメ】「ハム太郎とっとこうた」　（歌：ハムちゃんず）【公式】とっとこハム太郎のオープニングテーマ曲　その１,3486613,25360,916,0.73,0.75,2021-10-20T23:34:55Z,2024/07/27,"[""アニメ""]",かんたん：2むずかしい：6げきむず：0,リリース
10011580,NEW CLASSIC,なにわ男子,_PecUdX2j1A,なにわ男子 - NEW CLASSIC [Official Music Video],11700542,90015,12453,0.77,0.88,2024-03-29T12:00:08Z,2024/08/01,"[""ポップス""]",かんたん：3むずかしい：6げきむず：0,リリース
10011591,たいようのサンバ,合唱,5JMCv6Q8OEM,たいようのサンバ,178625,735,0,0.41,0.41,2018-07-10T03:32:13Z,2024/07/11,"[""キッズ""]",かんたん：1むずかしい：5げきむず：0,リリース
10011592,始まりの歌,緑黄色社会,cjf9c6TwH6o,緑黄色社会『始まりの歌』Official Video / Ryokuoushoku Shakai – Hajimarino Uta,5841177,39801,1350,0.68,0.7,2017-06-30T05:00:04Z,2024/07/09,"[""ポップス""]",かんたん：2むずかしい：5げきむず：0,リリース
10011593,サクラキミワタシ,tuki.,rpVvPAFaoqM,tuki.『サクラキミワタシ』Official Music Video,17546500,130360,3244,0.74,0.76,2024-02-19T09:00:39Z,2024/07/30,"[""ポップス""]",かんたん：2むずかしい：5げきむず：0,リリース
10011594,メズマライザー,サツキ,19y8YTbvri8,メズマライザー / 初音ミク・重音テトSV,173831294,1902044,111176,1.09,1.16,2024-04-27T10:00:02Z,2024/07/13,"[""ボカロ""]",かんたん：2むずかしい：7げきむず：8,リリース
10011599,ツキミソウ,Novelbright,WAMxwRtNrPY,Novelbright - ツキミソウ [Official Music Video],107786992,433788,10080,0.4,0.41,2020-12-11T13:00:12Z,2024/07/02,"[""ポップス""]",かんたん：1むずかしい：5げきむず：0,リリース
10011600,はいよろこんで,こっちのけんと,jzi6RNVEOtA,はいよろこんで / こっちのけんと MV,198063142,1863240,58948,0.94,0.97,2024-05-27T13:00:07Z,2024/07/20,"[""ポップス""]",かんたん：3むずかしい：6げきむず：0,リリース
10011633,好きな惣菜発表ドラゴン,ンバヂ,OnCFEo_pXaY,好きな惣菜発表ドラゴン / 重音テト,3880357,128809,2633,3.32,3.39,2023-08-08T10:00:16Z,2024/07/25,"[""ボカロ""]",かんたん：3むずかしい：5げきむず：0,リリース
10011897,しなこワールド,しなこ,t9aH2sZJpP8,【MV】しなこワールド🌷💜 /  あぃりDX・しなこ,41977173,107491,4945,0.26,0.27,2024-03-11T11:00:08Z,2024/08/03,"[""ポップス""]",かんたん：2むずかしい：5げきむず：0,リリース
10011964,魔性の女A,紫 今,d0QFalAKRNM,紫 今 - 魔性の女A / Mulasaki Ima - femme fatale A (MUSIC VIDEO),16971610,225520,2623,1.33,1.34,2024-05-10T11:00:06Z,2024/07/26,"[""ポップス""]",かんたん：2むずかしい：6げきむず：0,リリース
20010004,広告用,広告用,CAfLzv8814g,【100％広告なし】 心が落ち着くヒーリング音楽｜秋の涼しさを感じて　リラックス・癒し・睡眠・勉強・おうち時間・旅行,216509,689,46,0.32,0.34,2025-10-23T11:52:58Z,2028/10/18,[],かんたん：1むずかしい：4げきむず：0,開発中
