id,release_date,title,furigana,edit,tags,data,jasrac_code,difficulty,youtube,download,release_status,song_name,artist_name
10015301,2025/11/22,マシュマロ DECO*27 でこにーな    ,ましゅまろ,リリース通知作成,"[""ボカロ""]",true,N01690821,かんたん：0むずかしい：0げきむず：0,,ファイル名をコピー,開発中,マシュマロ,DECO*27
10014438,2025/09/09,WATCH ME! YOASOBI よあそび アニメ「ウィッチウォッチ」オープニングテーマ           ,うぉっちみー,リリース通知作成,"[""ポップス"", ""アニメ""]",true,795-3884-3,かんたん：0むずかしい：0げきむず：0,,ファイル名をコピー,開発中,WATCH ME!,YOASOBI
10014900,2025/10/14,らしさ Official髭男dism おふぃしゃるひげだんでぃずむ 劇場アニメ「ひゃくえむ。」主題歌           ,らしさ,リリース通知作成,"[""ポップス""]",true,803-1797-9,かんたん：0むずかしい：0げきむず：0,,ファイル名をコピー,開発中,らしさ,Official髭男dism
10015198,2025/12/06,SO BAD King Gnu きんぐぬー USJ『ハロウィーン・ホラー・ナイト』『ゾンビ・デ・ダンス』テーマソング           ,そーばっど,リリース通知作成,"[""ポップス""]",true,323-4491-1,かんたん：1むずかしい：6げきむず：0,,ファイル名をコピー,リリース,SO BAD,King Gnu
10011156,2024/05/03,アドベンチャー YOASOBI よあそび USJ『ユニ春』CMソング           ,あどべんちゃー,リリース通知作成,"[""ポップス""]",true,764-0404-8,かんたん：2むずかしい：6げきむず：0,,ファイル名をコピー,リリース,アドベンチャー,YOASOBI
10015067,2025/10/12,太陽が昇らない世界 Aimer えめ 『劇場版「鬼滅の刃」無限城編 』第一章 猗窩座再来』 主題歌           ,たいようがのぼらないせかい,リリース通知作成,"[""アニメ""]",true,322-1929-6,かんたん：0むずかしい：0げきむず：0,,ファイル名をコピー,開発中,太陽が昇らない世界,Aimer
10014406,2025/09/21,残酷な夜に輝け LiSA りさ 『劇場版「鬼滅の刃」無限城編 第一章 猗窩座再来』主題歌           ,ざんこくなよるにかがやけ,リリース通知作成,"[""ポップス"", ""アニメ""]",true,322-1930-0,かんたん：0むずかしい：0げきむず：0,,ファイル名をコピー,開発中,残酷な夜に輝け,LiSA
10015132,2025/12/13,はちゃめちゃわちゃライフ！ FRUITS ZIPPER ふるーつじっぱー アニメ「クレヨンしんちゃん」主題歌           ,はちゃめちゃわちゃらいふ,リリース通知作成,"[""アニメ""]",true,32957718N01666338,かんたん：2むずかしい：7げきむず：0,,ファイル名をコピー,リリース,はちゃめちゃわちゃライフ！,FRUITS ZIPPER
10014801,2025/11/29,チェリーポップ feat. 初音ミク DECO*27 でこにーな    ,ちぇりーぽっぷ,リリース通知作成,"[""ボカロ""]",true,N01659861,かんたん：2むずかしい：7げきむず：0,,ファイル名をコピー,リリース,チェリーポップ feat. 初音ミク,DECO*27
10014940,2025/11/23,カリスマックス Snow Man すのーまん    ,かりすまっくす,リリース通知作成,"[""ポップス""]",true,803-8918-0,かんたん：2むずかしい：6げきむず：0,,ファイル名をコピー,リリース,カリスマックス,Snow Man
10011039,2025/12/30,弱虫モンブラン DECO*27 でこにーな    ,よわむしもんぶらん,リリース通知作成,"[""ボカロ""]",true,17168651N00092379,かんたん：2むずかしい：5げきむず：0,,ファイル名をコピー,リリース,弱虫モンブラン,DECO*27
10014870,2025/11/22,織姫とBABY feat. 汐れいら ねぐせ。 ねぐせ    ,おりひめとべいびー,リリース通知作成,"[""ポップス""]",true,800-3371-7,かんたん：1むずかしい：6げきむず：0,,ファイル名をコピー,リリース,織姫とBABY feat. 汐れいら,ねぐせ。
10014934,2025/12/25,GOOD DAY Mrs. GREEN APPLE みせすぐりーんあっぷる 「キリングッドエール」CMソング           ,ぐっどでい,リリース通知作成,"[""ポップス""]",true,329-5146-9,かんたん：1むずかしい：6げきむず：0,,ファイル名をコピー,リリース,GOOD DAY,Mrs. GREEN APPLE
10015032,2025/10/25,"ラブソングに襲われる =LOVE いこーるらぶ   いこらぶ,いこらゔ,いこーるらゔ       ",らぶそんぐにおそわれる,リリース通知作成,[],true,804-1330-7,かんたん：0むずかしい：0げきむず：0,,ファイル名をコピー,開発中,ラブソングに襲われる,=LOVE
10014935,2025/10/13,いますぐ輪廻 なきそ なきそ    ,いますぐりんね,リリース通知作成,"[""ボカロ""]",true,N01665119,かんたん：0むずかしい：0げきむず：0,,ファイル名をコピー,開発中,いますぐ輪廻,なきそ
10011765,2024/07/19,"絶対アイドル辞めないで =LOVE   いこらぶ,いこらゔ,いこーるらゔ       ",ぜったいあいどるやめないで,リリース通知作成,"[""ポップス""]",true,302-5615-1,かんたん：3むずかしい：6げきむず：0,,ファイル名をコピー,リリース,絶対アイドル辞めないで,=LOVE
10013745,2025/06/14,"とくべチュ、して =LOVE いこーるらぶ   いこらぶ,いこらゔ,いこーるらゔ       ",とくべちゅして,リリース通知作成,"[""ポップス""]",true,315-9955-9,かんたん：2むずかしい：5げきむず：0,,ファイル名をコピー,リリース,とくべチュ、して,=LOVE
10015197,2025/12/07,Moonchaser STARGLOW すたーぐろう    ,むーんちぇいさー,リリース通知作成,"[""ポップス""]",true,329-9843-1,かんたん：0むずかしい：0げきむず：0,,ファイル名をコピー,開発中,Moonchaser,STARGLOW
10014802,2025/11/08,IRIS OUT 米津玄師 よねづけんし 劇場版『チェンソーマン レゼ篇』主題歌           ,あいりすあうと,リリース通知作成,"[""アニメ""]",true,803-4372-4,かんたん：3むずかしい：6げきむず：8,,ファイル名をコピー,リリース,IRIS OUT,米津玄師
10014936,2025/11/15,かわいいさがしてくれますか？ CUTIE STREET きゅーてぃーすとりーと    ,かわいいさがしてくれますか,リリース通知作成,"[""ポップス""]",true,N01666341,かんたん：2むずかしい：6げきむず：0,,ファイル名をコピー,リリース,かわいいさがしてくれますか？,CUTIE STREET
10014077,2025/11/02,恋風 幾田 りら いくたりら ABEMA「今日、好きになりました。」2025年4月主題歌           ,こいかぜ,リリース通知作成,"[""ポップス""]",true,798-3009-9,かんたん：2むずかしい：6げきむず：0,,ファイル名をコピー,リリース,恋風,幾田 りら
10013515,2025/11/01,超主人公 ピノキオピー    ,ちょうしゅじんこう,リリース通知作成,"[""ボカロ""]",true,N01564478,かんたん：3むずかしい：6げきむず：0,,ファイル名をコピー,リリース,超主人公,ピノキオピー
10014571,2025/10/25,アシンメトリー なにわ男子 なにわだんし ドラマ「リベンジ・スパイ」主題歌           ,あしんめとりー,リリース通知作成,"[""ポップス""]",true,323-2817-6,かんたん：1むずかしい：6げきむず：0,,ファイル名をコピー,リリース,アシンメトリー,なにわ男子
10014736,2025/10/18,プロポーズ なとり なとり    ,ぷろぽーず,リリース通知作成,"[""ポップス""]",true,799-6850-3,かんたん：2むずかしい：6げきむず：0,,ファイル名をコピー,リリース,プロポーズ,なとり
10014669,2025/10/12,"超特急逃走中 =LOVE いこーるらぶ   いこらぶ,いこらゔ,いこーるらゔ       ",ちょうとっきゅうとうそうちゅう,リリース通知作成,"[""ポップス""]",true,315-9956-7,かんたん：2むずかしい：6げきむず：0,,ファイル名をコピー,リリース,超特急逃走中,=LOVE
10014242,2025/10/11,Bring it on ROF-MAO ろふまお    ,ぶりんぐいっとおん,リリース通知作成,"[""ポップス""]",true,78627982N01473519,かんたん：3むずかしい：7げきむず：0,,ファイル名をコピー,リリース,Bring it on,ROF-MAO
10014537,2025/10/04,Blue Jeans HANA はな    ,ぶるーじーんず,リリース通知作成,"[""ポップス""]",true,800-9885-1,かんたん：1むずかしい：5げきむず：0,,ファイル名をコピー,リリース,Blue Jeans,HANA
10014409,2025/09/27,キミとルララ キュアアイドル(CV：松岡美里)&キュアウインク(CV：髙橋ミナミ)&キュアキュンキュン(CV：高森奈津美)&キュアズキューン(CV：南條愛乃)&キュアキッス(CV：花井美春） アニメ「キミとアイドルプリキュア♪」エンディング主題歌           ,きみとるらら,リリース通知作成,"[""アニメ"", ""キッズ""]",true,316-2068-0,かんたん：1むずかしい：5げきむず：0,,ファイル名をコピー,リリース,キミとルララ,キュアアイドル(CV：松岡美里)&キュアウインク(CV：髙橋ミナミ)&キュアキュンキュン(CV：高森奈津美)&キュアズキューン(CV：南條愛乃)&キュアキッス(CV：花井美春）
10014411,2025/09/20,ノンフィクションズ Da-iCE だいす 「熱闘甲子園」テーマソング           ,のんふぃくしょんず,リリース通知作成,"[""ポップス""]",true,32228261N01618910,かんたん：2むずかしい：6げきむず：0,,ファイル名をコピー,リリース,ノンフィクションズ,Da-iCE
10014240,2025/09/13,夢中 BE:FIRST びーふぁーすと フジテレビ木曜劇場「波うららかに、めおと日和」主題歌           ,むちゅう,リリース通知作成,"[""ポップス""]",true,320-0960-7,かんたん：2むずかしい：5げきむず：0,,ファイル名をコピー,リリース,夢中,BE:FIRST
10011142,2024/02/19,Ｗ Snow Man すのーまん ドラマ「放送局占拠」「大病院占拠」「新空港占拠」主題歌           ,だぶる,リリース通知作成,"[""ポップス""]",true,280-9832-3,かんたん：3むずかしい：6げきむず：0,,ファイル名をコピー,リリース,Ｗ,Snow Man
10013712,2025/05/17,愛♡スクリ～ム! AiScReam あいすくりーむ    ,あいすくりーむ,リリース通知作成,"[""ポップス""]",true,314-4484-9,かんたん：1むずかしい：5げきむず：0,,ファイル名をコピー,リリース,愛♡スクリ～ム!,AiScReam
10014244,2025/08/30,STAR to STPR STPR Creators えすてぃーぴーあーるくりえいたーず    ,すたーとぅーえすてぃーぴーあーる,リリース通知作成,"[""ポップス""]",true,N01626512,かんたん：1むずかしい：7げきむず：0,,ファイル名をコピー,リリース,STAR to STPR,STPR Creators
10014505,2025/08/31,WINNER！ゴジュウジャー！ Wienners うぃなーず 「ナンバーワン戦隊ゴジュウジャー」OP           ,うぃなーごじゅうじゃー,リリース通知作成,"[""キッズ""]",true,316-3802-3,かんたん：2むずかしい：6げきむず：0,,ファイル名をコピー,リリース,WINNER！ゴジュウジャー！,Wienners
20010320,2025/08/22,リズムダッシュ用広告8bit    ,,リリース通知作成,[],true,,かんたん：0むずかしい：0げきむず：0,,ファイル名をコピー,開発中,,
10014075,2025/08/23,どきどきキュン！で大暴走♡ いずれ菖蒲か杜若 いずれあやめかかきつばた    ,どきどききゅんでだいぼうそう,リリース通知作成,"[""ポップス""]",true,79279210N01576298,かんたん：3むずかしい：7げきむず：0,,ファイル名をコピー,リリース,どきどきキュン！で大暴走♡,いずれ菖蒲か杜若
10014405,2025/08/24,こたえあわせ てれび戦士 てれびせんし NHK「天才てれびくん」MTK           ,こたえあわせ,リリース通知作成,"[""キッズ""]",true,799-2342-9,かんたん：2むずかしい：5げきむず：0,,ファイル名をコピー,リリース,こたえあわせ,てれび戦士
10014372,2025/09/06,StaRt Mrs. GREEN APPLE みせすぐりーんあっぷる    ,すたーと,リリース通知作成,"[""ポップス""]",true,210-8499-8,かんたん：2むずかしい：6げきむず：0,,ファイル名をコピー,リリース,StaRt,Mrs. GREEN APPLE
10014410,2025/08/10,Carrying Happiness Mrs. GREEN APPLE みせすぐりーんあっぷる 「サマー・クールオフ at Tokyo Disney Resort」テーマソング           ,きゃりんぐはぴねす,リリース通知作成,"[""ポップス""]",true,800-7033-7,かんたん：2むずかしい：6げきむず：0,,ファイル名をコピー,リリース,Carrying Happiness,Mrs. GREEN APPLE
10014374,2025/08/17,T氏の話を信じるな ピノキオピー ぴのきおぴー    ,てぃーしのはなしをしんじるな,リリース通知作成,"[""ボカロ""]",true,N01649921,かんたん：3むずかしい：6げきむず：9,,ファイル名をコピー,リリース,T氏の話を信じるな,ピノキオピー
10014373,2025/08/16,ギラギラサマー なにわ男子 なにわだんし ROUND1 CMソング           ,ぎらぎらさまー,リリース通知作成,"[""ポップス""]",true,799-5614-9,かんたん：3むずかしい：6げきむず：0,,ファイル名をコピー,リリース,ギラギラサマー,なにわ男子
10013714,2025/07/05,ダイダイダイダイダイキライ 雨良 Amala あまら    ,だいだいだいだいだいきらい,リリース通知作成,"[""ボカロ""]",true,N01599765,かんたん：1むずかしい：6げきむず：8,,ファイル名をコピー,リリース,ダイダイダイダイダイキライ,雨良 Amala
10014273,2025/08/09,ハッピーラッキーチャッピー ano あの アニメ「タコピーの原罪」OP           ,はっぴーらきーちゃっぴー,リリース通知作成,"[""アニメ""]",true,799-1502-7,かんたん：2むずかしい：5げきむず：0,,ファイル名をコピー,リリース,ハッピーラッキーチャッピー,ano
20010287,2030/07/03,タップラン広告用 タップラン広告用 タップラン広告用    ,たっぷらんこうこくよう,リリース通知作成,[],true,,かんたん：0むずかしい：0げきむず：0,,ファイル名をコピー,開発中,タップラン広告用,タップラン広告用
10011519,2024/10/03,愛包ダンスホール HIMEHINA ひめひな    ,あいぱいだんすほーる,リリース通知作成,"[""ポップス""]",true,29441137N01372504,かんたん：3むずかしい：7げきむず：8,,ファイル名をコピー,リリース,愛包ダンスホール,HIMEHINA
10011024,2023/12/31,第ゼロ感 10－FEET てんふぃーと 映画『THE FIRST SLAM DUNK』ED主題歌           ,だいぜろかん,リリース通知作成,"[""アニメ""]",true,760-7471-4,かんたん：3むずかしい：5げきむず：0,,ファイル名をコピー,リリース,第ゼロ感,10－FEET
10011320,2023/12/05,僕らまた SG えすじー    ,ぼくらまた,リリース通知作成,"[""ポップス""]",true,743-8710-3,かんたん：2むずかしい：6げきむず：0,,ファイル名をコピー,リリース,僕らまた,SG
10010203,2023/12/09,残酷な天使のテーゼ 高橋洋子 たかはしようこ アニメ「新世紀エヴァンゲリオン」OP           ,ざんこくなてんしのてーぜ,リリース通知作成,"[""アニメ""]",true,035-4722-1,かんたん：2むずかしい：5げきむず：0,,ファイル名をコピー,リリース,残酷な天使のテーゼ,高橋洋子
10011377,2023/12/27,唱 Ado あど    ,しょう,リリース通知作成,"[""ポップス""]",true,772-6039-2,かんたん：3むずかしい：7げきむず：0,,ファイル名をコピー,リリース,唱,Ado
10011203,2023/11/29,わたしの一番かわいいところ FRUITS ZIPPER ふるーつじっぱー    ,わたしのいちばんかわいいところ,リリース通知作成,"[""ポップス""]",true,75384973N01144544,かんたん：3むずかしい：6げきむず：0,,ファイル名をコピー,リリース,わたしの一番かわいいところ,FRUITS ZIPPER
10010285,2023/12/15,シンデレラガール King & Prince きんぐあんどぷりんす    ,しんでれらがーる,リリース通知作成,"[""ポップス""]",true,721-7463-3,かんたん：3むずかしい：5げきむず：0,,ファイル名をコピー,リリース,シンデレラガール,King & Prince
20010016,2023/12/29,ブラザービート Snow Man すのーまん 映画『おそ松さん』主題歌           ,ぶらざーびーと,リリース通知作成,"[""ポップス""]",true,270-3567-1,かんたん：3むずかしい：6げきむず：8,,ファイル名をコピー,リリース,ブラザービート,Snow Man
10013812,2025/08/02,コドモオトナヒーロー 原宿ヒーローズ こどもおとなひーろー    ,こどもおとなひーろー,リリース通知作成,"[""ポップス""]",true,N01630094,かんたん：2むずかしい：6げきむず：0,,ファイル名をコピー,リリース,コドモオトナヒーロー,原宿ヒーローズ
10014142,2025/07/26,明日の私に幸あれ ナナヲアカリ ななをあかり アニメ「ギルドの受付嬢ですが、残業は嫌なのでボスをソロ討伐しようと思います」ED           ,あしたのわたしにさちあれ,リリース通知作成,"[""アニメ""]",true,794-3017-1,かんたん：1むずかしい：5げきむず：0,,ファイル名をコピー,リリース,明日の私に幸あれ,ナナヲアカリ
10014141,2025/07/19,超最強 超ときめき♡宣伝部 ちょうときめきせんでんぶ    ,ちょうさいきょう,リリース通知作成,"[""ポップス""]",true,31133614N01523412,かんたん：1むずかしい：6げきむず：0,,ファイル名をコピー,リリース,超最強,超ときめき♡宣伝部
10014174,2025/07/12,お返事まだカナ？おじさん構文！ 吉本おじさん よしもとおじさん    ,おへんじまだかなおじさんこうぶん,リリース通知作成,"[""ポップス""]",true,N01622262,かんたん：3むずかしい：7げきむず：0,,ファイル名をコピー,リリース,お返事まだカナ？おじさん構文！,吉本おじさん
10014010,2025/06/28,breakfast Mrs. GREEN APPLE みせすぐりーんあっぷる    ,ぶれっくふぁすと,リリース通知作成,"[""ポップス""]",true,319-7036-2,かんたん：1むずかしい：5げきむず：0,,ファイル名をコピー,リリース,breakfast,Mrs. GREEN APPLE
10013844,2025/06/21,テレパシ feat. 初音ミク DECO*27 でこにーな    ,てれぱし,リリース通知作成,"[""ボカロ""]",true,79450334N01573172,かんたん：2むずかしい：6げきむず：8,,ファイル名をコピー,リリース,テレパシ feat. 初音ミク,DECO*27
10013554,2025/06/07,虹 AMPTAKxCOLORS あんぷたっくからーず    ,にじ,リリース通知作成,"[""ポップス""]",true,78717001N01478211,かんたん：1むずかしい：5げきむず：0,,ファイル名をコピー,リリース,虹,AMPTAKxCOLORS
10013681,2025/05/31,おくすり 『ユイカ』 ゆいか    ,おくすり,リリース通知作成,"[""ポップス""]",true,794-5256-6,かんたん：1むずかしい：5げきむず：0,,ファイル名をコピー,リリース,おくすり,『ユイカ』
10011304,2024/02/22,ネクタリン てれび戦士 てれびせんし 「天才てれびくん」テーマソング           ,ねくたりん,リリース通知作成,"[""キッズ""]",true,286-1583-2,かんたん：2むずかしい：4げきむず：0,,ファイル名をコピー,リリース,ネクタリン,てれび戦士
10013582,2025/05/24,Trio Dreams キュアアイドル(CV：松岡美里)＆キュアウインク(CV：髙橋ミナミ)＆キュアキュンキュン(CV：高森奈津美) アニメ「キミとアイドルプリキュア♪」ED           ,とりおどりーむす,リリース通知作成,"[""アニメ"", ""キッズ""]",true,307-5375-9,かんたん：2むずかしい：6げきむず：0,,ファイル名をコピー,リリース,Trio Dreams,キュアアイドル(CV：松岡美里)＆キュアウインク(CV：髙橋ミナミ)＆キュアキュンキュン(CV：高森奈津美)
10013680,2025/05/03,クスシキ Mrs. GREEN APPLE みせすぐりーんあっぷる アニメ「薬屋のひとりごと」第2期第2クールOP           ,くすしき,リリース通知作成,"[""ポップス""]",true,795-7956-6,かんたん：1むずかしい：6げきむず：0,,ファイル名をコピー,リリース,クスシキ,Mrs. GREEN APPLE
10013484,2025/02/21,BOUQUET MISAMO みさも    ,ぶーけっと,リリース通知作成,"[""ポップス""]",true,764-1645-3,かんたん：2むずかしい：0げきむず：0,,ファイル名をコピー,開発中,BOUQUET,MISAMO
10013679,2025/05/10,Doki it  なにわ男子 なにわだんし AOKI「フレッシャーズフェア」CM           ,どきっと,リリース通知作成,"[""ポップス""]",true,794-5154-3,かんたん：2むずかしい：6げきむず：0,,ファイル名をコピー,リリース,Doki it,なにわ男子
10013316,2025/02/11,ビターバカンス Mrs. GREEN APPLE みせすぐりーんあっぷる 映画『聖☆おにいさん THE MOVIE～ホーリーメンVS悪魔軍団～』主題歌           ,びたーばかんす,リリース通知作成,"[""ポップス""]",true,790-6203-2,かんたん：2むずかしい：6げきむず：0,,ファイル名をコピー,リリース,ビターバカンス,Mrs. GREEN APPLE
10013384,2025/03/22,ダーリン Mrs. GREEN APPLE みせすぐりーんあっぷる 「Mrs. GREEN APPLE 18祭」テーマソング           ,だーりん,リリース通知作成,"[""ポップス""]",true,315-0657-7,かんたん：2むずかしい：5げきむず：0,,ファイル名をコピー,リリース,ダーリン,Mrs. GREEN APPLE
10013547,2025/04/26,倍倍FIGHT！ CANDY TUNE きゃんでぃーちゅーん    ,ばいばいふぁいと,リリース通知作成,"[""ポップス""]",true,78266807N01454938,かんたん：2むずかしい：6げきむず：0,,ファイル名をコピー,リリース,倍倍FIGHT！,CANDY TUNE
10013581,2025/04/19,キミとアイドルプリキュア♪ Light Up! 石井あみ・熊田茜音・吉武千颯 いしいあみ アニメ「キミとアイドルプリキュア♪」OP           ,きみとあいどるぷりきゅあ,リリース通知作成,"[""アニメ"", ""キッズ""]",true,307-1255-6,かんたん：2むずかしい：5げきむず：0,,ファイル名をコピー,リリース,キミとアイドルプリキュア♪ Light Up!,石井あみ・熊田茜音・吉武千颯
10013516,2025/04/12,僕らしさ 『ユイカ』 ゆいか アニメ「妖怪学校の先生はじめました！」ED           ,ぼくらしさ,リリース通知作成,"[""アニメ""]",true,790-0477-6,かんたん：1むずかしい：6げきむず：0,,ファイル名をコピー,リリース,僕らしさ,『ユイカ』
10011798,2024/08/25,キス・ミー・パティシエ CANDY TUNE きゃんでぃーちゅーん    ,きすみーぱてぃしえ,リリース通知作成,"[""ポップス""]",true,76611779N01232948,かんたん：2むずかしい：6げきむず：0,,ファイル名をコピー,リリース,キス・ミー・パティシエ,CANDY TUNE
10013450,2025/04/05,Sad Song ちゃんみな ちゃんみな No No Girls THE FINAL           ,さっどそんぐ,リリース通知作成,"[""ポップス""]",true,247-4205-8,かんたん：2むずかしい：5げきむず：0,,ファイル名をコピー,リリース,Sad Song,ちゃんみな
10013548,2025/04/04,イイじゃん M!LK みるく    ,いいじゃん,リリース通知作成,"[""ポップス""]",true,N01572492,かんたん：1むずかしい：5げきむず：0,,ファイル名をコピー,リリース,イイじゃん,M!LK
10013549,2025/04/03,かがみ FRUITS ZIPPER ふるーつじっぱー    ,かがみ,リリース通知作成,"[""ポップス""]",true,N01572093,かんたん：1むずかしい：6げきむず：0,,ファイル名をコピー,リリース,かがみ,FRUITS ZIPPER
20010221,2025/04/01,インドア系ならトラックメイカー Yunomi ゆのみ    ,いんどあけいならとらっくめいかー,リリース通知作成,"[""ポップス""]",true,71889604N00602731,かんたん：3むずかしい：6げきむず：0,,ファイル名をコピー,リリース,インドア系ならトラックメイカー,Yunomi
20010036,2024/05/18,POKÉDANCE ななひら    ,ぽけだんす,リリース通知作成,"[""アニメ"", ""キッズ""]",true,,かんたん：2むずかしい：6げきむず：0,,ファイル名をコピー,開発中,POKÉDANCE,ななひら
10013481,2025/03/31,ダンスロボットダンス ナユタン星人 なゆたんせいじん    ,だんすろぼっとだんす,リリース通知作成,"[""ボカロ""]",true,22439188N01455413,かんたん：2むずかしい：6げきむず：0,,ファイル名をコピー,リリース,ダンスロボットダンス,ナユタン星人
10010524,2025/04/02,アイネクライネ 米津玄師 よねづけんし    ,あいねくらいね,リリース通知作成,"[""ポップス""]",true,20018410N00051823,かんたん：2むずかしい：6げきむず：0,,ファイル名をコピー,リリース,アイネクライネ,米津玄師
20010026,2025/03/28,GOAT Number_i なんばーあい    ,ごーと,リリース通知作成,"[""ポップス""]",true,29465338N01358318,かんたん：2むずかしい：6げきむず：8,,ファイル名をコピー,リリース,GOAT,Number_i
10010936,2025/04/06,ブリキノダンス 日向電工 ひなたでんこう    ,ぶりきのだんす,リリース通知作成,"[""ボカロ""]",true,707-1786-9,かんたん：2むずかしい：6げきむず：9,,ファイル名をコピー,リリース,ブリキノダンス,日向電工
10013483,2025/03/30,NG ちゃんみな ちゃんみな 『No No Girls』 テーマソング           ,えぬじー,リリース通知作成,"[""ポップス""]",true,786-4221-3,かんたん：2むずかしい：6げきむず：0,,ファイル名をコピー,リリース,NG,ちゃんみな
20010189,2025/03/26,長く短い祭 椎名 林檎 しいなりんご    ,ながくみじかいまつり,リリース通知作成,"[""ポップス""]",true,21138508N00057016,かんたん：1むずかしい：5げきむず：0,,ファイル名をコピー,リリース,長く短い祭,椎名 林檎
10013352,2025/03/29,雨トキメキ恋模様 いろはにほへっと あやふぶみ いろはにほへっと あやふぶみ アニメ「黒岩メダカに私の可愛いが通じない」OP           ,あめときめきこいもよう,リリース通知作成,"[""アニメ""]",true,N01529013,かんたん：3むずかしい：6げきむず：0,,ファイル名をコピー,リリース,雨トキメキ恋模様,いろはにほへっと あやふぶみ
10013283,2025/03/27,イルミネーション B’z びーず 連続テレビ小説「おむすび」主題歌           ,いるみねーしょん,リリース通知作成,"[""ポップス""]",true,309-1572-4,かんたん：1むずかしい：5げきむず：0,,ファイル名をコピー,リリース,イルミネーション,B’z
10013518,2025/03/25,気まぐれロマンティック いきものがかり いきものがかり    ,きまぐれろまんてぃっく,リリース通知作成,"[""ポップス""]",true,153-7757-1,かんたん：2むずかしい：5げきむず：0,,ファイル名をコピー,リリース,気まぐれロマンティック,いきものがかり
10013482,2025/03/24,ラストノート Omoinotake おもいのたけ ドラマ「潜入兄妹　特殊詐欺特命捜査官」主題歌           ,らすとのーと,リリース通知作成,"[""ポップス""]",true,790-2004-6,かんたん：2むずかしい：6げきむず：0,,ファイル名をコピー,リリース,ラストノート,Omoinotake
10010488,2024/08/31,LOSER 米津玄師 よねづけんし    ,るーざー,リリース通知作成,"[""ポップス""]",true,22146806N00062191,かんたん：3むずかしい：6げきむず：8,,ファイル名をコピー,リリース,LOSER,米津玄師
10013288,2025/03/21,えびぞりターン! フォーエイト48 ふぉーえいと アニメ「妖怪学校の先生はじめました！」OP           ,えびぞりたーん,リリース通知作成,"[""アニメ""]",true,790-0870-4,かんたん：2むずかしい：7げきむず：0,,ファイル名をコピー,リリース,えびぞりターン!,フォーエイト48
10013353,2025/03/20,PEACE STPR Creators えすてぃーぴーあーる　くりえいたーず    ,ぴーす,リリース通知作成,"[""ポップス""]",true,77261551N01293702,かんたん：2むずかしい：6げきむず：0,,ファイル名をコピー,リリース,PEACE,STPR Creators
10013451,2025/03/18,アポリア ヨルシカ よるしか アニメ「チ。　－地球の運動について－」OP           ,あぽりあ,リリース通知作成,"[""アニメ""]",true,308-5652-3,かんたん：3むずかしい：6げきむず：0,,ファイル名をコピー,リリース,アポリア,ヨルシカ
10013250,2025/03/17,プレゼント マルシィ まるしぃ    ,ぷれぜんと,リリース通知作成,"[""ポップス""]",true,787-5005-9,かんたん：1むずかしい：6げきむず：0,,ファイル名をコピー,リリース,プレゼント,マルシィ
10013287,2025/03/14,こっち向いてほい asmi あすみ ドラマ「民王R」主題歌           ,こっちむいてほい,リリース通知作成,"[""ポップス""]",true,790-1645-6,かんたん：2むずかしい：6げきむず：0,,ファイル名をコピー,リリース,こっち向いてほい,asmi
10013448,2025/03/13,PLAZMA 米津 玄師 よねづけんし 劇場先行版『機動戦士Gundam GQuuuuuuX -Beginning-』主題歌           ,ぷらずま,リリース通知作成,"[""アニメ""]",true,794-0920-2,かんたん：2むずかしい：6げきむず：0,,ファイル名をコピー,リリース,PLAZMA,米津 玄師
10013417,2025/03/11,DOWN TOWN SWING AMPTAKxCOLORS あんぷたっくからーず    ,だうんたうんすうぃんぐ,リリース通知作成,"[""ポップス""]",true,78610460N01478209,かんたん：3むずかしい：6げきむず：0,,ファイル名をコピー,リリース,DOWN TOWN SWING,AMPTAKxCOLORS
10013418,2025/03/10,走れSAKAMOTO Vaundy ばうんでぃ アニメ「SAKAMOTO DAYS」OP           ,はしれさかもと,リリース通知作成,"[""アニメ""]",true,314-1761-2,かんたん：2むずかしい：5げきむず：0,,ファイル名をコピー,リリース,走れSAKAMOTO,Vaundy
10010963,2023/01/27,私以外私じゃないの ゲスの極み乙女。 げすのきわみおとめ    ,わたしいがいわたしじゃないの,リリース通知作成,"[""ポップス""]",true,20931093N00114640,かんたん：0むずかしい：0げきむず：0,,ファイル名をコピー,開発中,私以外私じゃないの,ゲスの極み乙女。
10013382,2025/03/09,のだ 大漠波新 だいばくはしん    ,のだ,リリース通知作成,"[""ボカロ""]",true,29345600N01355947,かんたん：3むずかしい：6げきむず：9,,ファイル名をコピー,リリース,のだ,大漠波新
10013290,2025/03/23,桜日和とタイムマシン with 初音ミク Ado あど    ,さくらびよりとたいむましんうぃずはつねみく,リリース通知作成,"[""ポップス""]",true,305-0283-7,かんたん：2むずかしい：6げきむず：0,,ファイル名をコピー,リリース,桜日和とタイムマシン with 初音ミク,Ado
10013350,2025/01/24,Lie ライ Lie ライ MYERA    ,らいらいらいらい,リリース通知作成,"[""ポップス""]",true,312-0099-1,かんたん：2むずかしい：6げきむず：0,,ファイル名をコピー,リリース,Lie ライ Lie ライ,MYERA
10011029,2023/11/24,青春コンプレックス 結束バンド けっそくばんど アニメ「ぼっち・ざ・ろっく！」OP           ,せいしゅんこんぷれっくす,リリース通知作成,"[""アニメ""]",true,276-1383-6,かんたん：3むずかしい：6げきむず：0,,ファイル名をコピー,リリース,青春コンプレックス,結束バンド
10013349,2025/03/15,百花繚乱 幾田りら いくたりら アニメ「薬屋のひとりごと」第2期OP           ,ひゃっかりょうらん,リリース通知作成,"[""アニメ""]",true,315-1031-1,かんたん：2むずかしい：5げきむず：0,,ファイル名をコピー,リリース,百花繚乱,幾田りら
10013285,2025/03/19,AlwayS NiziU にじゅー    ,おーるうぇいず,リリース通知作成,"[""ポップス""]",true,791-6471-4,かんたん：1むずかしい：5げきむず：0,,ファイル名をコピー,リリース,AlwayS,NiziU
10013188,2025/03/16,うわーーー！！！！！！ AMPTAKxCOLORS あんぷたっくからーず    ,うわーーー,リリース通知作成,"[""ポップス""]",true,N01529736,かんたん：4むずかしい：6げきむず：0,,ファイル名をコピー,リリース,うわーーー！！！！！！,AMPTAKxCOLORS
10012662,2025/03/12,GO!GO!細胞フェスタ 赤血球(CV:花澤香菜)・白血球(CV:前野智昭) 他 せっけっきゅう（CV:はなざわかな）・はっけっきゅう（CV:まえのともあき） アニメ「はたらく細胞!!」OP           ,ごーごーさいぼうふぇすた,リリース通知作成,"[""アニメ""]",true,256-7400-5,かんたん：2むずかしい：6げきむず：0,,ファイル名をコピー,リリース,GO!GO!細胞フェスタ,赤血球(CV:花澤香菜)・白血球(CV:前野智昭) 他
10013220,2025/03/08,ピッカーン! Giga & TeddyLoid meets 松田莉奈&森田ひかる ぎがあんどてでぃろいど　みーつ　まつだりなあんどもりたひかる アニメ「ポケットモンスター レックウザ ライジング」ED           ,ぴっかーん,リリース通知作成,"[""アニメ""]",true,790-0942-5,かんたん：1むずかしい：5げきむず：0,,ファイル名をコピー,リリース,ピッカーン!,Giga & TeddyLoid meets 松田莉奈&森田ひかる
10013055,2025/01/05,モニタリング DECO*27 でこにーな    ,もにたりんぐ,リリース通知作成,"[""ボカロ""]",true,N01519022,かんたん：3むずかしい：6げきむず：8,,ファイル名をコピー,リリース,モニタリング,DECO*27
10013219,2025/03/05,馬鹿の一つ覚え 緑黄色社会 りょくおうしょくしゃかい 映画『六人の噓つきな大学生』主題歌           ,ばかのひとつおぼえ,リリース通知作成,"[""ポップス""]",true,789-9631-7,かんたん：2むずかしい：6げきむず：0,,ファイル名をコピー,リリース,馬鹿の一つ覚え,緑黄色社会
10013284,2025/03/02,ひたむきシンデレラ！ CUTIE STREET きゅーてぃーすとりーと    ,ひたむきしんでれら,リリース通知作成,"[""ポップス""]",true,79061575N01549998,かんたん：1むずかしい：5げきむず：0,,ファイル名をコピー,リリース,ひたむきシンデレラ！,CUTIE STREET
10013187,2025/03/01,へんしん！ 莉犬 りいぬ アニメ「村井の恋」OP           ,へんしん,リリース通知作成,"[""アニメ""]",true,N01478215,かんたん：2むずかしい：6げきむず：0,,ファイル名をコピー,リリース,へんしん！,莉犬
10013286,2025/02/26,TAIDADA ずっと真夜中でいいのに。 ずっとまよなかでいいのに アニメ「ダンダダン」ED           ,たいだだ,リリース通知作成,"[""アニメ""]",true,789-9305-9,かんたん：2むずかしい：7げきむず：0,,ファイル名をコピー,リリース,TAIDADA,ずっと真夜中でいいのに。
10013289,2025/02/24,BOW AND ARROW 米津 玄師 よねづけんし アニメ「メダリスト」OP           ,ぼうあんどあろう,リリース通知作成,"[""アニメ""]",true,314-3502-5,かんたん：2むずかしい：6げきむず：0,,ファイル名をコピー,リリース,BOW AND ARROW,米津 玄師
10013218,2025/02/22,マシュマロパンチ しなこ FEAT. 午前0時のプリンセス しなこ ふゅーちゃりんぐ. ごぜんれいじのぷりんせす    ,ましゅまろぱんち,リリース通知作成,"[""ポップス""]",true,791-8273-9,かんたん：2むずかしい：5げきむず：0,,ファイル名をコピー,リリース,マシュマロパンチ,しなこ FEAT. 午前0時のプリンセス
10010257,2024/11/12,きらり 藤井 風 ふじいかぜ    ,きらり,リリース通知作成,"[""ポップス""]",true,26282925N01035942,かんたん：1むずかしい：5げきむず：0,,ファイル名をコピー,リリース,きらり,藤井 風
10012557,2024/11/05,プランA DISH// でぃっしゅ アニメ「逃げ上手の若君」 OP           ,ぷらんえー,リリース通知作成,"[""アニメ""]",true,785-4038-1,かんたん：2むずかしい：6げきむず：0,,ファイル名をコピー,リリース,プランA,DISH//
10012592,2024/10/17,恥ずかしいか青春は 緑黄色社会 りょくおうしょくしゃかい    ,はずかしいかせいしゅんは,リリース通知作成,"[""ポップス""]",true,786-2873-3,かんたん：2むずかしい：6げきむず：0,,ファイル名をコピー,リリース,恥ずかしいか青春は,緑黄色社会
10013224,2025/02/23,50％ Official髭男dism おふぃしゃるひげだんでぃずむ 映画『はたらく細胞』主題歌           ,ふぃふてぃぱーせんと,リリース通知作成,"[""ポップス""]",true,79007724N01527169,かんたん：1むずかしい：5げきむず：0,,ファイル名をコピー,リリース,50％,Official髭男dism
10013221,2025/02/19,僕らはいきものだから 緑黄色社会 りょくおうしょくしゃかい 「第91回(2024年度) NHK全国学校音楽コンクール」中学校の部 課題曲           ,ぼくらはいきものだから,リリース通知作成,"[""ポップス""]",true,299-6470-9,かんたん：2むずかしい：5げきむず：0,,ファイル名をコピー,リリース,僕らはいきものだから,緑黄色社会
10013184,2025/02/15,風神 Vaundy ばうんでぃ ドラマ「ライオンの隠れ家」主題歌           ,ふうじん,リリース通知作成,"[""ポップス""]",true,790-1018-1,かんたん：1むずかしい：5げきむず：0,,ファイル名をコピー,リリース,風神,Vaundy
10013119,2025/02/09,WOW King & Prince きんぐあんどぷりんす    ,わお,リリース通知作成,"[""ポップス""]",true,788-0374-8,かんたん：1むずかしい：5げきむず：0,,ファイル名をコピー,リリース,WOW,King & Prince
10013217,2025/02/12,New me YOASOBI よあそび    ,にゅーみー,リリース通知作成,"[""ポップス""]",true,790-6238-5,かんたん：1むずかしい：5げきむず：0,,ファイル名をコピー,リリース,New me,YOASOBI
10013156,2025/02/16,AWAKE 星街すいせい ほしまちすいせい    ,あうぇいく,リリース通知作成,"[""ポップス""]",true,N01522359,かんたん：2むずかしい：6げきむず：0,,ファイル名をコピー,リリース,AWAKE,星街すいせい
10013185,2025/02/05,ねっこ King Gnu きんぐぬー ドラマ「海に眠るダイヤモンド」主題歌           ,ねっこ,リリース通知作成,"[""ポップス""]",true,790-1438-1,かんたん：2むずかしい：6げきむず：0,,ファイル名をコピー,リリース,ねっこ,King Gnu
10013152,2025/02/02,Got Boost？ FANTASTICS from EXILE TRIBE ふぁんたすてぃっくすふろむえぐざいるとらいぶ アニメ「仮面ライダーガヴ」OP           ,ごっとぶーすと,リリース通知作成,"[""アニメ"", ""キッズ""]",true,306-0450-8,かんたん：2むずかしい：6げきむず：0,,ファイル名をコピー,リリース,Got Boost？,FANTASTICS from EXILE TRIBE
10013089,2025/02/08,トワイライト B小町 びーこまち ドラマ「【推しの子】」           ,とわいらいと,リリース通知作成,"[""ポップス""]",true,307-5583-2,かんたん：2むずかしい：5げきむず：0,,ファイル名をコピー,リリース,トワイライト,B小町
10013155,2025/02/01,こんなあたしはいかがですか 超ときめき♡宣伝部 ちょうときめきせんでんぶ    ,こんなあたしはいかがですか,リリース通知作成,"[""ポップス""]",true,N01523405,かんたん：2むずかしい：6げきむず：0,,ファイル名をコピー,リリース,こんなあたしはいかがですか,超ときめき♡宣伝部
10013123,2025/01/25,一旦ステイ　TONIGHT 不破湊 ふわみなと    ,いったんすていとぅないと,リリース通知作成,"[""ポップス""]",true,78741840N01473543,かんたん：4むずかしい：6げきむず：0,,ファイル名をコピー,リリース,一旦ステイ　TONIGHT,不破湊
10013122,2025/01/29,朝、月面も笑っている DISH// でぃっしゅ 「めざましテレビ」テーマソング           ,あさげつめんもわらっている,リリース通知作成,"[""ポップス""]",true,782-3612-6,かんたん：2むずかしい：5げきむず：0,,ファイル名をコピー,リリース,朝、月面も笑っている,DISH//
10013092,2025/01/26,ロミオとシンデレラ doriko どりこ    ,ろみおとしんでれら,リリース通知作成,"[""ボカロ""]",true,16224477N01160327,かんたん：2むずかしい：7げきむず：0,,ファイル名をコピー,リリース,ロミオとシンデレラ,doriko
10013085,2025/01/18,もういいよ こっちのけんと こっちのけんと    ,もういいよ,リリース通知作成,"[""ポップス""]",true,N01523772,かんたん：2むずかしい：6げきむず：0,,ファイル名をコピー,リリース,もういいよ,こっちのけんと
10011165,2024/01/28,ひろがるスカイ!プリキュア~HERO GIRLS~ 石井あみ いしいあみ アニメ「ひろがるスカイ！プリキュア」OP           ,ひろがるすかいぷりきゅあひーろがーるず,リリース通知作成,"[""キッズ"", ""アニメ""]",true,280-0048-0,かんたん：2むずかしい：5げきむず：0,,ファイル名をコピー,リリース,ひろがるスカイ!プリキュア~HERO GIRLS~,石井あみ
10012959,2024/12/30,歯ラ歯ラ しなこ しなこ    ,はらはら,リリース通知作成,"[""ポップス""]",true,787-9763-2,かんたん：3むずかしい：7げきむず：0,,ファイル名をコピー,リリース,歯ラ歯ラ,しなこ
10012889,2025/01/12,パイパイ仮面でどうかしらん？ 宝鐘マリン ほうしょうまりん    ,ぱいぱいかめんでどうかしらん？,リリース通知作成,"[""ポップス""]",true,30757681N01480852,かんたん：2むずかしい：5げきむず：0,,ファイル名をコピー,リリース,パイパイ仮面でどうかしらん？,宝鐘マリン
10013087,2025/01/19,我ら完全無敵のアイドル!! B小町 びーこまち ドラマ「【推しの子】」           ,われらかんぜんむてきのあいどる,リリース通知作成,"[""ポップス""]",true,307-5581-6,かんたん：2むずかしい：7げきむず：9,,ファイル名をコピー,リリース,我ら完全無敵のアイドル!!,B小町
10010204,2024/01/08,パプリカ Foorin ふーりん NHK五輪2020応援ソング           ,ぱぷりか,リリース通知作成,"[""キッズ""]",true,238-2987-7N00581628,かんたん：2むずかしい：4げきむず：0,,ファイル名をコピー,リリース,パプリカ,Foorin
10012823,2025/01/22,CHANGE 新しい学校のリーダーズ あたらしいがっこうのりーだーず 映画『もしも徳川家康が総理大臣になったら』主題歌           ,ちぇんじ,リリース通知作成,"[""ポップス""]",true,305-4223-5,かんたん：2むずかしい：6げきむず：0,,ファイル名をコピー,リリース,CHANGE,新しい学校のリーダーズ
10013090,2025/01/15,Same Blue Official髭男dism おふぃしゃるひげだんでぃずむ アニメ「アオのハコ」OP           ,せいむぶるー,リリース通知作成,"[""アニメ""]",true,N01522155,かんたん：2むずかしい：6げきむず：0,,ファイル名をコピー,リリース,Same Blue,Official髭男dism
10012826,2025/01/11,ドーナツホール ハチ はち    ,どーなつほーる,リリース通知作成,"[""ボカロ""]",true,70887845N00051832,かんたん：3むずかしい：6げきむず：8,,ファイル名をコピー,リリース,ドーナツホール,ハチ
10012856,2024/12/27,許婚っきゅん ano あの アニメ「らんま1/2」OP           ,いいなずっきゅん,リリース通知作成,"[""アニメ""]",true,787-9353-0,かんたん：3むずかしい：6げきむず：8,,ファイル名をコピー,リリース,許婚っきゅん,ano
10013088,2025/01/04,HAPPY≒FUTURE 深澤 恵梨香 ふかさわ えりか 『わんだふるぷりきゅあ！ざ・むーびー！』主題歌           ,はっぴーふゅーちゃー,リリース通知作成,"[""アニメ""]",true,305-1053-8,かんたん：2むずかしい：5げきむず：0,,ファイル名をコピー,リリース,HAPPY≒FUTURE,深澤 恵梨香
10013052,2025/01/08,月曜日戦争 吉澤 嘉代子 よしざわかよこ    ,げつようびせんそう,リリース通知作成,"[""ポップス""]",true,717-3906-8,かんたん：2むずかしい：5げきむず：0,,ファイル名をコピー,リリース,月曜日戦争,吉澤 嘉代子
10012887,2025/01/03,Only One Story ZEROBASEONE ぜろべーすわん アニメ「ポケットモンスター レックウザ ライジング」OP           ,おんりーわんすとーりー,リリース通知作成,"[""アニメ""]",true,308-8654-6,かんたん：2むずかしい：5げきむず：0,,ファイル名をコピー,リリース,Only One Story,ZEROBASEONE
10013019,2024/12/28,モノトーン YOASOBI よあそび    ,ものとーん,リリース通知作成,"[""アニメ""]",true,306-9635-6,かんたん：3むずかしい：6げきむず：0,,ファイル名をコピー,リリース,モノトーン,YOASOBI
10012955,2025/01/01,恋うらら AMPTAKxCOLORS あんぷたっくからーず    ,こいうらら,リリース通知作成,"[""ポップス""]",true,77878531N01388418,かんたん：1むずかしい：5げきむず：0,,ファイル名をコピー,リリース,恋うらら,AMPTAKxCOLORS
10012920,2024/12/31,チャンカパーナ NEWS にゅーす    ,ちゃんかぱーな,リリース通知作成,"[""ポップス""]",true,705-3176-5,かんたん：2むずかしい：5げきむず：0,,ファイル名をコピー,リリース,チャンカパーナ,NEWS
10013020,2025/01/02,ネバーランド DECO*27 でこにーな    ,ねばーらんど,リリース通知作成,"[""ボカロ""]",true,N01519024,かんたん：3むずかしい：7げきむず：9,,ファイル名をコピー,リリース,ネバーランド,DECO*27
20010089,2024/12/29,ハッピーウェディング前ソング ヤバイTシャツ屋さん やばいてぃーしゃつやさん    ,はっぴーうぇでぃんぐまえそんぐ,リリース通知作成,"[""ポップス""]",true,718-5686-2,かんたん：2むずかしい：7げきむず：0,,ファイル名をコピー,リリース,ハッピーウェディング前ソング,ヤバイTシャツ屋さん
10013086,2024/12/26,テトリス 柊マグネタイト ひいらぎまぐねたいと    ,てとりす,リリース通知作成,"[""ボカロ""]",true,N01474011,かんたん：2むずかしい：6げきむず：8,,ファイル名をコピー,リリース,テトリス,柊マグネタイト
10012922,2024/12/22,幽霊船戦 宝鐘マリン ほうしょうまりん    ,ゆうれいせんせん,リリース通知作成,"[""ポップス""]",true,78649919N01480860,かんたん：3むずかしい：6げきむず：0,,ファイル名をコピー,リリース,幽霊船戦,宝鐘マリン
10012953,2024/12/24,すないぱー。 『ユイカ』 ゆいか    ,すないぱー,リリース通知作成,"[""ポップス""]",true,782-6631-9,かんたん：1むずかしい：5げきむず：0,,ファイル名をコピー,リリース,すないぱー。,『ユイカ』
10012891,2024/12/25,死ぬまでダーリン HoneyWorks はにーわーくす feat. 望月あかり（CV：阿澄佳奈)           ,しぬまでだーりん,リリース通知作成,"[""ポップス""]",true,294-3130-1N01358029,かんたん：2むずかしい：5げきむず：0,,ファイル名をコピー,リリース,死ぬまでダーリン,HoneyWorks
10012892,2024/12/19,WATCH ME 天乃 リリサ・橘 美花莉 あまの　りりさ・たちばな　みかり アニメ「2.5次元の誘惑」第1クール ED           ,うぉっちみー,リリース通知作成,"[""アニメ""]",true,786-5142-5,かんたん：3むずかしい：6げきむず：0,,ファイル名をコピー,リリース,WATCH ME,天乃 リリサ・橘 美花莉
10012693,2024/12/21,ぶんぶぶんぶぶん AMPTAKxCOLORS あんぷたっくからーず    ,ぶんぶぶんぶぶん,リリース通知作成,"[""ポップス""]",true,77300653N01368909,かんたん：2むずかしい：6げきむず：0,,ファイル名をコピー,リリース,ぶんぶぶんぶぶん,AMPTAKxCOLORS
10012957,2024/12/17,六等星 ざらめ ざらめ アニメ「僕のヒーローアカデミア」ヒロアカ7期第2クールED           ,ろくとうせい,リリース通知作成,"[""アニメ""]",true,786-2529-7,かんたん：1むずかしい：5げきむず：0,,ファイル名をコピー,リリース,六等星,ざらめ
20010082,2024/12/14,とーちゃんの足ってなんでクサイの？ 竹下☆ぱらだいす たけしたぱらだいす    ,とーちゃんのあしってなんでくさいの,リリース通知作成,"[""キッズ""]",true,78245826N01454921,かんたん：3むずかしい：5げきむず：0,,ファイル名をコピー,リリース,とーちゃんの足ってなんでクサイの？,竹下☆ぱらだいす
10012694,2024/12/15,㋰責任集合体 マサラダ まさらだ    ,むせきにんしゅうごうたい,リリース通知作成,"[""ボカロ""]",true,30205085N01425242,かんたん：2むずかしい：6げきむず：0,,ファイル名をコピー,リリース,㋰責任集合体,マサラダ
10012661,2024/12/12,ミッション!健・康・第・イチ 赤血球(CV:花澤香菜)・白血球(CV:前野智昭) せっけっきゅう（CV:はなざわかな）・はっけっきゅう（CV:まえのともあき） アニメ「はたらく細胞」OP           ,みっしょんけんこうだいいち,リリース通知作成,"[""アニメ""]",true,723-5645-6,かんたん：3むずかしい：6げきむず：0,,ファイル名をコピー,リリース,ミッション!健・康・第・イチ,赤血球(CV:花澤香菜)・白血球(CV:前野智昭)
10012493,2024/12/10,きゅるりんしてみて きゅるりんってしてみて きゅるりんってしてみて    ,きゅるりんしてみて,リリース通知作成,"[""ポップス""]",true,29326915N01354338,かんたん：2むずかしい：6げきむず：0,,ファイル名をコピー,リリース,きゅるりんしてみて,きゅるりんってしてみて
20010088,2024/12/08,はりーはりーらぶ すとぷり すとぷり すとぷり           ,はりーはりーらぶ,リリース通知作成,"[""ポップス""]",true,24396699N00608716,かんたん：2むずかしい：5げきむず：0,,ファイル名をコピー,リリース,はりーはりーらぶ,すとぷり
10012626,2024/12/05,EDEN Knight A -騎士A- ないと　えー　きしえー    ,えでん,リリース通知作成,"[""ポップス""]",true,78028949N01388406,かんたん：1むずかしい：5げきむず：0,,ファイル名をコピー,リリース,EDEN,Knight A -騎士A-
10012858,2024/12/01,オトノケ Creepy Nuts くりーぴーなっつ アニメ「ダンダダン」OP           ,おとのけ,リリース通知作成,"[""アニメ""]",true,307-5495-0,かんたん：3むずかしい：7げきむず：9,,ファイル名をコピー,リリース,オトノケ,Creepy Nuts
10012658,2024/12/03,らぶきゅん♡うぉんてっど きゅるりんってしてみて きゅるりんってしてみて    ,らぶきゅんうぉんてっど,リリース通知作成,"[""ポップス""]",true,77990099N01428773,かんたん：2むずかしい：6げきむず：0,,ファイル名をコピー,リリース,らぶきゅん♡うぉんてっど,きゅるりんってしてみて
10010726,2024/11/28,おかえり Tani Yuuki たに　ゆうき    ,おかえり,リリース通知作成,"[""ポップス""]",true,74956132N01099156,かんたん：2むずかしい：6げきむず：0,,ファイル名をコピー,リリース,おかえり,Tani Yuuki
10010505,2024/11/30,＃あくあ色ぱれっと 湊あくあ みなとあくあ    ,あくあいろぱれっと,リリース通知作成,"[""ポップス""]",true,25716166N00913002,かんたん：2むずかしい：5げきむず：0,,ファイル名をコピー,リリース,＃あくあ色ぱれっと,湊あくあ
10012326,2024/11/26,誰我為 TK from 凛として時雨 てぃーけーふろむりんとしてしぐれ アニメ「僕のヒーローアカデミア」7期OP           ,たがため,リリース通知作成,"[""ポップス""]",true,782-4982-1,かんたん：1むずかしい：5げきむず：0,,ファイル名をコピー,リリース,誰我為,TK from 凛として時雨
10012594,2024/11/24,Let me battle 9Lana くらな アニメ「ポケットモンスター　テラスタルデビュー」ED           ,れっとみーばとる,リリース通知作成,"[""アニメ"", ""キッズ""]",true,782-3589-8,かんたん：2むずかしい：6げきむず：0,,ファイル名をコピー,リリース,Let me battle,9Lana
10012854,2024/11/19,フルーツバスケット FRUITS ZIPPER ふるーつじっぱー    ,ふるーつばすけっと,リリース通知作成,"[""ポップス""]",true,78756855N01481130,かんたん：1むずかしい：6げきむず：0,,ファイル名をコピー,リリース,フルーツバスケット,FRUITS ZIPPER
10012824,2024/11/21,メロドラマ なとり&imase なとり　いませ    ,めろどらま,リリース通知作成,"[""ポップス""]",true,787-0101-5,かんたん：1むずかしい：5げきむず：0,,ファイル名をコピー,リリース,メロドラマ,なとり&imase
10012822,2024/11/17,山田PERFECT jon-YAKITORY じょんやきとり    ,やまだぱーふぇくと,リリース通知作成,"[""ボカロ""]",true,305-3949-8,かんたん：2むずかしい：6げきむず：0,,ファイル名をコピー,リリース,山田PERFECT,jon-YAKITORY
10012757,2024/11/16,ひゅるりらぱっぱ tuki. つき    ,ひゅるりらぱっぱ,リリース通知作成,"[""ポップス""]",true,N01479307,かんたん：2むずかしい：6げきむず：8,,ファイル名をコピー,リリース,ひゅるりらぱっぱ,tuki.
10012956,2024/11/23,怪獣 サカナクション さかなくしょん アニメ「チ。―地球の運動について―」OP           ,かいじゅう,リリース通知作成,"[""アニメ""]",true,N01480687,かんたん：2むずかしい：5げきむず：0,,ファイル名をコピー,リリース,怪獣,サカナクション
10012689,2024/11/14,恋する惑星「アナタ」 冨岡 愛 とみおかあい    ,こいするわくせいあなた,リリース通知作成,"[""ポップス""]",true,779-2214-0,かんたん：2むずかしい：5げきむず：0,,ファイル名をコピー,リリース,恋する惑星「アナタ」,冨岡 愛
10012596,2024/11/10,familie Mrs. GREEN APPLE みせすぐりーんあっぷる Honda 新型FREED CMソング           ,ふぁみーりえ,リリース通知作成,"[""ポップス""]",true,785-9663-7,かんたん：2むずかしい：6げきむず：0,,ファイル名をコピー,リリース,familie,Mrs. GREEN APPLE
10012855,2024/11/09,POP IN 2 B小町 びーこまち アニメ「【推しの子】」           ,ぽっぴんとぅー,リリース通知作成,"[""アニメ""]",true,307-1618-7,かんたん：2むずかしい：6げきむず：0,,ファイル名をコピー,リリース,POP IN 2,B小町
10012755,2024/11/07,FIRST 1MPACT めておら - Meteorites - めておら    ,ふぁーすといんぱくと,リリース通知作成,"[""ポップス""]",true,N01478214,かんたん：1むずかしい：6げきむず：0,,ファイル名をコピー,リリース,FIRST 1MPACT,めておら - Meteorites -
10011503,2024/11/02,Jewelry(Prod. imase) LE SSERAFIM るせらふぃむ    ,じゅえりー,リリース通知作成,"[""ポップス""]",true,287-7168-1,かんたん：2むずかしい：5げきむず：0,,ファイル名をコピー,リリース,Jewelry(Prod. imase),LE SSERAFIM
10011277,2024/10/31,有頂天猫 キヨ きよ    ,うちょうてんねこ,リリース通知作成,"[""ポップス""]",true,768-0063-6,かんたん：3むずかしい：6げきむず：0,,ファイル名をコピー,リリース,有頂天猫,キヨ
20010087,2024/11/03,だんご3兄弟 「おかあさんといっしょ」より           ,だんごさんきょうだい,リリース通知作成,"[""キッズ""]",true,062-4382-7,かんたん：1むずかしい：6げきむず：0,,ファイル名をコピー,リリース,だんご3兄弟,「おかあさんといっしょ」より
20010086,2024/10/29,からだ☆ダンダン 「おかあさんといっしょ」より           ,からだだんだん,リリース通知作成,"[""キッズ""]",true,244-8388-5,かんたん：2むずかしい：5げきむず：0,,ファイル名をコピー,リリース,からだ☆ダンダン,「おかあさんといっしょ」より
20010080,2024/10/24,INZM Number_i なんばーあい    ,いなずま,リリース通知作成,"[""ポップス""]",true,306-0639-0N01468675,かんたん：3むずかしい：6げきむず：8,,ファイル名をコピー,リリース,INZM,Number_i
10012821,2024/10/26,元彼女のみなさまへ コレサワ これさわ    ,もとかのじょのみなさまへ,リリース通知作成,"[""ポップス""]",true,787-5643-0,かんたん：1むずかしい：5げきむず：0,,ファイル名をコピー,リリース,元彼女のみなさまへ,コレサワ
10012692,2024/10/27,モエチャッカファイア 弌誠 いっせい    ,もえちゃっかふぁいあ,リリース通知作成,"[""ポップス""]",true,N01472550,かんたん：4むずかしい：6げきむず：0,,ファイル名をコピー,リリース,モエチャッカファイア,弌誠
20010077,2024/10/22,きんらきらぽん 「おかあさんといっしょ」より           ,きんらきらぽん,リリース通知作成,"[""キッズ""]",true,272-6144-1,かんたん：1むずかしい：4げきむず：0,,ファイル名をコピー,リリース,きんらきらぽん,「おかあさんといっしょ」より
10012062,2024/10/20,ぴゅあぴゅあいちご すとぷり すとぷり    ,ぴゅあぴゅあいちご,リリース通知作成,"[""ポップス""]",true,29743630N01380122,かんたん：2むずかしい：5げきむず：0,,ファイル名をコピー,リリース,ぴゅあぴゅあいちご,すとぷり
20010083,2024/10/19,派手髪でも出来るばい！ 竹下☆ぱらだいす たけしたぱらだいす    ,はでがみでもできるばい,リリース通知作成,"[""キッズ""]",true,77041208N01293017,かんたん：2むずかしい：6げきむず：0,,ファイル名をコピー,リリース,派手髪でも出来るばい！,竹下☆ぱらだいす
10012756,2024/10/13,かわいいだけじゃだめですか？ CUTIE STREET きゅーとすとりーと    ,かわいいだけじゃだめですか？,リリース通知作成,"[""ポップス""]",true,N01478071,かんたん：2むずかしい：6げきむず：0,,ファイル名をコピー,リリース,かわいいだけじゃだめですか？,CUTIE STREET
10012722,2024/10/12,UNDEAD YOASOBI よあそび アニメ「〈物語〉シリーズ　オフ&モンスターシーズン」主題歌           ,あんでっど,リリース通知作成,"[""アニメ""]",true,303-7591-6,かんたん：3むずかしい：6げきむず：9,,ファイル名をコピー,リリース,UNDEAD,YOASOBI
10012498,2024/10/10,コイスルヒカリ なにわ男子 なにわだんし 映画『恋を知らない僕たちは』主題歌           ,こいするひかり,リリース通知作成,"[""ポップス""]",true,304-2116-1,かんたん：2むずかしい：6げきむず：0,,ファイル名をコピー,リリース,コイスルヒカリ,なにわ男子
10012595,2024/10/15,アポロドロス Mrs. GREEN APPLE みせすぐりーんあっぷる テレビ朝日系列 2024スポーツ応援ソング           ,あぽろどろす,リリース通知作成,"[""ポップス""]",true,784-8267-4,かんたん：2むずかしい：5げきむず：0,,ファイル名をコピー,リリース,アポロドロス,Mrs. GREEN APPLE
10012691,2024/10/06,愛とU Mega Shinnosuke めがしんのすけ    ,あいとゆー,リリース通知作成,"[""ポップス""]",true,30246415N01428946,かんたん：3むずかしい：5げきむず：0,,ファイル名をコピー,リリース,愛とU,Mega Shinnosuke
10012128,2024/10/08,D.N.A. Girls2 x iScream がーるずがーるず×あいすくりーむ    ,でぃーえぬえー,リリース通知作成,"[""ポップス""]",true,78289921N01455677,かんたん：2むずかしい：6げきむず：0,,ファイル名をコピー,リリース,D.N.A.,Girls2 x iScream
10012624,2024/10/05,ホムンクルス Vaundy ばうんでぃ 劇場版『僕のヒーローアカデミア THE MOVIE ユアネクスト』主題歌           ,ほむんくるす,リリース通知作成,"[""アニメ""]",true,304-2131-4,かんたん：2むずかしい：5げきむず：0,,ファイル名をコピー,リリース,ホムンクルス,Vaundy
10011831,2024/10/01,ぴゅあいんざわーるど FRUITS ZIPPER ふるーつじっぱー    ,ぴゅあいんざわーるど,リリース通知作成,"[""ポップス""]",true,77201701N01296703,かんたん：3むずかしい：6げきむず：0,,ファイル名をコピー,リリース,ぴゅあいんざわーるど,FRUITS ZIPPER
10012492,2024/09/29,生まれたその時から すとぷり すとぷり 映画『劇場版すとぷり はじまりの物語～Strawberry School Festival!!!～』挿入歌           ,うまれたそのときから,リリース通知作成,"[""ポップス""]",true,30170427N01454705,かんたん：2むずかしい：6げきむず：0,,ファイル名をコピー,リリース,生まれたその時から,すとぷり
10012593,2024/09/28,カーテンコール 優里 ゆうり アニメ「僕のヒーローアカデミア」7期第2クールOP           ,かーてんこーる,リリース通知作成,"[""アニメ""]",true,305-5403-9,かんたん：3むずかしい：6げきむず：0,,ファイル名をコピー,リリース,カーテンコール,優里
10011521,2024/03/20,鬼ノ宴 友成空    ,おにのうたげ,リリース通知作成,"[""ポップス""]",true,,かんたん：3むずかしい：6げきむず：0,,ファイル名をコピー,開発中,鬼ノ宴,友成空
10012559,2024/09/22,グミキュンプリンセス しなこ しなこ    ,ぐみきゅんぷりんせす,リリース通知作成,"[""ポップス""]",true,78328179N01433414,かんたん：3むずかしい：6げきむず：0,,ファイル名をコピー,リリース,グミキュンプリンセス,しなこ
10012494,2024/09/24,虹のはじまり すとぷり すとぷり 映画『劇場版すとぷり はじまりの物語～Strawberry School Festival!!!～』挿入歌           ,にじのはじまり,リリース通知作成,"[""ポップス""]",true,30170401N01454703,かんたん：3むずかしい：6げきむず：0,,ファイル名をコピー,リリース,虹のはじまり,すとぷり
10010682,2024/09/21,転生林檎 feat. 初音ミク ピノキオピー ぴのきおぴー    ,てんせいりんご,リリース通知作成,"[""ボカロ""]",true,27365221N01143967,かんたん：3むずかしい：6げきむず：9,,ファイル名をコピー,リリース,転生林檎 feat. 初音ミク,ピノキオピー
10012526,2024/09/08,MONSTER DANCE KEYTALK きーとーく TV「新しいカギ」OP           ,もんすたーだんす,リリース通知作成,"[""ポップス""]",true,204-4115-1,かんたん：3むずかしい：6げきむず：0,,ファイル名をコピー,リリース,MONSTER DANCE,KEYTALK
10010771,2024/09/07,エジソン 水曜日のカンパネラ すいようびのかんぱねら    ,えじそん,リリース通知作成,"[""ポップス""]",true,751-8444-3,かんたん：3むずかしい：6げきむず：0,,ファイル名をコピー,リリース,エジソン,水曜日のカンパネラ
10012029,2024/09/05,拝啓、俺たちへ コムドット こむどっと    ,はいけいおれたちへ,リリース通知作成,"[""ポップス""]",true,782-6975-0,かんたん：2むずかしい：5げきむず：0,,ファイル名をコピー,リリース,拝啓、俺たちへ,コムドット
10011100,2024/09/03,ドラマツルギー Eve いゔ    ,どらまつるぎー,リリース通知作成,"[""ポップス""]",true,71893229N00581963,かんたん：3むずかしい：6げきむず：9,,ファイル名をコピー,リリース,ドラマツルギー,Eve
10011571,2024/06/27,相思相愛 aiko あいこ 『劇場版 名探偵コナン 100万ドルの五稜星（みちしるべ）』主題歌           ,そうしそうあい,リリース通知作成,"[""アニメ""]",true,297-7041-6,かんたん：2むずかしい：5げきむず：0,,ファイル名をコピー,リリース,相思相愛,aiko
10011572,2024/06/08,ライラック Mrs. GREEN APPLE みせすぐりーんあっぷる アニメ「忘却バッテリー」OP           ,らいらっく,リリース通知作成,"[""アニメ""]",true,780-8162-9,かんたん：2むずかしい：6げきむず：0,,ファイル名をコピー,リリース,ライラック,Mrs. GREEN APPLE
10011392,2024/02/16,燈 崎山 蒼志 さきやまそうし アニメ「呪術廻戦「懐玉・玉折」」 ED           ,あかり,リリース通知作成,"[""アニメ""]",true,769-8864-3,かんたん：3むずかしい：5げきむず：0,,ファイル名をコピー,リリース,燈,崎山 蒼志
10011574,2024/06/09,I wonder Da-iCE だいす ドラマ「くるり～誰が私と恋をした？～」主題歌           ,あいわんだー,リリース通知作成,"[""ポップス""]",true,782-3222-8,かんたん：3むずかしい：5げきむず：0,,ファイル名をコピー,リリース,I wonder,Da-iCE
10011385,2023/12/10,青のすみか キタニタツヤ きたにたつや アニメ「呪術廻戦「懐玉・玉折」」 OP           ,あおのすみか,リリース通知作成,"[""アニメ""]",true,769-9961-1,かんたん：3むずかしい：6げきむず：0,,ファイル名をコピー,リリース,青のすみか,キタニタツヤ
10011588,2024/08/08,コツコツ-PON-PON ブンドリオ・ブンデラス(CV:松本 梨香) ぶんどりおぶんでらすまつもとりか 『爆上戦隊ブンブンジャー』ED           ,こつこつぽんぽん,リリース通知作成,"[""キッズ""]",true,298-0135-4,かんたん：2むずかしい：6げきむず：0,,ファイル名をコピー,リリース,コツコツ-PON-PON,ブンドリオ・ブンデラス(CV:松本 梨香)
10011595,2024/08/06,晴る ヨルシカ よるしか アニメ「葬送のフリーレン」第2クール OP           ,はる,リリース通知作成,"[""アニメ""]",true,776-4897-8,かんたん：2むずかしい：5げきむず：0,,ファイル名をコピー,リリース,晴る,ヨルシカ
10011596,2024/07/05,アンビバレント Uru うる アニメ「薬屋のひとりごと」OP           ,あんびばれんと,リリース通知作成,"[""アニメ""]",true,778-5103-0,かんたん：1むずかしい：5げきむず：0,,ファイル名をコピー,リリース,アンビバレント,Uru
10011382,2024/01/12,SPECIALZ King Gnu きんぐぬー アニメ「呪術廻戦「渋谷事変」」OP           ,すぺしゃるず,リリース通知作成,"[""アニメ""]",true,287-8987-3,かんたん：3むずかしい：6げきむず：0,,ファイル名をコピー,リリース,SPECIALZ,King Gnu
20010075,2024/07/15,にじのむこうに 坂田 おさむ さかたおさむ 『おかあさんといっしょ』           ,にじのむこうに,リリース通知作成,"[""キッズ""]",true,041-5313-8,かんたん：2むずかしい：5げきむず：0,,ファイル名をコピー,リリース,にじのむこうに,坂田 おさむ
10011930,2024/08/11,ファタール GEMN じぇむ アニメ「推しの子」OP           ,ふぁたーる,リリース通知作成,"[""アニメ""]",true,303-8972-1,かんたん：2むずかしい：7げきむず：0,,ファイル名をコピー,リリース,ファタール,GEMN
20010076,2024/08/02,ドンスカパンパンおうえんだん 『おかあさんといっしょ』           ,どんすかぱんぱんおうえんだん,リリース通知作成,"[""キッズ""]",true,155-6170-4,かんたん：2むずかしい：5げきむず：0,,ファイル名をコピー,リリース,ドンスカパンパンおうえんだん,『おかあさんといっしょ』
10011488,2024/06/30,ハロ yama×ぼっちぼろまる やまぼっちぼろまる アニメ「ポケットモンスター」OP           ,はろ,リリース通知作成,"[""アニメ""]",true,292-0395-3,かんたん：2むずかしい：5げきむず：0,,ファイル名をコピー,リリース,ハロ,yama×ぼっちぼろまる
20010041,2024/07/04,ファンターネ!  『おかあさんといっしょ』ファンターネ!OP           ,ふぁんたーね,リリース通知作成,"[""キッズ""]",true,274-5153-4,かんたん：1むずかしい：4げきむず：0,,ファイル名をコピー,リリース,ファンターネ!,『おかあさんといっしょ』ファンターネ!OP
20010028,2024/05/05,ぼよよん行進曲 『おかあさんといっしょ』           ,ぼよよんこうしんきょく,リリース通知作成,"[""キッズ""]",true,130-6429-1,かんたん：2むずかしい：6げきむず：0,,ファイル名をコピー,リリース,ぼよよん行進曲,『おかあさんといっしょ』
10011541,2024/06/17,二度寝 Creepy Nuts くりーぴーなっつ ドラマ「不適切にもほどがある！」 主題歌           ,にどね,リリース通知作成,"[""ポップス""]",true,778-6064-1,かんたん：3むずかしい：7げきむず：0,,ファイル名をコピー,リリース,二度寝,Creepy Nuts
10011483,2024/04/03,LOVE TRIGGER Snow Man すのーまん ドラマ「恋する警護24時」主題歌           ,らぶとりがー,リリース通知作成,"[""ポップス""]",true,293-5275-4,かんたん：2むずかしい：5げきむず：0,,ファイル名をコピー,リリース,LOVE TRIGGER,Snow Man
20010005,2024/01/10,にんげんっていいな 中島 義実 なかじまよしみ アニメ「まんが日本昔ばなし」ED           ,にんげんっていいな,リリース通知作成,"[""キッズ""]",true,063-3686-8,かんたん：2むずかしい：5げきむず：0,,ファイル名をコピー,リリース,にんげんっていいな,中島 義実
10010533,2023/11/10,RPG SEKAI NO OWARI せかいのおわり 『映画クレヨンしんちゃん　バカうまっ！B級グルメサバイバル！！』主題歌           ,あーるぴーじー,リリース通知作成,"[""アニメ""]",true,192-1975-0,かんたん：3むずかしい：5げきむず：0,,ファイル名をコピー,リリース,RPG,SEKAI NO OWARI
10011268,2023/08/08,なにもの King & Prince きんぐあんどぷりんす ドラマ「だが、情熱はある」主題歌           ,なにもの,リリース通知作成,"[""ポップス""]",true,285-1905-1,かんたん：3むずかしい：5げきむず：0,,ファイル名をコピー,リリース,なにもの,King & Prince
10012425,2024/07/28,シカ色デイズ シカ部 しかぶ アニメ「しかのこのこのここしたんたん」OP           ,しかいろでいず,リリース通知作成,"[""アニメ""]",true,301-7130-0,かんたん：4むずかしい：7げきむず：0,,ファイル名をコピー,リリース,シカ色デイズ,シカ部
10012497,2024/09/19,今はいいんだよ。 MIMI みみ    ,いまはいいんだよ,リリース通知作成,"[""ボカロ""]",true,76324591N01228172,かんたん：2むずかしい：7げきむず：0,,ファイル名をコピー,リリース,今はいいんだよ。,MIMI
10011391,2024/01/02,最高到達点 SEKAI NO OWARI せかいのおわり アニメ「ONE PIECE」OP           ,さいこうとうたつてん,リリース通知作成,"[""アニメ""]",true,28914449N01295486,かんたん：3むずかしい：5げきむず：0,,ファイル名をコピー,リリース,最高到達点,SEKAI NO OWARI
10011280,2024/05/08,W●RK millennium parade × 椎名 林檎 みれにあむぱれーどしいなりんご アニメ「地獄楽」OP            ,ワーク,リリース通知作成,"[""アニメ""]",true,765-3467-7,かんたん：2むずかしい：6げきむず：0,,ファイル名をコピー,リリース,W●RK,millennium parade × 椎名 林檎
10011206,2023/11/19,サインはB B小町 びーこまち アニメ「【推しの子】」劇中歌           ,さいんはびー,リリース通知作成,"[""アニメ""]",true,282-1833-7,かんたん：3むずかしい：5げきむず：0,,ファイル名をコピー,リリース,サインはB,B小町
10011205,2023/06/12,いばら Ado あど 『めざましテレビ』新テーマソング           ,いばら,リリース通知作成,"[""ポップス""]",true,768-0468-2,かんたん：3むずかしい：6げきむず：0,,ファイル名をコピー,リリース,いばら,Ado
10012524,2024/09/17,ルル Ado あど ドラマ「ビリオン×スクール」主題歌           ,るる,リリース通知作成,"[""ポップス""]",true,303-9085-1,かんたん：3むずかしい：6げきむず：0,,ファイル名をコピー,リリース,ルル,Ado
10010772,2022/08/23,ダンスホール Mrs. GREEN APPLE みせすぐりーんあっぷる    ,だんすほーる,リリース通知作成,"[""ポップス""]",true,271-4959-5,かんたん：2むずかしい：4げきむず：0,,ファイル名をコピー,リリース,ダンスホール,Mrs. GREEN APPLE
10010288,2024/09/15,ギンギラ銀河 すとぷり すとぷり アニメ「妖怪学園Y ～Nとの遭遇～」OP           ,ぎんぎらぎんが,リリース通知作成,"[""アニメ""]",true,25074768N00645512,かんたん：3むずかしい：6げきむず：0,,ファイル名をコピー,リリース,ギンギラ銀河,すとぷり
10010283,2024/09/12,"ヨワネハキ feat. 和ぬか, asmi ふぃーちゃりんぐわぬかあすみ    ",よわねはき,リリース通知作成,"[""ポップス""]",true,743-8618-2,かんたん：2むずかしい：5げきむず：8,,ファイル名をコピー,リリース,ヨワネハキ,"feat. 和ぬか, asmi"
10012293,2024/09/10,次回予告 キタニタツヤ きたにたつや アニメ「戦隊大失格」OP           ,じかいよこく,リリース通知作成,"[""アニメ""]",true,781-1890-5,かんたん：2むずかしい：5げきむず：0,,ファイル名をコピー,リリース,次回予告,キタニタツヤ
20010081,2024/09/14,ultra soul B’z びーず    ,うるとらそうる,リリース通知作成,"[""ポップス""]",true,085-9092-3,かんたん：2むずかしい：6げきむず：0,,ファイル名をコピー,リリース,ultra soul,B’z
10012392,2024/09/01,"しあわせえぼりゅ～しょん♡ 石井あみ＆後本萌葉 いしいあみのちもともえは アニメ「わんだふるぷりきゅあ！」後期ED          プリキュア,ぷりきゅあ       ",しあわせえぼりゅーしょん,リリース通知作成,"[""キッズ"", ""アニメ""]",true,302-1979-5,かんたん：2むずかしい：6げきむず：0,,ファイル名をコピー,リリース,しあわせえぼりゅ～しょん♡,石井あみ＆後本萌葉
10010714,2024/08/30,かくれんぼ AliA ありあ    ,かくれんぼ,リリース通知作成,"[""ポップス""]",true,72660198N00602994,かんたん：2むずかしい：6げきむず：0,,ファイル名をコピー,リリース,かくれんぼ,AliA
10011666,2024/08/29,Steal a Kiss 超特急 ちょうとっきゅう    ,すてぃーるあきす,リリース通知作成,"[""ポップス""]",true,N01425972,かんたん：3むずかしい：6げきむず：0,,ファイル名をコピー,リリース,Steal a Kiss,超特急
10011598,2024/08/27,Alpha なにわ男子 なにわだんし    ,あるふぁ,リリース通知作成,"[""ポップス""]",true,301-5195-3,かんたん：3むずかしい：6げきむず：0,,ファイル名をコピー,リリース,Alpha,なにわ男子
20010078,2024/08/24,「名探偵コナン」メイン・テーマ 大野克夫バンド おおのかつおばんど    ,めいたんていこなん,リリース通知作成,"[""アニメ""]",true,037-9155-6,かんたん：3むずかしい：6げきむず：0,,ファイル名をコピー,リリース,「名探偵コナン」メイン・テーマ,大野克夫バンド
10012261,2024/08/23,BON Number_i なんばーあい    ,ぼん,リリース通知作成,"[""ポップス""]",true,30131022N01422899,かんたん：4むずかしい：7げきむず：0,,ファイル名をコピー,リリース,BON,Number_i
10010466,2024/08/09,マツケンサンバII 松平健 まつだいらけん    ,まつけんさんば,リリース通知作成,"[""ポップス""]",true,071-9398-0,かんたん：3むずかしい：6げきむず：0,,ファイル名をコピー,リリース,マツケンサンバII,松平健
10012161,2024/08/12,Dear Mrs. GREEN APPLE みせすぐりーんあっぷる 映画『ディア・ファミリー』主題歌           ,でぃあ,リリース通知作成,"[""ポップス""]",true,783-2119-1,かんたん：2むずかしい：5げきむず：0,,ファイル名をコピー,リリース,Dear,Mrs. GREEN APPLE
10011510,2024/04/07,"FUN☆FUN☆わんだふるDAYS! ⽯井あみ＆後本萌葉 いしいあみあんどのちもともえは アニメ「わんだふるぷりきゅあ！」前期ED          プリキュア,ぷりきゅあ       ",ふぁんふぁんわんだふるでいず,リリース通知作成,"[""キッズ"", ""アニメ""]",true,291-1536-1,かんたん：2むずかしい：5げきむず：0,,ファイル名をコピー,リリース,FUN☆FUN☆わんだふるDAYS!,⽯井あみ＆後本萌葉
10011509,2024/04/07,"わんだふるぷりきゅあ!EVOLUTION!! 吉武千颯 よしたけちはや アニメ「わんだふるぷりきゅあ！」前期OP          プリキュア,ぷりきゅあ       ",わんだふるぷりきゅあえぼりゅーしょん,リリース通知作成,"[""キッズ"", ""アニメ""]",true,296-8520-6,かんたん：1むずかしい：5げきむず：0,,ファイル名をコピー,リリース,わんだふるぷりきゅあ!EVOLUTION!!,吉武千颯
10010590,2024/05/28,君をのせて 井上あずみ いのうえあずみ 映画『天空の城ラピュタ』主題歌          ジブリ       ,きみをのせて,リリース通知作成,"[""アニメ""]",true,020-7862-7,かんたん：2むずかしい：4げきむず：0,,ファイル名をコピー,リリース,君をのせて,井上あずみ
10010401,2023/12/04,風になる つじあやの つじあやの 映画『猫の恩返し』主題歌          ジブリ       ,かぜになる,リリース通知作成,"[""アニメ""]",true,101-9889-0,かんたん：2むずかしい：4げきむず：0,,ファイル名をコピー,リリース,風になる,つじあやの
10010723,2022/09/04,崖の上のポニョ 藤岡藤巻と大橋のぞみ ふじおかふじまきとおおはしのぞみ 映画『崖の上のポニョ』主題歌          ジブリ       ,がけのうえのぽにょ,リリース通知作成,"[""アニメ""]",true,146-0874-0,かんたん：1むずかしい：4げきむず：0,,ファイル名をコピー,リリース,崖の上のポニョ,藤岡藤巻と大橋のぞみ
10010509,2024/04/01,さんぽ 井上 あずみ いのうえあずみ 映画『となりのトトロ』主題歌          ジブリ       ,さんぽ,リリース通知作成,"[""キッズ""]",true,037-2273-2,かんたん：2むずかしい：5げきむず：0,,ファイル名をコピー,リリース,さんぽ,井上 あずみ
10010189,2023/12/28,となりのトトロ 井上 あずみ いのうえあずみ 映画『となりのトトロ』ED主題歌          ジブリ       ,となりのととろ,リリース通知作成,"[""キッズ""]",true,056-2246-8,かんたん：2むずかしい：4げきむず：0,,ファイル名をコピー,リリース,となりのトトロ,井上 あずみ
10011565,2024/08/22,おやすみロマンス むくえな    ,おやすみろまんす,リリース通知作成,"[""ポップス""]",true,75638461N01186537,かんたん：2むずかしい：6げきむず：0,,ファイル名をコピー,リリース,おやすみロマンス,むくえな
10012496,2024/08/18,誓いの花束を～With You～ すとぷり 『劇場版すとぷり はじまりの物語～Strawberry School Festival!!!～』ED主題歌           ,ちかいのはなたばを,リリース通知作成,"[""ポップス""]",true,30131740N01454702,かんたん：2むずかしい：6げきむず：0,,ファイル名をコピー,リリース,誓いの花束を～With You～,すとぷり
10012495,2024/08/17,雨天決行 すとぷり 『劇場版すとぷり はじまりの物語～Strawberry School Festival!!!～』OP主題歌           ,うてんけっこう,リリース通知作成,"[""ポップス""]",true,30170419N01454704,かんたん：2むずかしい：5げきむず：0,,ファイル名をコピー,リリース,雨天決行,すとぷり
10012095,2024/08/16,さよーならまたいつか! 米津 玄師 NHK朝ドラ「虎に翼」主題歌           ,さよーならまたいつか,リリース通知作成,"[""ポップス""]",true,781-2624-0,かんたん：3むずかしい：6げきむず：0,,ファイル名をコピー,リリース,さよーならまたいつか!,米津 玄師
10011590,2024/08/15,この地球のどこかで 合唱 がっしょう    ,このちきゅうのどこかで,リリース通知作成,"[""キッズ""]",true,052-6528-2,かんたん：2むずかしい：5げきむず：0,,ファイル名をコピー,リリース,この地球のどこかで,合唱
20010023,2024/01/27,Bling-Bang-Bang-Born Creepy Nuts くりーぴーなっつ TVアニメ「マッシュル-MASHLE-」第2期OP           ,ぶりんばんばんぼーん,リリース通知作成,"[""アニメ""]",true,777-9967-4,かんたん：3むずかしい：7げきむず：0,,ファイル名をコピー,リリース,Bling-Bang-Bang-Born,Creepy Nuts
10011319,2024/04/11,不思議 星野 源 ほしのげん ドラマ「着飾る恋には理由があって」主題歌           ,ふしぎ,リリース通知作成,"[""ポップス""]",true,262-6509-5,かんたん：2むずかしい：5げきむず：0,,ファイル名をコピー,リリース,不思議,星野 源
10011315,2024/05/06,Dangerholic Snow Man すのーまん ドラマ「トリリオンゲーム」主題歌           ,でんじゃーほりっく,リリース通知作成,"[""ポップス""]",true,286-2388-6,かんたん：2むずかしい：6げきむず：0,,ファイル名をコピー,リリース,Dangerholic,Snow Man
10011269,2024/01/04,ドキメキダイアリー asmi feat.Chinozo あすみふぃーちゃりんぐちのぞー アニメ「ポケットモンスター」OP           ,どきめきだいありー,リリース通知作成,"[""アニメ""]",true,767-9472-5,かんたん：2むずかしい：6げきむず：0,,ファイル名をコピー,リリース,ドキメキダイアリー,asmi feat.Chinozo
10011225,2023/11/30,Starting Over sumika すみか アニメ「MIX MEISEI STORY ～二度目の夏、空の向こうへ～」OP           ,すたーてぃんぐおーばー,リリース通知作成,"[""アニメ""]",true,767-9435-1,かんたん：4むずかしい：7げきむず：0,,ファイル名をコピー,リリース,Starting Over,sumika
10011178,2023/05/30,ケセラセラ Mrs. GREEN APPLE みせすぐりーんあっぷる ドラマ「日曜の夜ぐらいは...」主題歌           ,けせらせら,リリース通知作成,"[""ポップス""]",true,N01232425,かんたん：3むずかしい：5げきむず：0,,ファイル名をコピー,リリース,ケセラセラ,Mrs. GREEN APPLE
10011215,2023/11/03,メフィスト 女王蜂 じょおうばち アニメ「【推しの子】」ED           ,めふぃすと,リリース通知作成,"[""アニメ""]",true,767-9326-5,かんたん：2むずかしい：5げきむず：0,,ファイル名をコピー,リリース,メフィスト,女王蜂
10011201,2024/01/18,RUN Sexy Zone せくしーぞーん ドラマ「未満警察 ミッドナイトランナー」主題歌           ,らん,リリース通知作成,"[""ポップス""]",true,252-9756-2,かんたん：3むずかしい：6げきむず：0,,ファイル名をコピー,リリース,RUN,Sexy Zone
10011187,2024/01/11,STAR☆T☆RAIN B小町 びーこまち アニメ「【推しの子】」劇中歌           ,すたーてぃーれいん,リリース通知作成,"[""アニメ""]",true,282-1832-9,かんたん：3むずかしい：6げきむず：0,,ファイル名をコピー,リリース,STAR☆T☆RAIN,B小町
10011159,2023/04/26,アイドル YOASOBI よあそび アニメ「【推しの子】」OP           ,あいどる,リリース通知作成,"[""アニメ""]",true,765-3460-0,かんたん：3むずかしい：6げきむず：0,,ファイル名をコピー,リリース,アイドル,YOASOBI
10011143,2024/05/02,ぼくらの Eve いゔ アニメ「僕のヒーローアカデミア」第6期OP           ,ぼくらの,リリース通知作成,"[""アニメ""]",true,763-4203-4,かんたん：3むずかしい：6げきむず：0,,ファイル名をコピー,リリース,ぼくらの,Eve
10011141,2023/06/13,まぶた Vaundy ばうんでぃ ドラマ「女神の教室～リーガル青春白書～」主題歌           ,まぶた,リリース通知作成,"[""ポップス""]",true,763-4655-2,かんたん：3むずかしい：4げきむず：0,,ファイル名をコピー,リリース,まぶた,Vaundy
10011066,2023/12/07,新宝島 サカナクション さかなくしょん 映画『バクマン。』主題歌           ,しんたからじま,リリース通知作成,"[""アニメ""]",true,21219001N00057544,かんたん：3むずかしい：5げきむず：0,,ファイル名をコピー,リリース,新宝島,サカナクション
10011114,2024/04/13,ひとりごつ ハチワレ（CV：田中誠人） はちわれたなかまこと アニメ「ちいかわ」ED           ,ひとりごつ,リリース通知作成,"[""アニメ""]",true,274-7796-7,かんたん：1むずかしい：4げきむず：0,,ファイル名をコピー,リリース,ひとりごつ,ハチワレ（CV：田中誠人）
10011098,2024/02/12,ラムのラブソング 松谷祐子 まつたにゆうこ アニメ「うる星やつら」OP           ,らむのらぶそんぐ,リリース通知作成,"[""アニメ""]",true,010-6587-4,かんたん：4むずかしい：7げきむず：0,,ファイル名をコピー,リリース,ラムのラブソング,松谷祐子
10011028,2024/05/01,星座になれたら 結束バンド けっそくばんど アニメ「ぼっち・ざ・ろっく！」第12話劇中曲           ,せいざになれたら,リリース通知作成,"[""アニメ""]",true,278-2529-9,かんたん：2むずかしい：6げきむず：0,,ファイル名をコピー,リリース,星座になれたら,結束バンド
10011043,2023/11/22,やさしさに包まれたなら 荒井 由実 あらいゆみ 映画『魔女の宅急便』ED主題歌           ,やさしさにつつまれたなら,リリース通知作成,"[""ポップス""]",true,088-2702-8,かんたん：1むずかしい：4げきむず：0,,ファイル名をコピー,リリース,やさしさに包まれたなら,荒井 由実
10010988,2023/01/17,Subtitle Official髭男dism おふぃしゃるひげだんでぃずむ ドラマ「silent」主題歌           ,さぶたいとる,リリース通知作成,"[""ポップス""]",true,277-5427-8,かんたん：2むずかしい：5げきむず：0,,ファイル名をコピー,リリース,Subtitle,Official髭男dism
10011023,2024/02/20,バイオレンス 女王蜂 じょおうばち アニメ「チェンソーマン」第11話ED           ,ばいおれんす,リリース通知作成,"[""アニメ""]",true,762-1421-4,かんたん：3むずかしい：6げきむず：0,,ファイル名をコピー,リリース,バイオレンス,女王蜂
10011138,2023/11/27,アイワナムチュー MAISONdes めぞんで アニメ「うる星やつら」OP           ,あいわなむちゅー,リリース通知作成,"[""アニメ""]",true,762-7632-5,かんたん：3むずかしい：6げきむず：0,,ファイル名をコピー,リリース,アイワナムチュー,MAISONdes
10011005,2024/05/06,ギターと孤独と蒼い惑星 結束バンド けっそくばんど アニメ「ぼっち・ざ・ろっく！」第5話劇中曲           ,ぎたーとこどくとあおいわくせい,リリース通知作成,"[""アニメ""]",true,276-5910-1,かんたん：2むずかしい：6げきむず：0,,ファイル名をコピー,リリース,ギターと孤独と蒼い惑星,結束バンド
10011002,2023/03/19,トウキョウ・シャンディ・ランデヴ MAISONdes めぞんで アニメ「うる星やつら」ED           ,とうきょうしゃんでぃらんでぶ,リリース通知作成,"[""アニメ""]",true,760-0752-9,かんたん：3むずかしい：5げきむず：0,,ファイル名をコピー,リリース,トウキョウ・シャンディ・ランデヴ,MAISONdes
10010951,2023/12/21,silent SEKAI NO OWARI せかいのおわり ドラマ「この恋あたためますか」主題歌           ,さいれんと,リリース通知作成,"[""ポップス""]",true,739-4556-1,かんたん：2むずかしい：5げきむず：0,,ファイル名をコピー,リリース,silent,SEKAI NO OWARI
10010837,2022/11/13,KICK BACK 米津玄師 よねづけんし アニメ「チェンソーマン」OP           ,きっくばっく,リリース通知作成,"[""アニメ""]",true,276-9622-7,かんたん：3むずかしい：6げきむず：0,,ファイル名をコピー,リリース,KICK BACK,米津玄師
10010836,2022/10/19,SOUVENIR BUMP OF CHICKEN ばんぷおぶちきん アニメ「SPY×FAMILY」第2クールOP           ,すーべにあ,リリース通知作成,"[""アニメ""]",true,276-7864-4,かんたん：3むずかしい：5げきむず：0,,ファイル名をコピー,リリース,SOUVENIR,BUMP OF CHICKEN
10010917,2024/04/06,祝福 YOASOBI よあそび アニメ「機動戦士ガンダム 水星の魔女」OP           ,しゅくふく,リリース通知作成,"[""アニメ""]",true,758-5478-3,かんたん：3むずかしい：6げきむず：0,,ファイル名をコピー,リリース,祝福,YOASOBI
10010798,2024/02/23,逆光 ウタ(Ado) うたあど 映画『ONE PIECE FILM RED』 挿入歌           ,ぎゃっこう,リリース通知作成,"[""アニメ""]",true,N01175964,かんたん：3むずかしい：6げきむず：0,,ファイル名をコピー,リリース,逆光,ウタ(Ado)
10010685,2022/07/07,私は最強 ウタ(Ado) うたあど 映画『ONE PIECE FILM RED』挿入歌           ,わたしはさいきょう,リリース通知作成,"[""アニメ""]",true,N01150512,かんたん：3むずかしい：5げきむず：0,,ファイル名をコピー,リリース,私は最強,ウタ(Ado)
10011554,2024/05/04,おジャ魔女カーニバル!! MAHO堂 まほーどう アニメ「おジャ魔女どれみ」OP           ,おじゃまじょかーにばる,リリース通知作成,"[""アニメ""]",true,063-9280-6,かんたん：3むずかしい：7げきむず：0,,ファイル名をコピー,リリース,おジャ魔女カーニバル!!,MAHO堂
10010588,2023/11/11,ミックスナッツ Official髭男dism おふぃしゃるひげだんでぃずむ アニメ「SPY×FAMILY」OP           ,みっくすなっつ,リリース通知作成,"[""アニメ""]",true,271-5866-7,かんたん：3むずかしい：5げきむず：0,,ファイル名をコピー,リリース,ミックスナッツ,Official髭男dism
10010635,2024/03/22,Bye-Good-Bye BE:FIRST びーふぁーすと    ,ばいぐっばい,リリース通知作成,"[""ポップス""]",true,751-5407-2,かんたん：2むずかしい：6げきむず：0,,ファイル名をコピー,リリース,Bye-Good-Bye,BE:FIRST
10010647,2022/06/01,１・２・３ After the Rain (そらる×まふまふ) あふたーざれいんそらるまふまふ アニメ「ポケットモンスター」OP           ,わんつーすりー,リリース通知作成,"[""アニメ""]",true,732-2582-7,かんたん：2むずかしい：6げきむず：0,,ファイル名をコピー,リリース,１・２・３,After the Rain (そらる×まふまふ)
10010580,2022/04/29,ウィーアー！ きただにひろし きただにひろし アニメ「ONE PIECE」OP           ,うぃーあー,リリース通知作成,"[""アニメ""]",true,070-6662-7,かんたん：3むずかしい：4げきむず：0,,ファイル名をコピー,リリース,ウィーアー！,きただにひろし
10010517,2022/04/10,初心LOVE なにわ男子 なにわだんし ドラマ「消えた初恋」主題歌           ,うぶらぶ,リリース通知作成,"[""ポップス""]",true,748-0557-6,かんたん：2むずかしい：4げきむず：0,,ファイル名をコピー,リリース,初心LOVE,なにわ男子
10010532,2023/11/14,Love so sweet 嵐 あらし ドラマ「花より男子2（リターンズ）」主題歌           ,らぶそうすいーと,リリース通知作成,"[""ポップス""]",true,137-6138-2,かんたん：2むずかしい：4げきむず：0,,ファイル名をコピー,リリース,Love so sweet,嵐
10010463,2023/11/12,一途 King Gnu きんぐぬー 映画『劇場版 呪術廻戦 0』主題歌           ,いちず,リリース通知作成,"[""アニメ""]",true,268-1432-3,かんたん：3むずかしい：5げきむず：0,,ファイル名をコピー,リリース,一途,King Gnu
10010467,2022/01/25,アンパンマンのマーチ ドリーミング どりーみんぐ アニメ「それいけ!アンパンマン」OP           ,あんぱんまんのまーち,リリース通知作成,"[""キッズ""]",true,003-2549-0,かんたん：2むずかしい：4げきむず：0,,ファイル名をコピー,リリース,アンパンマンのマーチ,ドリーミング
10011597,2024/08/04,夢幻 MY FIRST STORY×HYDE まいふぁーすとすとーりーはいど アニメ「鬼滅の刃〜柱稽古編〜」OP           ,むげん,リリース通知作成,"[""アニメ""]",true,295-9030-2,かんたん：3むずかしい：5げきむず：0,,ファイル名をコピー,リリース,夢幻,MY FIRST STORY×HYDE
10011160,2023/11/15,絆ノ奇跡 MAN WITH A MISSION × milet まんうぃずあみっしょんみれい アニメ「鬼滅の刃〜刀鍛冶の里編〜」OP           ,きずなのきせき,リリース通知作成,"[""アニメ""]",true,280-3363-9,かんたん：3むずかしい：5げきむず：0,,ファイル名をコピー,リリース,絆ノ奇跡,MAN WITH A MISSION × milet
10010215,2021/08/01,紅蓮華 LiSA りさ アニメ「鬼滅の刃〜竈門炭治郎 立志編〜」OP           ,ぐれんげ,リリース通知作成,"[""アニメ""]",true,245-1154-4,かんたん：3むずかしい：5げきむず：0,,ファイル名をコピー,リリース,紅蓮華,LiSA
10010418,2024/04/22,残響散歌 Aimer えめ アニメ「鬼滅の刃〜遊郭編〜」OP           ,ざんきょうさんか,リリース通知作成,"[""アニメ""]",true,268-3851-6,かんたん：2むずかしい：6げきむず：0,,ファイル名をコピー,リリース,残響散歌,Aimer
10010391,2023/11/08,キセキ GReeeeN ぐりーん NHK朝ドラ「エール」主題歌           ,きせき,リリース通知作成,"[""ポップス""]",true,149-3840-5,かんたん：3むずかしい：5げきむず：0,,ファイル名をコピー,リリース,キセキ,GReeeeN
10010387,2021/12/14,夢をかなえてドラえもん mao まお アニメ「ドラえもん」OP           ,ゆめをかなえてどらえもん,リリース通知作成,"[""アニメ"", ""キッズ""]",true,139-6922-6,かんたん：3むずかしい：4げきむず：0,,ファイル名をコピー,リリース,夢をかなえてドラえもん,mao
10010347,2024/05/02,阿修羅ちゃん Ado あど ドラマ「ドクターX～外科医・大門未知子～」主題歌           ,あしゅらちゃん,リリース通知作成,"[""ポップス""]",true,747-9601-1,かんたん：2むずかしい：6げきむず：0,,ファイル名をコピー,リリース,阿修羅ちゃん,Ado
10010231,2021/08/01,炎 LiSA りさ 映画『劇場版 鬼滅の刃 無限列車編』主題歌           ,ほむら,リリース通知作成,"[""アニメ""]",true,256-1106-2,かんたん：2むずかしい：4げきむず：0,,ファイル名をコピー,リリース,炎,LiSA
10010346,2024/02/01,シュガーソングとビターステップ UNISON SQUARE GARDEN ゆにぞんすくえあがーでん アニメ「血界戦線」 ED           ,しゅがーそんぐとびたーすてっぷ,リリース通知作成,"[""アニメ""]",true,712-5439-1,かんたん：3むずかしい：5げきむず：8,,ファイル名をコピー,リリース,シュガーソングとビターステップ,UNISON SQUARE GARDEN
10010384,2024/01/19,紅蓮の弓矢 Linked Horizon りんくとほらいずん アニメ「進撃の巨人」前期OP           ,ぐれんのゆみや,リリース通知作成,"[""アニメ""]",true,707-2240-4,かんたん：2むずかしい：5げきむず：0,,ファイル名をコピー,リリース,紅蓮の弓矢,Linked Horizon
10010342,2024/04/11,unravel TK from 凛として時雨 てぃーけーふろむりんとしてしぐれ アニメ「東京喰種トーキョーグール」OP           ,あんらべる,リリース通知作成,"[""アニメ""]",true,710-4140-1,かんたん：2むずかしい：5げきむず：0,,ファイル名をコピー,リリース,unravel,TK from 凛として時雨
10010328,2021/11/14,インフェルノ Mrs. GREEN APPLE みせすぐりーんあっぷる アニメ「炎炎ノ消防隊」OP           ,いんふぇるの,リリース通知作成,"[""アニメ""]",true,728-9982-4,かんたん：3むずかしい：6げきむず：0,,ファイル名をコピー,リリース,インフェルノ,Mrs. GREEN APPLE
10010282,2024/05/22,前前前世 RADWIMPS らっどうぃんぷす 映画『君の名は。』主題歌           ,ぜんぜんぜんせ,リリース通知作成,"[""ポップス""]",true,22046364N00061426,かんたん：2むずかしい：7げきむず：0,,ファイル名をコピー,リリース,前前前世,RADWIMPS
10010281,2023/12/18,CITRUS Da-iCE だいす ドラマ「極主夫道」主題歌           ,しとらす,リリース通知作成,"[""ポップス""]",true,739-6767-0,かんたん：2むずかしい：5げきむず：0,,ファイル名をコピー,リリース,CITRUS,Da-iCE
10010263,2021/08/23,怪物 YOASOBI よあそび アニメ「BEASTARS」OP           ,かいぶつ,リリース通知作成,"[""アニメ""]",true,740-9268-5,かんたん：3むずかしい：5げきむず：0,,ファイル名をコピー,リリース,怪物,YOASOBI
10010259,2024/06/05,廻廻奇譚 Eve いゔ アニメ「呪術廻戦」OP           ,かいかいきたん,リリース通知作成,"[""アニメ""]",true,738-7364-1,かんたん：2むずかしい：6げきむず：0,,ファイル名をコピー,リリース,廻廻奇譚,Eve
10010209,2024/01/15,恋 星野源 ほしのげん ドラマ「逃げるは恥だが役に立つ」主題歌           ,こい,リリース通知作成,"[""ポップス""]",true,221-9754-1,かんたん：3むずかしい：5げきむず：0,,ファイル名をコピー,リリース,恋,星野源
10012459,2024/08/20,BREAKOUT Snow Man すのうまん 映画『赤羽骨子のボディガード』主題歌           ,ぶれいくあうと,リリース通知作成,"[""ポップス""]",true,303-9315-9,かんたん：2むずかしい：6げきむず：0,,ファイル名をコピー,リリース,BREAKOUT,Snow Man
10010232,2021/08/01,夜に駆ける YOASOBI よあそび    ,よるにかける,リリース通知作成,"[""ポップス""]",true,732-3245-9,かんたん：2むずかしい：4げきむず：0,,ファイル名をコピー,リリース,夜に駆ける,YOASOBI
10010235,2024/04/28,猫 DISH// でぃっしゅ    ,ねこ,リリース通知作成,"[""ポップス""]",true,230-2142-0,かんたん：2むずかしい：5げきむず：8,,ファイル名をコピー,リリース,猫,DISH//
10010236,2024/05/27,ハルノヒ あいみょん あいみょん    ,はるのひ,リリース通知作成,"[""ポップス""]",true,726-7199-8,かんたん：1むずかしい：6げきむず：0,,ファイル名をコピー,リリース,ハルノヒ,あいみょん
10010220,2024/03/15,宿命 Official髭男dism おふぃしゃるひげだんでぃずむ    ,しゅくめい,リリース通知作成,"[""ポップス""]",true,728-8727-3,かんたん：3むずかしい：5げきむず：0,,ファイル名をコピー,リリース,宿命,Official髭男dism
10010202,2024/05/12,Lemon 米津玄師 よねづけんし    ,れもん,リリース通知作成,"[""ポップス""]",true,720-5540-5,かんたん：2むずかしい：5げきむず：0,,ファイル名をコピー,リリース,Lemon,米津玄師
10010210,2024/01/29,Pretender Official髭男dism おふぃしゃるひげだんでぃずむ    ,ぷれてんだー,リリース通知作成,"[""ポップス""]",true,245-4943-6,かんたん：2むずかしい：6げきむず：0,,ファイル名をコピー,リリース,Pretender,Official髭男dism
10010207,2021/08/01,打上花火 DAOKO × 米津玄師 だをこよねづけんし 映画『打ち上げ花火、下から見るか？横から見るか？』主題歌           ,うちあげはなび,リリース通知作成,"[""ポップス""]",true,229-7721-0,かんたん：2むずかしい：4げきむず：0,,ファイル名をコピー,リリース,打上花火,DAOKO × 米津玄師
10010208,2021/08/01,マリーゴールド あいみょん あいみょん    ,まりーごーるど,リリース通知作成,"[""ポップス""]",true,23870486,かんたん：2むずかしい：4げきむず：0,,ファイル名をコピー,リリース,マリーゴールド,あいみょん
10010211,2023/11/26,さよならエレジー 菅田将暉 すだまさき    ,さよならえれじー,リリース通知作成,"[""ポップス""]",true,719-9087-9,かんたん：3むずかしい：6げきむず：0,,ファイル名をコピー,リリース,さよならエレジー,菅田将暉
10010216,2021/08/01,ドラえもん 星野源 ほしのげん    ,どらえもん,リリース通知作成,"[""アニメ""]",true,235-0870-1,かんたん：3むずかしい：5げきむず：0,,ファイル名をコピー,リリース,ドラえもん,星野源
10010218,2021/09/10,千本桜 黒うさ くろうさ    ,せんぼんざくら,リリース通知作成,"[""ボカロ""]",true,70345465N00099604,かんたん：3むずかしい：6げきむず：9,,ファイル名をコピー,リリース,千本桜,黒うさ
10010251,2024/01/31,ドライフラワー 優里 ゆうり    ,どらいふらわー,リリース通知作成,"[""ポップス""]",true,258-2440-6,かんたん：2むずかしい：6げきむず：0,,ファイル名をコピー,リリース,ドライフラワー,優里
10010252,2021/08/05,うっせぇわ Ado あど    ,うっせぇわ,リリース通知作成,"[""ポップス""]",true,74005138N00970563,かんたん：4むずかしい：7げきむず：0,,ファイル名をコピー,リリース,うっせぇわ,Ado
10010256,2021/08/05,群青 YOASOBI よあそび    ,ぐんじょう,リリース通知作成,"[""ポップス""]",true,737-9443-1,かんたん：3むずかしい：4げきむず：0,,ファイル名をコピー,リリース,群青,YOASOBI
10010264,2024/04/18,三原色 YOASOBI よあそび    ,さんげんしょく,リリース通知作成,"[""ポップス""]",true,261-7217-8,かんたん：3むずかしい：6げきむず：0,,ファイル名をコピー,リリース,三原色,YOASOBI
10010265,2021/09/08,グッバイ宣言 FloweR ふらわー    ,ぐっばいせんげん,リリース通知作成,"[""ボカロ""]",true,73767093N00894802,かんたん：3むずかしい：5げきむず：8,,ファイル名をコピー,リリース,グッバイ宣言,FloweR
10010269,2021/09/13,踊 Ado あど    ,おど,リリース通知作成,"[""ポップス""]",true,74336592N01018423,かんたん：3むずかしい：5げきむず：0,,ファイル名をコピー,リリース,踊,Ado
10010272,2021/09/10,シル・ヴ・プレジデント P丸様。 ぴーまるさま    ,しるぶぷれじでんと,リリース通知作成,"[""ポップス""]",true,742-5237-2N00989204,かんたん：3むずかしい：6げきむず：0,,ファイル名をコピー,リリース,シル・ヴ・プレジデント,P丸様。
10010276,2024/04/26,水平線 back number ばっくなんばー    ,すいへいせん,リリース通知作成,"[""ポップス""]",true,738-4262-1,かんたん：2むずかしい：5げきむず：0,,ファイル名をコピー,リリース,水平線,back number
10010277,2021/09/19,ヴァンパイア DECO*27 でこにーな    ,ゔぁんぱいあ,リリース通知作成,"[""ボカロ""]",true,74270079N00991725,かんたん：3むずかしい：6げきむず：0,,ファイル名をコピー,リリース,ヴァンパイア,DECO*27
10010278,2021/09/22,ワタリドリ [Alexandros] あれきさんどろす    ,わたりどり,リリース通知作成,"[""ポップス""]",true,208-0121-1,かんたん：3むずかしい：4げきむず：0,,ファイル名をコピー,リリース,ワタリドリ,[Alexandros]
10010279,2024/02/26,ただ君に晴れ ヨルシカ よるしか    ,ただきみにはれ,リリース通知作成,"[""ポップス""]",true,72158441N00570002,かんたん：2むずかしい：5げきむず：0,,ファイル名をコピー,リリース,ただ君に晴れ,ヨルシカ
10010280,2024/06/11,女々しくて ゴールデンボンバー ごーるでんぼんばー    ,めめしくて,リリース通知作成,"[""ポップス""]",true,165-1407-6N00108099,かんたん：2むずかしい：5げきむず：7,,ファイル名をコピー,リリース,女々しくて,ゴールデンボンバー
10010284,2024/02/04,スキスキ星人 すとぷり すとぷり    ,すきすきせいじん,リリース通知作成,"[""ポップス""]",true,736-4794-2N00867120,かんたん：3むずかしい：6げきむず：0,,ファイル名をコピー,リリース,スキスキ星人,すとぷり
10010286,2021/10/02,KING Kanaria かなりあ    ,きんぐ,リリース通知作成,"[""ボカロ""]",true,73803073N00913753,かんたん：3むずかしい：5げきむず：0,,ファイル名をコピー,リリース,KING,Kanaria
10010287,2024/04/25,フォニイ ツミキ つみき    ,ふぉにい,リリース通知作成,"[""ボカロ""]",true,265-4704-0N01073287,かんたん：2むずかしい：6げきむず：0,,ファイル名をコピー,リリース,フォニイ,ツミキ
10010291,2024/03/02,おかえりらぶっ！ すとぷり すとぷり    ,おかえりらぶっ,リリース通知作成,"[""ポップス""]",true,72857986N00643171,かんたん：3むずかしい：5げきむず：0,,ファイル名をコピー,リリース,おかえりらぶっ！,すとぷり
10010292,2024/04/21,ギラギラ Ado あど    ,ぎらぎら,リリース通知作成,"[""ポップス""]",true,74143841N00990168,かんたん：2むずかしい：5げきむず：0,,ファイル名をコピー,リリース,ギラギラ,Ado
10010295,2023/12/30,大好きになればいいんじゃない？ すとぷり すとぷり    ,だいすきになればいいんじゃない,リリース通知作成,"[""ポップス""]",true,24396702N00608717,かんたん：2むずかしい：6げきむず：0,,ファイル名をコピー,リリース,大好きになればいいんじゃない？,すとぷり
10010296,2021/10/16,生きる feat. 可不 水野あつ みずのあつ    ,いきる,リリース通知作成,"[""ボカロ""]",true,74630890N01061602,かんたん：2むずかしい：4げきむず：0,,ファイル名をコピー,リリース,生きる feat. 可不,水野あつ
10010297,2023/11/23,Mela! 緑黄色社会 りょくおうしょくしゃかい    ,めら,リリース通知作成,"[""ポップス""]",true,253-8385-0,かんたん：4むずかしい：5げきむず：0,,ファイル名をコピー,リリース,Mela!,緑黄色社会
10010303,2024/05/21,キュートなカノジョ syudou しゅどう    ,きゅーとなかのじょ,リリース通知作成,"[""ボカロ""]",true,26107147N01003184,かんたん：3むずかしい：7げきむず：0,,ファイル名をコピー,リリース,キュートなカノジョ,syudou
10010308,2021/10/27,テレキャスタービーボーイ すりぃ すりぃ    ,てれきゃすたーびーぼーい,リリース通知作成,"[""ボカロ""]",true,72799439N00614244,かんたん：3むずかしい：6げきむず：0,,ファイル名をコピー,リリース,テレキャスタービーボーイ,すりぃ
10010315,2023/12/27,トンデモワンダーズ sasakure.‌UK ささくれゆーけい    ,とんでもわんだーず,リリース通知作成,"[""ボカロ""]",true,N01058855,かんたん：4むずかしい：6げきむず：9,,ファイル名をコピー,リリース,トンデモワンダーズ,sasakure.‌UK
10010317,2024/05/31,シンデレラボーイ Saucy Dog さうしーどっぐ    ,しんでれらぼーい,リリース通知作成,"[""ポップス""]",true,74650203N01077464,かんたん：2むずかしい：5げきむず：0,,ファイル名をコピー,リリース,シンデレラボーイ,Saucy Dog
10010323,2024/01/07,シャルル バルーン ばるーん    ,しゃるる,リリース通知作成,"[""ポップス""]",true,71622306N00441382,かんたん：3むずかしい：6げきむず：0,,ファイル名をコピー,リリース,シャルル,バルーン
10010324,2021/11/10,青と夏 Mrs. GREEN APPLE みせすぐりーんあっぷる    ,あおとなつ,リリース通知作成,"[""ポップス""]",true,722-6679-1,かんたん：2むずかしい：5げきむず：0,,ファイル名をコピー,リリース,青と夏,Mrs. GREEN APPLE
10010327,2024/04/12,ロキ みきとP みきとぴー    ,ろき,リリース通知作成,"[""ボカロ""]",true,23633727N00560958,かんたん：4むずかしい：6げきむず：0,,ファイル名をコピー,リリース,ロキ,みきとP
10010334,2024/02/05,アスノヨゾラ哨戒班 Orangestar おれんじすたー    ,あすのよぞらしょうかいはん,リリース通知作成,"[""ボカロ""]",true,71091238N01076799,かんたん：2むずかしい：7げきむず：0,,ファイル名をコピー,リリース,アスノヨゾラ哨戒班,Orangestar
10010335,2024/02/03,ミライチズ 夜のひと笑い よるのひとわらい    ,みらいちず,リリース通知作成,"[""ポップス""]",true,744-9687-5,かんたん：2むずかしい：6げきむず：0,,ファイル名をコピー,リリース,ミライチズ,夜のひと笑い
10010343,2021/12/01,ファンサ HoneyWorks はにーわーくす    ,ふぁんさ,リリース通知作成,"[""ポップス""]",true,732-7819-0,かんたん：3むずかしい：5げきむず：0,,ファイル名をコピー,リリース,ファンサ,HoneyWorks
10010350,2023/12/20,クリスマスソング back number ばっくなんばー    ,くりすますそんぐ,リリース通知作成,"[""ポップス""]",true,713-6059-0,かんたん：1むずかしい：4げきむず：0,,ファイル名をコピー,リリース,クリスマスソング,back number
10010351,2023/12/13,粉雪 レミオロメン れみおろめん    ,こなゆき,リリース通知作成,"[""ポップス""]",true,127-0097-5,かんたん：2むずかしい：5げきむず：0,,ファイル名をコピー,リリース,粉雪,レミオロメン
10010386,2022/01/09,ヒバナ DECO*27 でこにーな    ,ひばな,リリース通知作成,"[""ボカロ""]",true,71851739N00539591,かんたん：4むずかしい：6げきむず：8,,ファイル名をコピー,リリース,ヒバナ,DECO*27
10010389,2024/05/15,ゴーストルール feat. 初音ミク DECO*27 でこにーな    ,ごーすとるーる,リリース通知作成,"[""ボカロ""]",true,71420894N00118848,かんたん：2むずかしい：7げきむず：0,,ファイル名をコピー,リリース,ゴーストルール feat. 初音ミク,DECO*27
10010390,2024/04/08,第六感 Reol れをる    ,だいろっかん,リリース通知作成,"[""ポップス""]",true,737-5900-7,かんたん：2むずかしい：5げきむず：0,,ファイル名をコピー,リリース,第六感,Reol
10010396,2023/12/11,白日 King Gnu きんぐぬー    ,はくじつ,リリース通知作成,"[""ポップス""]",true,726-1926-1,かんたん：2むずかしい：7げきむず：0,,ファイル名をコピー,リリース,白日,King Gnu
10010399,2022/01/02,神っぽいな feat. 初音ミク ピノキオピー ぴのきおぴー    ,かみっぽいな,リリース通知作成,"[""ボカロ""]",true,26658305N01077626,かんたん：3むずかしい：5げきむず：0,,ファイル名をコピー,リリース,神っぽいな feat. 初音ミク,ピノキオピー
10010414,2024/04/10,踊り子 Vaundy ばうんでぃ    ,おどりこ,リリース通知作成,"[""ポップス""]",true,N01086311,かんたん：1むずかしい：5げきむず：0,,ファイル名をコピー,リリース,踊り子,Vaundy
10010453,2024/04/21,ベテルギウス 優里 ゆうり    ,べてるぎうす,リリース通知作成,"[""ポップス""]",true,267-4433-3,かんたん：2むずかしい：6げきむず：0,,ファイル名をコピー,リリース,ベテルギウス,優里
10010454,2023/12/25,小さな恋のうた モンゴル800 もんごるはっぴゃく    ,ちいさなこいのうた,リリース通知作成,"[""ポップス""]",true,09197061N00119645,かんたん：2むずかしい：4げきむず：0,,ファイル名をコピー,リリース,小さな恋のうた,モンゴル800
10010471,2024/04/15,秒針を噛む ずっと真夜中でいいのに。 ずっとまよなかでいいのに    ,びょうしんをかむ,リリース通知作成,"[""ポップス""]",true,723-1881-3,かんたん：3むずかしい：6げきむず：0,,ファイル名をコピー,リリース,秒針を噛む,ずっと真夜中でいいのに。
10010472,2023/11/09,ひまわりの約束 秦 基博 はたもとひろ 映画『STAND BY ME ドラえもん』主題歌           ,ひまわりのやくそく,リリース通知作成,"[""ポップス""]",true,202-0671-2,かんたん：1むずかしい：4げきむず：0,,ファイル名をコピー,リリース,ひまわりの約束,秦 基博
10010493,2023/12/02,世界に一つだけの花 SMAP すまっぷ    ,せかいにひとつだけのはな,リリース通知作成,"[""ポップス""]",true,103-1720-1,かんたん：2むずかしい：4げきむず：0,,ファイル名をコピー,リリース,世界に一つだけの花,SMAP
10010501,2024/03/29,レオ 優里 ゆうり    ,れお,リリース通知作成,"[""ポップス""]",true,26830132N01104394,かんたん：1むずかしい：4げきむず：0,,ファイル名をコピー,リリース,レオ,優里
10010502,2024/05/10,おもかげ milet×Aimer×幾田りら みれいえめいくたりら    ,おもかげ,リリース通知作成,"[""ポップス""]",true,749-8084-0,かんたん：2むずかしい：5げきむず：0,,ファイル名をコピー,リリース,おもかげ,milet×Aimer×幾田りら
10010503,2024/03/18,W／X／Y Tani Yuuki たにゆうき    ,だぶりゅーえっくすわい,リリース通知作成,"[""ポップス""]",true,74409506N01036039,かんたん：2むずかしい：6げきむず：0,,ファイル名をコピー,リリース,W／X／Y,Tani Yuuki
10010515,2024/03/10,旅立ちの日に タンポポ合唱団 たんぽぽがっしょうだん    ,たびだちのひに,リリース通知作成,"[""ポップス""]",true,006-6326-3,かんたん：2むずかしい：5げきむず：0,,ファイル名をコピー,リリース,旅立ちの日に,タンポポ合唱団
10010516,2024/03/09,3月9日 レミオロメン れみおろめん    ,さんがつここのか,リリース通知作成,"[""ポップス""]",true,11398159N00010617,かんたん：3むずかしい：5げきむず：0,,ファイル名をコピー,リリース,3月9日,レミオロメン
10010520,2024/04/19,ダーリンダンス feat.初音ミク かいりきベア かいりきべあ    ,だーりんだんす,リリース通知作成,"[""ボカロ""]",true,25707965N00913658,かんたん：2むずかしい：6げきむず：8,,ファイル名をコピー,リリース,ダーリンダンス feat.初音ミク,かいりきベア
10010523,2022/04/03,少女レイ feat. 初音ミク みきとP みきとぴー    ,しょうじょれい,リリース通知作成,"[""ボカロ""]",true,72297310N00580969,かんたん：2むずかしい：5げきむず：0,,ファイル名をコピー,リリース,少女レイ feat. 初音ミク,みきとP
10010525,2023/11/07,怪獣の花唄 Vaundy ばうんでぃ    ,かいじゅうのはなうた,リリース通知作成,"[""ポップス""]",true,25320751N00843020,かんたん：3むずかしい：4げきむず：0,,ファイル名をコピー,リリース,怪獣の花唄,Vaundy
10010531,2024/02/18,ロマンスの神様 広瀬香美 ひろせこうみ    ,ろまんすのかみさま,リリース通知作成,"[""ポップス""]",true,021-8436-2,かんたん：2むずかしい：5げきむず：0,,ファイル名をコピー,リリース,ロマンスの神様,広瀬香美
10010534,2024/02/06,Happiness 嵐 あらし    ,はぴねす,リリース通知作成,"[""ポップス""]",true,142-5050-1,かんたん：3むずかしい：6げきむず：0,,ファイル名をコピー,リリース,Happiness,嵐
10010548,2024/02/11,魔法少女とチョコレゐト feat. 初音ミク ピノキオピー ぴのきおぴー    ,まほうしょうじょとちょこれいと,リリース通知作成,"[""ボカロ""]",true,N01112067,かんたん：3むずかしい：6げきむず：0,,ファイル名をコピー,リリース,魔法少女とチョコレゐト feat. 初音ミク,ピノキオピー
10010555,2024/04/24,春泥棒 ヨルシカ よるしか    ,はるどろぼう,リリース通知作成,"[""ポップス""]",true,253-4003-4,かんたん：2むずかしい：5げきむず：0,,ファイル名をコピー,リリース,春泥棒,ヨルシカ
10010560,2024/01/17,天ノ弱 feat.GUMI 164 feat.GUMI いちろくよんふぃーちゃりんぐぐみ    ,あまのじゃく,リリース通知作成,"[""ボカロ""]",true,70283575N00039223,かんたん：4むずかしい：7げきむず：0,,ファイル名をコピー,リリース,天ノ弱 feat.GUMI,164 feat.GUMI
10010561,2024/02/25,乙女解剖 feat. 初音ミク DECO*27 でこにーな    ,おとめかいぼう,リリース通知作成,"[""ボカロ""]",true,72638401N00602698,かんたん：3むずかしい：7げきむず：0,,ファイル名をコピー,リリース,乙女解剖 feat. 初音ミク,DECO*27
10010562,2022/05/04,ただ声一つ ロクデナシ ろくでなし    ,ただこえひとつ,リリース通知作成,"[""ポップス""]",true,750-0761-4,かんたん：2むずかしい：4げきむず：0,,ファイル名をコピー,リリース,ただ声一つ,ロクデナシ
10010566,2024/02/14,青春チョコレート すとぷり すとぷり    ,せいしゅんちょこれーと,リリース通知作成,"[""ポップス""]",true,N01117135,かんたん：2むずかしい：5げきむず：0,,ファイル名をコピー,リリース,青春チョコレート,すとぷり
10010591,2024/07/12,恋の約束 いれいす いれいす    ,こいのやくそく,リリース通知作成,"[""ポップス""]",true,74404491N01070820,かんたん：2むずかしい：6げきむず：0,,ファイル名をコピー,リリース,恋の約束,いれいす
10010631,2024/01/20,Habit SEKAI NO OWARI せかいのおわり 映画『ホリック xxxHOLiC』主題歌           ,はびっと,リリース通知作成,"[""ポップス""]",true,27163211N01124569,かんたん：3むずかしい：7げきむず：9,,ファイル名をコピー,リリース,Habit,SEKAI NO OWARI
10010633,2024/06/03,The Answer なにわ男子 なにわだんし ドラマ「金田一少年の事件簿」主題歌           ,じあんさー,リリース通知作成,"[""ポップス""]",true,271-5804-7,かんたん：2むずかしい：6げきむず：0,,ファイル名をコピー,リリース,The Answer,なにわ男子
10010640,2024/04/18,イエスタデイ Official髭男dism おふぃしゃるひげだんでぃずむ 映画『HELLO WORLD』主題歌           ,いえすたでい,リリース通知作成,"[""ポップス""]",true,72943394N00653486,かんたん：2むずかしい：5げきむず：0,,ファイル名をコピー,リリース,イエスタデイ,Official髭男dism
10010652,2024/04/29,D.D. Snow Man すのーまん    ,でぃーでぃー,リリース通知作成,"[""ポップス""]",true,251-0137-4,かんたん：2むずかしい：6げきむず：0,,ファイル名をコピー,リリース,D.D.,Snow Man
10010655,2023/12/03,ともに WANIMA わにま    ,ともに,リリース通知作成,"[""ポップス""]",true,715-4180-2,かんたん：3むずかしい：5げきむず：0,,ファイル名をコピー,リリース,ともに,WANIMA
10010664,2022/06/17,夏祭り Whiteberry ほわいとべりー    ,なつまつり,リリース通知作成,"[""ポップス""]",true,060-2416-5,かんたん：3むずかしい：5げきむず：7,,ファイル名をコピー,リリース,夏祭り,Whiteberry
10010672,2022/06/29,ツバメ YOASOBI with ミドリーズ よあそびうぃずみどりーず 「ひろがれ！いろとりどり」テーマソング           ,つばめ,リリース通知作成,"[""アニメ""]",true,26715821N01085907,かんたん：2むずかしい：4げきむず：0,,ファイル名をコピー,リリース,ツバメ,YOASOBI with ミドリーズ
10010680,2023/12/01,サチアレ なにわ男子 なにわだんし    ,さちあれ,リリース通知作成,"[""ポップス""]",true,272-5126-8,かんたん：3むずかしい：5げきむず：0,,ファイル名をコピー,リリース,サチアレ,なにわ男子
10010681,2022/07/01,新時代 ウタ(Ado) うたあど 映画『ONE PIECE FILM RED』主題歌           ,しんじだい,リリース通知作成,"[""アニメ""]",true,N01150506,かんたん：3むずかしい：4げきむず：0,,ファイル名をコピー,リリース,新時代,ウタ(Ado)
10010687,2022/07/09,酔いどれ知らず feat.GUMI Kanaria かなりあ    ,よいどれしらず,リリース通知作成,"[""ボカロ""]",true,N01159693,かんたん：3むずかしい：5げきむず：8,,ファイル名をコピー,リリース,酔いどれ知らず feat.GUMI,Kanaria
10010688,2024/04/02,愛をこめて花束を Superfly すーぱーふらい    ,あいをこめてはなたばを,リリース通知作成,"[""ポップス""]",true,139-0767-1,かんたん：2むずかしい：6げきむず：0,,ファイル名をコピー,リリース,愛をこめて花束を,Superfly
10010701,2022/07/22,ブルーベリー・ナイツ マカロニえんぴつ まかろにえんぴつ    ,ぶるーべりーないつ,リリース通知作成,"[""ポップス""]",true,726-4161-4,かんたん：3むずかしい：4げきむず：0,,ファイル名をコピー,リリース,ブルーベリー・ナイツ,マカロニえんぴつ
10010706,2024/04/15,ダイヤモンドスマイル なにわ男子 なにわだんし    ,だいやもんどすまいる,リリース通知作成,"[""ポップス""]",true,243-9730-0,かんたん：3むずかしい：5げきむず：0,,ファイル名をコピー,リリース,ダイヤモンドスマイル,なにわ男子
10010708,2022/07/30,愛を伝えたいだとか あいみょん あいみょん    ,あいをつたえたいだとか,リリース通知作成,"[""ポップス""]",true,227-4205-1,かんたん：3むずかしい：4げきむず：0,,ファイル名をコピー,リリース,愛を伝えたいだとか,あいみょん
10010722,2024/02/02,高嶺の花子さん back number ばっくなんばー    ,たかねのはなこさん,リリース通知作成,"[""ポップス""]",true,193-6014-2,かんたん：3むずかしい：5げきむず：0,,ファイル名をコピー,リリース,高嶺の花子さん,back number
10010760,2024/04/30,ベノム v4 flower ぶいふぉうふらわ    ,べのむ,リリース通知作成,"[""ボカロ""]",true,72373466N00581085,かんたん：3むずかしい：7げきむず：0,,ファイル名をコピー,リリース,ベノム,v4 flower
10010768,2024/07/07,だから僕は音楽を辞めた ヨルシカ よるしか    ,だからぼくはおんがくをやめた,リリース通知作成,"[""ポップス""]",true,72721162N00618522,かんたん：2むずかしい：6げきむず：8,,ファイル名をコピー,リリース,だから僕は音楽を辞めた,ヨルシカ
10010773,2024/04/17,HANABI Mr.Children みすたーちるどれん    ,はなび,リリース通知作成,"[""ポップス""]",true,15201236N00020586,かんたん：3むずかしい：5げきむず：0,,ファイル名をコピー,リリース,HANABI,Mr.Children
10010782,2023/11/06,天体観測 BUMP OF CHICKEN ばんぷおぶちきん    ,てんたいかんそく,リリース通知作成,"[""ポップス""]",true,085-5823-0,かんたん：3むずかしい：6げきむず：0,,ファイル名をコピー,リリース,天体観測,BUMP OF CHICKEN
10010784,2024/02/13,ビターチョコデコレーション syudou しゅどう    ,びたーちょこでこれーしょん,リリース通知作成,"[""ボカロ""]",true,72668270N00605768,かんたん：4むずかしい：6げきむず：0,,ファイル名をコピー,リリース,ビターチョコデコレーション,syudou
10010785,2023/11/16,負けないで ZARD ざーど    ,まけないで,リリース通知作成,"[""ポップス""]",true,016-6420-4,かんたん：2むずかしい：5げきむず：0,,ファイル名をコピー,リリース,負けないで,ZARD
10010793,2024/07/21,アンノウン・マザーグース wowaka をわか    ,あんのうんまざーぐーす,リリース通知作成,"[""ボカロ""]",true,23125462N00538913,かんたん：3むずかしい：7げきむず：9,,ファイル名をコピー,リリース,アンノウン・マザーグース,wowaka
10010821,2023/11/01,チグハグ THE SUPER FRUIT ざすーぱーふるーつ    ,ちぐはぐ,リリース通知作成,"[""ポップス""]",true,757-2191-1,かんたん：3むずかしい：6げきむず：0,,ファイル名をコピー,リリース,チグハグ,THE SUPER FRUIT
10010883,2023/11/04,Overdose なとり なとり    ,おーばーどーす,リリース通知作成,"[""ポップス""]",true,758-2176-1,かんたん：2むずかしい：4げきむず：0,,ファイル名をコピー,リリース,Overdose,なとり
10010892,2022/12/04,可愛くてごめん HoneyWorks はにーわーくす    ,かわいくてごめん,リリース通知作成,"[""ポップス""]",true,757-8715-6,かんたん：3むずかしい：5げきむず：0,,ファイル名をコピー,リリース,可愛くてごめん,HoneyWorks
10010901,2023/12/19,サウダージ ポルノグラフィティ ぽるのぐらふぃてぃ    ,さうだーじ,リリース通知作成,"[""ポップス""]",true,078-9967-0,かんたん：2むずかしい：5げきむず：0,,ファイル名をコピー,リリース,サウダージ,ポルノグラフィティ
10010909,2024/05/07,ラグトレイン 稲葉曇 いなばくもり    ,らぐとれいん,リリース通知作成,"[""ボカロ""]",true,73813303N00913754,かんたん：3むずかしい：6げきむず：0,,ファイル名をコピー,リリース,ラグトレイン,稲葉曇
10010912,2024/06/12,ロミエット フォーエイト48 ふぉーえいと    ,ろみえっと,リリース通知作成,"[""ポップス""]",true,755-2386-8,かんたん：3むずかしい：6げきむず：0,,ファイル名をコピー,リリース,ロミエット,フォーエイト48
10010942,2023/12/23,ホワイトキス 鈴木鈴木 すずきすずき    ,ほわいときす,リリース通知作成,"[""ポップス""]",true,748-8641-0,かんたん：3むずかしい：5げきむず：0,,ファイル名をコピー,リリース,ホワイトキス,鈴木鈴木
10010962,2024/03/27,オドループ フレデリック ふれでりっく    ,おどるーぷ,リリース通知作成,"[""ポップス""]",true,20311958N00054594,かんたん：3むずかしい：6げきむず：0,,ファイル名をコピー,リリース,オドループ,フレデリック
10010964,2024/04/04,丸の内サディスティック 椎名 林檎 しいなりんご    ,まるのうちさでぃすてぃっく,リリース通知作成,"[""ポップス""]",true,06071970N00021083,かんたん：2むずかしい：5げきむず：0,,ファイル名をコピー,リリース,丸の内サディスティック,椎名 林檎
10010987,2024/03/07,ヒロイン back number ばっくなんばー    ,ひろいん,リリース通知作成,"[""ポップス""]",true,711-4889-2,かんたん：1むずかしい：5げきむず：0,,ファイル名をコピー,リリース,ヒロイン,back number
10010995,2024/01/22,ツキヨミ King & Prince きんぐあんどぷりんす ドラマ「クロサギ」主題歌           ,つきよみ,リリース通知作成,"[""ポップス""]",true,277-5412-0,かんたん：2むずかしい：6げきむず：0,,ファイル名をコピー,リリース,ツキヨミ,King & Prince
10010996,2023/02/12,Stardom King Gnu きんぐぬー 2022 NHKサッカーテーマ           ,すたーだむ,リリース通知作成,"[""ポップス""]",true,278-5673-9,かんたん：2むずかしい：4げきむず：0,,ファイル名をコピー,リリース,Stardom,King Gnu
10010998,2023/02/02,本当はね、 ヤングスキニー やんぐすきにー    ,ほんとうはね,リリース通知作成,"[""ポップス""]",true,276-6532-1,かんたん：2むずかしい：4げきむず：0,,ファイル名をコピー,リリース,本当はね、,ヤングスキニー
10010999,2023/12/24,ハッピーサプライズ なにわ男子 なにわだんし    ,はっぴーさぷらいず,リリース通知作成,"[""ポップス""]",true,760-7193-6,かんたん：3むずかしい：5げきむず：0,,ファイル名をコピー,リリース,ハッピーサプライズ,なにわ男子
10011017,2024/03/08,Good Luck! SixTONES すとーんず ドラマ「最初はパー」主題歌           ,ぐっどらっく,リリース通知作成,"[""ポップス""]",true,760-6995-8,かんたん：3むずかしい：5げきむず：0,,ファイル名をコピー,リリース,Good Luck!,SixTONES
10011033,2023/03/12,らぶびーむ！！ たかやん たかやん    ,らぶびーむ,リリース通知作成,"[""ポップス""]",true,27890481N01200038,かんたん：3むずかしい：6げきむず：0,,ファイル名をコピー,リリース,らぶびーむ！！,たかやん
10011037,2023/11/18,スターマイン Da-iCE だいす    ,すたーまいん,リリース通知作成,"[""ポップス""]",true,757-0850-7,かんたん：2むずかしい：5げきむず：0,,ファイル名をコピー,リリース,スターマイン,Da-iCE
10011038,2024/03/12,栞 クリープハイプ くりーぷはいぷ    ,しおり,リリース通知作成,"[""ポップス""]",true,721-6715-7,かんたん：2むずかしい：6げきむず：0,,ファイル名をコピー,リリース,栞,クリープハイプ
10011044,2023/03/25,オトナブルー 新しい学校のリーダーズ あたらしいがっこうのりーだーず    ,おとなぶるー,リリース通知作成,"[""ポップス""]",true,734-8709-1,かんたん：3むずかしい：5げきむず：0,,ファイル名をコピー,リリース,オトナブルー,新しい学校のリーダーズ
10011053,2024/03/04,Melody 8LOOM ぶるーむ    ,めろでぃ,リリース通知作成,"[""ポップス""]",true,280-0839-1,かんたん：3むずかしい：5げきむず：0,,ファイル名をコピー,リリース,Melody,8LOOM
10011072,2024/04/14,I'm a mess MY FIRST STORY まいふぁーすとすとーりー    ,あいむあめす,リリース通知作成,"[""ポップス""]",true,74617753N01069349,かんたん：2むずかしい：5げきむず：0,,ファイル名をコピー,リリース,I'm a mess,MY FIRST STORY
10011084,2023/04/26,タペストリー Snow Man すのーまん 映画『わたしの幸せな結婚』主題歌           ,たぺすとりー,リリース通知作成,"[""ポップス""]",true,278-9320-1,かんたん：2むずかしい：4げきむず：0,,ファイル名をコピー,リリース,タペストリー,Snow Man
10011101,2024/04/13,春を告げる yama やま    ,はるをつげる,リリース通知作成,"[""ポップス""]",true,73594601N00876788,かんたん：2むずかしい：5げきむず：0,,ファイル名をコピー,リリース,春を告げる,yama
10011102,2024/03/01,魂のルフラン 高橋 洋子 たかはしようこ 映画『新世紀エヴァンゲリオン劇場版 シト新生』主題歌           ,たましいのるふらん,リリース通知作成,"[""アニメ""]",true,048-8114-1,かんたん：2むずかしい：5げきむず：0,,ファイル名をコピー,リリース,魂のルフラン,高橋 洋子
10011106,2024/03/11,YELL いきものがかり いきものがかり 『第76回NHK全国学校音楽コンクール』中学生の部・課題曲           ,えーる,リリース通知作成,"[""ポップス""]",true,156-7553-0,かんたん：2むずかしい：5げきむず：0,,ファイル名をコピー,リリース,YELL,いきものがかり
10011110,2024/04/29,Imitation Rain SixTONES すとーんず    ,いみてーしょんれいん,リリース通知作成,"[""ポップス""]",true,251-0136-6,かんたん：3むずかしい：5げきむず：0,,ファイル名をコピー,リリース,Imitation Rain,SixTONES
10011115,2024/04/16,幽霊東京 Ayase あやせ    ,ゆうれいとうきょう,リリース通知作成,"[""ポップス""]",true,73226688N00843289,かんたん：3むずかしい：6げきむず：0,,ファイル名をコピー,リリース,幽霊東京,Ayase
10011116,2024/02/17,NIGHT DANCER imase いませ    ,ないとだんさー,リリース通知作成,"[""ポップス""]",true,756-8662-7,かんたん：2むずかしい：5げきむず：0,,ファイル名をコピー,リリース,NIGHT DANCER,imase
10011117,2024/04/14,きゅうくらりん いよわ feat.可不 いよわふぃーちゃりんぐかふ    ,きゅうくらりん,リリース通知作成,"[""ボカロ""]",true,26633418N01063597,かんたん：4むずかしい：7げきむず：0,,ファイル名をコピー,リリース,きゅうくらりん,いよわ feat.可不
10011124,2024/06/26,青春ラプソディ なにわ男子 なにわだんし    ,せいしゅんらぷそでぃ,リリース通知作成,"[""ポップス""]",true,501-8730-9,かんたん：4むずかしい：6げきむず：0,,ファイル名をコピー,リリース,青春ラプソディ,なにわ男子
10011125,2023/11/05,Baby you 有華 ゆか    ,べいびーゆー,リリース通知作成,"[""ポップス""]",true,762-7661-9,かんたん：3むずかしい：5げきむず：0,,ファイル名をコピー,リリース,Baby you,有華
10011127,2024/06/20,名前は片想い indigo la End いんでぃごらえんど    ,なまえはかたおもい,リリース通知作成,"[""ポップス""]",true,76389430N01228646,かんたん：3むずかしい：6げきむず：0,,ファイル名をコピー,リリース,名前は片想い,indigo la End
10011130,2024/01/03,めざせポケモンマスター リカ りか    ,めざせぽけもんますたー,リリース通知作成,"[""アニメ""]",true,049-4950-1,かんたん：2むずかしい：5げきむず：0,,ファイル名をコピー,リリース,めざせポケモンマスター,リカ
10011131,2023/05/25,ビリミリオン 優里 ゆうり 映画『ベイビーわるきゅーれ 2ベイビー』主題歌           ,びりみりおん,リリース通知作成,"[""ポップス""]",true,N01247438,かんたん：2むずかしい：4げきむず：0,,ファイル名をコピー,リリース,ビリミリオン,優里
10011132,2023/06/17,ダーリン 須田景凪 すだけいな    ,だーりん,リリース通知作成,"[""ポップス""]",true,N01236148,かんたん：3むずかしい：5げきむず：0,,ファイル名をコピー,リリース,ダーリン,須田景凪
10011140,2024/05/01,Tokimeki Vaundy ばうんでぃ    ,ときめき,リリース通知作成,"[""ポップス""]",true,26628805N01063846,かんたん：2むずかしい：5げきむず：0,,ファイル名をコピー,リリース,Tokimeki,Vaundy
10011144,2023/06/08,リンジュー・ラヴ マカロニえんぴつ まかろにえんぴつ ドラマ「100万回 言えばよかった」主題歌           ,りんじゅーらぶ,リリース通知作成,"[""ポップス""]",true,762-5593-0,かんたん：3むずかしい：6げきむず：0,,ファイル名をコピー,リリース,リンジュー・ラヴ,マカロニえんぴつ
10011148,2023/11/17,死ぬな！ こっちのけんと こっちのけんと    ,しぬな,リリース通知作成,"[""ポップス""]",true,76297144N01204901,かんたん：2むずかしい：5げきむず：0,,ファイル名をコピー,リリース,死ぬな！,こっちのけんと
10011150,2023/12/12,LADY 米津玄師 よねづけんし    ,れでぃ,リリース通知作成,"[""ポップス""]",true,76578011N01239608,かんたん：3むずかしい：6げきむず：0,,ファイル名をコピー,リリース,LADY,米津玄師
10011158,2023/04/27,ビート DE トーヒ ハマいく はまいく    ,びーとでとーひ,リリース通知作成,"[""ポップス""]",true,76098575N01198361,かんたん：3むずかしい：5げきむず：0,,ファイル名をコピー,リリース,ビート DE トーヒ,ハマいく
10011163,2023/05/29,美しい鰭 スピッツ すぴっつ 映画『名探偵コナン 黒鉄の魚影（サブマリン）』主題歌           ,うつくしいひれ,リリース通知作成,"[""アニメ""]",true,28268776N01232421,かんたん：2むずかしい：4げきむず：0,,ファイル名をコピー,リリース,美しい鰭,スピッツ
10011171,2023/06/25,強風オールバック ゆこぴ ゆこぴ    ,きょうふうおーるばっく,リリース通知作成,"[""ボカロ""]",true,N01235895,かんたん：3むずかしい：5げきむず：0,,ファイル名をコピー,リリース,強風オールバック,ゆこぴ
10011177,2024/05/05,ハナタバ MIMI みみ    ,はなたば,リリース通知作成,"[""ボカロ""]",true,762-2883-5N01213320,かんたん：3むずかしい：6げきむず：9,,ファイル名をコピー,リリース,ハナタバ,MIMI
10011195,2024/04/06,J0KER×JOK3R シクフォニ しくふぉに    ,じょーかーじょーかー,リリース通知作成,"[""ポップス""]",true,276-7598-0,かんたん：2むずかしい：6げきむず：0,,ファイル名をコピー,リリース,J0KER×JOK3R,シクフォニ
10011196,2024/01/30,推し★ごと HoneyWorks feat.かぴ はにーわーくすふぃーちゃりんぐかぴ    ,おしごと,リリース通知作成,"[""ポップス""]",true,74775511N01102189,かんたん：3むずかしい：5げきむず：0,,ファイル名をコピー,リリース,推し★ごと,HoneyWorks feat.かぴ
10011204,2024/03/14,DEAR MY LOVER Hey!Say!JUMP へいせいじゃんぷ ドラマ「王様に捧ぐ薬指」主題歌           ,でぃあまいらばー,リリース通知作成,"[""ポップス""]",true,283-0565-5,かんたん：3むずかしい：6げきむず：0,,ファイル名をコピー,リリース,DEAR MY LOVER,Hey!Say!JUMP
10011213,2024/02/28,光の中へ 結束バンド けっそくばんど    ,ひかりのなかへ,リリース通知作成,"[""アニメ""]",true,768-3668-1,かんたん：4むずかしい：6げきむず：0,,ファイル名をコピー,リリース,光の中へ,結束バンド
10011224,2024/01/23,男の子のために可愛いわけじゃない！ 星乃夢奈 ほしのゆな    ,おとこのこのためにかわいいわけじゃない,リリース通知作成,"[""ポップス""]",true,N01255856,かんたん：3むずかしい：5げきむず：0,,ファイル名をコピー,リリース,男の子のために可愛いわけじゃない！,星乃夢奈
10011241,2024/04/23,Poppin’ Hoppin’ Lovin’ なにわ男子 なにわだんし    ,ぽっぴんほっぴんらびん,リリース通知作成,"[""ポップス""]",true,285-5947-9,かんたん：2むずかしい：5げきむず：0,,ファイル名をコピー,リリース,Poppin’ Hoppin’ Lovin’,なにわ男子
10011243,2023/11/28,グラデーション SUPER BEAVER すーぱーびーばー 映画『東京リベンジャーズ2 血のハロウィン編 -運命-』主題歌           ,ぐらでーしょん,リリース通知作成,"[""ポップス""]",true,764-4682-4,かんたん：3むずかしい：6げきむず：0,,ファイル名をコピー,リリース,グラデーション,SUPER BEAVER
10011257,2024/02/07,聖者の行進 キタニタツヤ きたにたつや    ,せいじゃのこうしん,リリース通知作成,"[""ポップス""]",true,745-9591-1,かんたん：3むずかしい：5げきむず：0,,ファイル名をコピー,リリース,聖者の行進,キタニタツヤ
10011271,2023/11/13,888月~夏にも程がある~ リサイタルズ りさいたるず    ,はっぴゃくはちじゅうはちがつなつにもほどがある,リリース通知作成,"[""ポップス""]",true,757-2107-4,かんたん：3むずかしい：5げきむず：0,,ファイル名をコピー,リリース,888月~夏にも程がある~,リサイタルズ
10011276,2024/07/17,夏色 ゆず ゆず    ,なついろ,リリース通知作成,"[""ポップス""]",true,05816840N00502421,かんたん：2むずかしい：6げきむず：0,,ファイル名をコピー,リリース,夏色,ゆず
10011279,2024/04/09,斜陽 ヨルシカ よるしか    ,しゃよう,リリース通知作成,"[""ポップス""]",true,501-8787-2,かんたん：2むずかしい：5げきむず：0,,ファイル名をコピー,リリース,斜陽,ヨルシカ
10011284,2024/02/09,キュン 日向坂46 ひなたざかふぉーてぃーしっくす    ,きゅん,リリース通知作成,"[""ポップス""]",true,244-6292-6,かんたん：3むずかしい：5げきむず：0,,ファイル名をコピー,リリース,キュン,日向坂46
10011287,2024/01/14,ファジーネーブル Conton Candy こんとんきゃんでぃ    ,ふぁじーねーぶる,リリース通知作成,"[""ポップス""]",true,768-2374-1,かんたん：2むずかしい：5げきむず：0,,ファイル名をコピー,リリース,ファジーネーブル,Conton Candy
10011290,2023/11/20,Magic Mrs. GREEN APPLE みせすぐりーんあっぷる    ,まじっく,リリース通知作成,"[""ポップス""]",true,769-0862-3,かんたん：3むずかしい：5げきむず：0,,ファイル名をコピー,リリース,Magic,Mrs. GREEN APPLE
10011291,2024/03/06,愛の花 あいみょん あいみょん    ,あいのはな,リリース通知作成,"[""ポップス""]",true,283-5319-6,かんたん：2むずかしい：5げきむず：0,,ファイル名をコピー,リリース,愛の花,あいみょん
10011293,2024/04/30,たぶん YOASOBI よあそび    ,たぶん,リリース通知作成,"[""ポップス""]",true,737-8555-5,かんたん：1むずかしい：6げきむず：0,,ファイル名をコピー,リリース,たぶん,YOASOBI
10011306,2024/05/04,Shining One BE:FIRST びーふぁーすと    ,しゃいにんぐわん,リリース通知作成,"[""ポップス""]",true,26546787N01060594,かんたん：2むずかしい：6げきむず：0,,ファイル名をコピー,リリース,Shining One,BE:FIRST
10011324,2023/11/21,マーシャル・マキシマイザー 柊マグネタイト ひいらぎまぐねたいと    ,まーしゃるまきしまいざー,リリース通知作成,"[""ボカロ""]",true,26697777N01073299,かんたん：3むずかしい：6げきむず：0,,ファイル名をコピー,リリース,マーシャル・マキシマイザー,柊マグネタイト
10011328,2024/03/30,ラビットホール DECO*27 でこにーな    ,らびっとほーる,リリース通知作成,"[""ボカロ""]",true,76856615N01257867,かんたん：4むずかしい：7げきむず：9,,ファイル名をコピー,リリース,ラビットホール,DECO*27
10011343,2024/01/01,Surges Orangestar (feat. 夏背 & ルワン) おれんじすたーふぃーちゃりんぐかせあんどるわん カロリーメイト web movie「夏がはじまる。」篇           ,さーじす,リリース通知作成,"[""ボカロ""]",true,74676865N01076824,かんたん：3むずかしい：5げきむず：9,,ファイル名をコピー,リリース,Surges,Orangestar (feat. 夏背 & ルワン)
10011346,2024/07/14,全力キング 古川 貴之 ふるかわたかゆき 『王様戦隊キングオージャー』オープニングテーマ           ,ぜんりょくきんぐ,リリース通知作成,"[""キッズ""]",true,281-3284-0,かんたん：3むずかしい：6げきむず：0,,ファイル名をコピー,リリース,全力キング,古川 貴之
10011349,2024/04/24,シンクロニシティ 乃木坂46 のぎさかふぉーてぃーしっくす    ,しんくろにしてぃ,リリース通知作成,"[""ポップス""]",true,236-7681-7,かんたん：3むずかしい：6げきむず：0,,ファイル名をコピー,リリース,シンクロニシティ,乃木坂46
10011358,2024/01/06,美少女無罪♡パイレーツ 宝鐘マリン ほうしょうまりん    ,びしょうじょむざいぱいれーつ,リリース通知作成,"[""ポップス""]",true,N01290205,かんたん：4むずかしい：6げきむず：0,,ファイル名をコピー,リリース,美少女無罪♡パイレーツ,宝鐘マリン
10011361,2024/04/16,CRUISIN' IMP. あいえむぴー    ,くるーじん,リリース通知作成,"[""ポップス""]",true,N01288549,かんたん：3むずかしい：5げきむず：0,,ファイル名をコピー,リリース,CRUISIN',IMP.
20010002,2024/04/12,さくらんぼ 大塚 愛 おおつかあい    ,さくらんぼ,リリース通知作成,"[""ポップス""]",true,110-6640-7,かんたん：3むずかしい：6げきむず：0,,ファイル名をコピー,リリース,さくらんぼ,大塚 愛
20010003,2023/11/25,ヘビーローテーション AKB48 えーけーびーふぉーてぃーえいと    ,へびーろーてーしょん,リリース通知作成,"[""ポップス""]",true,700-8887-0,かんたん：2むずかしい：5げきむず：0,,ファイル名をコピー,リリース,ヘビーローテーション,AKB48
10011383,2024/03/05,寝起きヤシの木 ゆこぴ ゆこぴ    ,ねおきやしのき,リリース通知作成,"[""ボカロ""]",true,77183169N01293411,かんたん：3むずかしい：6げきむず：0,,ファイル名をコピー,リリース,寝起きヤシの木,ゆこぴ
10011388,2024/01/09,勇者 YOASOBI よあそび TVアニメ『葬送のフリーレン』オープニングテーマ           ,ゆうしゃ,リリース通知作成,"[""アニメ""]",true,289-0702-7,かんたん：3むずかしい：7げきむず：0,,ファイル名をコピー,リリース,勇者,YOASOBI
10011389,2024/01/21,粛聖!!ロリ神レクイエム☆ しぐれうい しぐれうい    ,しゅくせいろりかみれくいえむ,リリース通知作成,"[""ポップス""]",true,75449773N01159575,かんたん：3むずかしい：6げきむず：0,,ファイル名をコピー,リリース,粛聖!!ロリ神レクイエム☆,しぐれうい
10011398,2024/03/28,ichiban King & Prince きんぐあんどぷりんす    ,いちばん,リリース通知作成,"[""ポップス""]",true,274-0487-1,かんたん：2むずかしい：7げきむず：0,,ファイル名をコピー,リリース,ichiban,King & Prince
10011401,2023/12/08,人マニア 原口沙輔 はらぐちさすけ    ,ひとまにあ,リリース通知作成,"[""ボカロ""]",true,287-8022-1,かんたん：4むずかしい：7げきむず：0,,ファイル名をコピー,リリース,人マニア,原口沙輔
10011402,2024/04/20,愛のうた ストロベリー・フラワー すとろべりーふらわー    ,あいのうた,リリース通知作成,"[""ポップス""]",true,093-6295-9,かんたん：1むずかしい：5げきむず：0,,ファイル名をコピー,リリース,愛のうた,ストロベリー・フラワー
10011405,2024/06/28,なにやってもうまくいかない meiyo めいよー    ,なにやってもうまくいかない,リリース通知作成,"[""ポップス""]",true,747-1392-2,かんたん：3むずかしい：6げきむず：8,,ファイル名をコピー,リリース,なにやってもうまくいかない,meiyo
10011407,2024/04/09,証拠 WEST. うえすと    ,しょうこ,リリース通知作成,"[""ポップス""]",true,501-6921-1,かんたん：2むずかしい：6げきむず：0,,ファイル名をコピー,リリース,証拠,WEST.
10011408,2023/12/26,勇気100% 光GENJI ひかるげんじ    ,ゆうきひゃくぱーせんと,リリース通知作成,"[""キッズ""]",true,017-7060-8,かんたん：2むずかしい：4げきむず：0,,ファイル名をコピー,リリース,勇気100%,光GENJI
10011410,2024/02/29,Start over! 櫻坂46 さくらざかふぉーてぃーしっくす    ,すたーとおーばー,リリース通知作成,"[""ポップス""]",true,286-4148-5,かんたん：2むずかしい：7げきむず：0,,ファイル名をコピー,リリース,Start over!,櫻坂46
10011411,2024/02/27,I Wish なにわ男子 なにわだんし ドラマ「マイ・セカンド・アオハル」主題歌           ,あいうぃっしゅ,リリース通知作成,"[""ポップス""]",true,291-6378-1,かんたん：3むずかしい：5げきむず：0,,ファイル名をコピー,リリース,I Wish,なにわ男子
20010006,2023/12/22,ハピネス AI あい    ,はぴねす,リリース通知作成,"[""ポップス""]",true,703-5963-6,かんたん：1むずかしい：6げきむず：0,,ファイル名をコピー,リリース,ハピネス,AI
10011416,2024/01/24,ランデヴー シャイトープ しゃいとーぷ    ,らんでゔー,リリース通知作成,"[""ポップス""]",true,768-4148-1,かんたん：2むずかしい：6げきむず：0,,ファイル名をコピー,リリース,ランデヴー,シャイトープ
10011417,2024/03/03,ガチやべぇじゃん P丸様。 feat.ななもり。 ぴーまるさまふぃーちゃりんぐななもり    ,がちやべえじゃん,リリース通知作成,"[""ポップス""]",true,74002970N00946731,かんたん：2むずかしい：5げきむず：0,,ファイル名をコピー,リリース,ガチやべぇじゃん,P丸様。 feat.ななもり。
20010007,2023/12/06,スノーマジックファンタジー SEKAI NO OWARI せかいのおわり    ,すのーまじっくふぁんたじー,リリース通知作成,"[""ポップス""]",true,70897913N00107104,かんたん：2むずかしい：4げきむず：0,,ファイル名をコピー,リリース,スノーマジックファンタジー,SEKAI NO OWARI
20010008,2024/05/13,GOD KNOWS… 平野 綾 ひらのあや    ,ごっどのーず,リリース通知作成,"[""アニメ""]",true,133-1209-0,かんたん：3むずかしい：6げきむず：0,,ファイル名をコピー,リリース,GOD KNOWS…,平野 綾
10011425,2024/02/15,おひとりさま天国 乃木坂46 のぎさかふぉーてぃーしっくす    ,おひとりさまてんごく,リリース通知作成,"[""ポップス""]",true,771-5797-4,かんたん：3むずかしい：5げきむず：0,,ファイル名をコピー,リリース,おひとりさま天国,乃木坂46
10011427,2024/05/20,HERO INI あいえぬあい    ,ひーろー,リリース通知作成,"[""ポップス""]",true,276-7857-1,かんたん：2むずかしい：6げきむず：0,,ファイル名をコピー,リリース,HERO,INI
10011428,2024/04/23,New Day INI あいえぬあい 洋服の青山メンズフレッシャーズ ＣＭ           ,にゅーでい,リリース通知作成,"[""ポップス""]",true,764-3687-0,かんたん：2むずかしい：5げきむず：0,,ファイル名をコピー,リリース,New Day,INI
20010009,2023/12/17,DANZEN!ふたりはプリキュア 五條 真由美 ごじょうまゆみ    ,だんぜんふたりはぷりきゅあ,リリース通知作成,"[""キッズ""]",true,113-5291-4,かんたん：3むずかしい：6げきむず：0,,ファイル名をコピー,リリース,DANZEN!ふたりはプリキュア,五條 真由美
20010010,2024/01/05,こっから SixTONES すとーんず ドラマ「だが、情熱はある」主題歌           ,こっから,リリース通知作成,"[""ポップス""]",true,284-4167-2,かんたん：2むずかしい：6げきむず：0,,ファイル名をコピー,リリース,こっから,SixTONES
20010011,2024/04/17,ダダダダ天使 ナナヲアカリ ななをあかり    ,だだだだてんし,リリース通知作成,"[""ポップス""]",true,719-9973-6,かんたん：3むずかしい：6げきむず：0,,ファイル名をコピー,リリース,ダダダダ天使,ナナヲアカリ
20010012,2024/05/26,だれかの心臓になれたなら ユリイ・カノン ゆりいかのん    ,だれかのしんぞうになれたなら,リリース通知作成,"[""ボカロ""]",true,23577843N00562885,かんたん：3むずかしい：6げきむず：8,,ファイル名をコピー,リリース,だれかの心臓になれたなら,ユリイ・カノン
10011437,2024/01/13,花になって 緑黄色社会 りょくおうしょくしゃかい 「薬屋のひとりごと」オープニングテーマ           ,はなになって,リリース通知作成,"[""ポップス""]",true,774-8899-7,かんたん：4むずかしい：6げきむず：0,,ファイル名をコピー,リリース,花になって,緑黄色社会
10011439,2024/02/21,NEW Smile JO1 じぇいおーわん めざまし８　テーマ           ,にゅーすまいる,リリース通知作成,"[""ポップス""]",true,286-4304-6,かんたん：3むずかしい：5げきむず：0,,ファイル名をコピー,リリース,NEW Smile,JO1
10011440,2024/01/16,今-明日 世界が終わっても- SEVENTEEN せぶんてぃーん ドラマ「トクメイ！警視庁特別会計係」主題歌           ,いあまあすせかいがおわっても,リリース通知作成,"[""ポップス""]",true,28912454N01291292,かんたん：3むずかしい：6げきむず：0,,ファイル名をコピー,リリース,今-明日 世界が終わっても-,SEVENTEEN
10011442,2024/03/25,LOOK AT ME NiziU にじゅー ドラマ『こっち向いてよ向井くん』主題歌           ,るっくあっとみー,リリース通知作成,"[""ポップス""]",true,770-0423-0,かんたん：2むずかしい：6げきむず：0,,ファイル名をコピー,リリース,LOOK AT ME,NiziU
20010013,2024/05/16,プリキュア5、スマイル go go! コロムビア・オーケストラ ころむびあおーけすとら    ,ぷりきゅあふぁいぶすまいるごーごー,リリース通知作成,"[""キッズ"", ""アニメ""]",true,137-7551-1,かんたん：3むずかしい：6げきむず：0,,ファイル名をコピー,リリース,プリキュア5、スマイル go go!,コロムビア・オーケストラ
10011446,2024/05/09,舞い落ちる花びら (Fallin' Flower) SEVENTEEN せぶんてぃーん    ,まいおちるはなびら,リリース通知作成,"[""ポップス""]",true,255-2816-5,かんたん：1むずかしい：5げきむず：0,,ファイル名をコピー,リリース,舞い落ちる花びら (Fallin' Flower),SEVENTEEN
20010014,2024/01/26,ウィークエンダー Hey!Say!JUMP へいせいじゃんぷ ドラマ「金田一少年の事件簿Ｎ（ＮＥＯ）」           ,うぃーくえんだー,リリース通知作成,"[""ポップス""]",true,710-7756-1,かんたん：3むずかしい：6げきむず：0,,ファイル名をコピー,リリース,ウィークエンダー,Hey!Say!JUMP
20010015,2024/03/13,青春フォトグラフ Little Glee Monster りとるぐりーもんすたー    ,せいしゅんふぉとぐらふ,リリース通知作成,"[""ポップス""]",true,207-6887-7,かんたん：2むずかしい：5げきむず：0,,ファイル名をコピー,リリース,青春フォトグラフ,Little Glee Monster
10011479,2024/01/25,BIRI-BIRI YOASOBI よあそび    ,びりびり,リリース通知作成,"[""ポップス""]",true,292-1604-4,かんたん：4むずかしい：6げきむず：0,,ファイル名をコピー,リリース,BIRI-BIRI,YOASOBI
10011485,2024/04/08,ボルテッカー feat. 初音ミク DECO*27 でこにーな    ,ぼるてっかー,リリース通知作成,"[""ボカロ""]",true,77285956N01291556,かんたん：2むずかしい：7げきむず：0,,ファイル名をコピー,リリース,ボルテッカー feat. 初音ミク,DECO*27
10011490,2024/03/19,UP TO ME! Little Glee Monster りとるぐりーもんすたー アニメ『七つの大罪 黙示録の四騎士』オープニングテーマ           ,あっぷとぅーみー,リリース通知作成,"[""アニメ""]",true,774-5655-6,かんたん：3むずかしい：6げきむず：0,,ファイル名をコピー,リリース,UP TO ME!,Little Glee Monster
10011493,2024/04/22,ラブソング マルシィ まるしぃ    ,らぶそんぐ,リリース通知作成,"[""ポップス""]",true,772-9498-0,かんたん：1むずかしい：5げきむず：0,,ファイル名をコピー,リリース,ラブソング,マルシィ
20010021,2024/04/25,世界はあなたに笑いかけている Little Glee Monster りとるぐりーもんすたー コカ・コーラ 2018年イメージソング           ,せかいはあなたにわらいかけている,リリース通知作成,"[""ポップス""]",true,722-2640-4,かんたん：3むずかしい：6げきむず：0,,ファイル名をコピー,リリース,世界はあなたに笑いかけている,Little Glee Monster
10011496,2024/03/21,ブタサンダー ゆこぴ ゆこぴ    ,ぶたさんだー,リリース通知作成,"[""ボカロ""]",true,77569873N01356004,かんたん：2むずかしい：5げきむず：0,,ファイル名をコピー,リリース,ブタサンダー,ゆこぴ
10011497,2024/04/05,タイムパラドックス Vaundy ばうんでぃ 『映画ドラえもん のび太の地球交響楽』主題歌           ,たいむぱらどくす,リリース通知作成,"[""アニメ""]",true,294-5764-5,かんたん：2むずかしい：6げきむず：0,,ファイル名をコピー,リリース,タイムパラドックス,Vaundy
20010022,2024/02/08,ソングオブザデッド KANA-BOON かなぶーん TVアニメ『ゾン100～ゾンビになるまでにしたい100のこと～』OP主題歌           ,そんぐおぶざでっど,リリース通知作成,"[""アニメ""]",true,770-4465-7,かんたん：3むずかしい：7げきむず：0,,ファイル名をコピー,リリース,ソングオブザデッド,KANA-BOON
10011499,2024/03/16,すきっちゅーの! HoneyWorks feat.かぴ はにーわーくすふぃーちゃりんぐかぴ    ,すきっちゅーの,リリース通知作成,"[""ポップス""]",true,772-7668-0N01357607,かんたん：3むずかしい：6げきむず：0,,ファイル名をコピー,リリース,すきっちゅーの!,HoneyWorks feat.かぴ
10011502,2024/04/20,CHEMY×STORY BACK-ON ばっくおん 「仮面ライダーガッチャード」主題歌           ,けみすとりー,リリース通知作成,"[""アニメ"", ""キッズ""]",true,287-7473-6,かんたん：2むずかしい：6げきむず：0,,ファイル名をコピー,リリース,CHEMY×STORY,BACK-ON
10011505,2024/02/24,晩餐歌 tuki. つき    ,ばんさんか,リリース通知作成,"[""ポップス""]",true,28916026N01304914,かんたん：2むずかしい：5げきむず：0,,ファイル名をコピー,リリース,晩餐歌,tuki.
10011506,2024/07/23,STARBOYS FANTASTICS from EXILE TRIBE ふぁんたすてぃっくすふろむえぐざいるとらいぶ    ,すたーぼーいず,リリース通知作成,"[""ポップス""]",true,29165491N01357984,かんたん：2むずかしい：6げきむず：0,,ファイル名をコピー,リリース,STARBOYS,FANTASTICS from EXILE TRIBE
20010024,2024/02/10,ショコラカタブラ Ado あど ロッテ チョコレート60周年記念CMソング           ,しょこらかたぶら,リリース通知作成,"[""ポップス""]",true,778-4751-2,かんたん：3むずかしい：7げきむず：0,,ファイル名をコピー,リリース,ショコラカタブラ,Ado
20010025,2024/06/25,美人 ちゃんみな ちゃんみな    ,びじん,リリース通知作成,"[""ポップス""]",true,742-7380-9,かんたん：2むずかしい：5げきむず：0,,ファイル名をコピー,リリース,美人,ちゃんみな
10011513,2024/04/28,"ハローハロー てれび戦士 てれびせんし 「天才てれびくんhello,」エンディングテーマ           ",はろーはろー,リリース通知作成,"[""キッズ""]",true,255-0094-5,かんたん：2むずかしい：5げきむず：0,,ファイル名をコピー,リリース,ハローハロー,てれび戦士
10011518,2024/03/31,CHEERS!デリシャスパーティ プリキュア Machico まちこ 「デリシャスパーティ♡プリキュア」オープニング主題歌           ,ちあーずでりしゃすぱーてぃーぷりきゅあ,リリース通知作成,"[""キッズ""]",true,750-9537-8,かんたん：2むずかしい：5げきむず：0,,ファイル名をコピー,リリース,CHEERS!デリシャスパーティ プリキュア,Machico
10011520,2024/03/26,幾億光年 Omoinotake おもいのたけ ドラマ『Eye Love You』主題歌           ,いくおくこうねん,リリース通知作成,"[""ポップス""]",true,294-8078-7,かんたん：2むずかしい：6げきむず：0,,ファイル名をコピー,リリース,幾億光年,Omoinotake
10011528,2024/04/05,冬と春 back number ばっくなんばー    ,ふゆとはる,リリース通知作成,"[""ポップス""]",true,292-4923-6,かんたん：1むずかしい：5げきむず：0,,ファイル名をコピー,リリース,冬と春,back number
10011532,2024/05/11,すきっ！ 超ときめき♡宣伝部 ちょうときめきせんでんぶ    ,すき,リリース通知作成,"[""ポップス""]",true,23682850N00567890,かんたん：2むずかしい：6げきむず：0,,ファイル名をコピー,リリース,すきっ！,超ときめき♡宣伝部
10011533,2024/05/25,最上級にかわいいの！ 超ときめき♡宣伝部 ちょうときめきせんでんぶ    ,さいじょうきゅうにかわいいの,リリース通知作成,"[""ポップス""]",true,778-4993-1N01381552,かんたん：2むずかしい：5げきむず：0,,ファイル名をコピー,リリース,最上級にかわいいの！,超ときめき♡宣伝部
10011535,2024/04/27,♡人生♡ コレサワ これさわ    ,じんせい,リリース通知作成,"[""ポップス""]",true,282-9775-0,かんたん：3むずかしい：6げきむず：0,,ファイル名をコピー,リリース,♡人生♡,コレサワ
10011536,2024/06/23,ナハトムジーク Mrs. GREEN APPLE みせすぐりーんあっぷる 映画『サイレントラブ』主題歌           ,なはとむじーく,リリース通知作成,"[""ポップス""]",true,292-6048-5,かんたん：1むずかしい：5げきむず：0,,ファイル名をコピー,リリース,ナハトムジーク,Mrs. GREEN APPLE
10011540,2024/06/01,イガク 原口沙輔 はらぐちさすけ    ,いがく,リリース通知作成,"[""ボカロ""]",true,297-6971-0,かんたん：3むずかしい：6げきむず：0,,ファイル名をコピー,リリース,イガク,原口沙輔
20010027,2024/06/02,手のひらを太陽に 由紀 さおり・安田 祥子 ゆきさおりやすださちこ    ,てのひらをたいように,リリース通知作成,"[""キッズ""]",true,054-0025-2,かんたん：2むずかしい：4げきむず：0,,ファイル名をコピー,リリース,手のひらを太陽に,由紀 さおり・安田 祥子
10011543,2024/05/17,だいしきゅーだいしゅき femme fatale ふぁむふぁたーる    ,だいしきゅうだいしゅき,リリース通知作成,"[""ポップス""]",true,27143660N01126318,かんたん：3むずかしい：7げきむず：0,,ファイル名をコピー,リリース,だいしきゅーだいしゅき,femme fatale
10011546,2024/04/26,オレンジ SPYAIR すぱいえあー 『劇場版ハイキュー!! ゴミ捨て場の決戦』主題歌           ,おれんじ,リリース通知作成,"[""アニメ""]",true,296-7863-3,かんたん：2むずかしい：6げきむず：0,,ファイル名をコピー,リリース,オレンジ,SPYAIR
10011548,2024/06/16,オーバーライド 吉田 夜世 よしだやせい    ,おーばーらいど,リリース通知作成,"[""ボカロ""]",true,77758706N01356572,かんたん：3むずかしい：6げきむず：8,,ファイル名をコピー,リリース,オーバーライド,吉田 夜世
10011549,2024/05/23,Party!! 緑黄色社会 りょくおうしょくしゃかい 『ダンジョン飯』エンディング主題歌           ,ぱーてぃ,リリース通知作成,"[""アニメ"", ""ポップス""]",true,296-9589-9,かんたん：2むずかしい：6げきむず：0,,ファイル名をコピー,リリース,Party!!,緑黄色社会
10011551,2024/05/30,Believe 杉本 竜一 すぎもとりゅういち 合唱           ,びりーぶ,リリース通知作成,"[""キッズ""]",true,058-6824-6,かんたん：1むずかしい：4げきむず：0,,ファイル名をコピー,リリース,Believe,杉本 竜一
10011553,2024/06/07,翼をください 赤い鳥 あかいとり 合唱           ,つばさをください,リリース通知作成,"[""ポップス"", ""キッズ""]",true,052-1235-9,かんたん：1むずかしい：4げきむず：0,,ファイル名をコピー,リリース,翼をください,赤い鳥
20010029,2024/06/22,イチカバチカ 山内 惠介 やまうちけいすけ TVアニメ「はなかっぱ」EDテーマ           ,いちかばちか,リリース通知作成,"[""アニメ"", ""キッズ""]",true,769-1561-1,かんたん：2むずかしい：5げきむず：0,,ファイル名をコピー,リリース,イチカバチカ,山内 惠介
20010030,2024/05/14,えがおのまほう 大原 ゆい子 おおはらゆいこ TVアニメ『はなかっぱ』OP           ,えがおのまほう,リリース通知作成,"[""アニメ"", ""キッズ""]",true,244-1175-2,かんたん：2むずかしい：5げきむず：0,,ファイル名をコピー,リリース,えがおのまほう,大原 ゆい子
20010031,2024/05/19,アンパンマンたいそう CHA-CHA ちゃちゃ    ,あんぱんまんたいそう,リリース通知作成,"[""アニメ"", ""キッズ""]",true,004-6327-2,かんたん：1むずかしい：5げきむず：0,,ファイル名をコピー,リリース,アンパンマンたいそう,CHA-CHA
20010032,2024/06/13,サンサンたいそう ドリーミング・アンパン合唱団 どりーみんぐあんぱんがっしょうだん    ,さんさんたいそう,リリース通知作成,"[""アニメ"", ""キッズ""]",true,030-6883-8,かんたん：2むずかしい：4げきむず：0,,ファイル名をコピー,リリース,サンサンたいそう,ドリーミング・アンパン合唱団
10011556,2024/04/27,ビビデバ 星街すいせい ほしまちすいせい    ,びびでば,リリース通知作成,"[""ポップス""]",true,29913993N01388424,かんたん：3むずかしい：6げきむず：0,,ファイル名をコピー,リリース,ビビデバ,星街すいせい
20010033,2024/05/03,勇気りんりん ドリーミング・アンパン合唱団 どりーみんぐあんぱんがっしょうだん アニメ『それいけ！アンパンマン』エンディングテーマ           ,ゆうきりんりん,リリース通知作成,"[""アニメ"", ""キッズ""]",true,090-9176-9,かんたん：1むずかしい：4げきむず：0,,ファイル名をコピー,リリース,勇気りんりん,ドリーミング・アンパン合唱団
10011557,2024/05/29,Click ME:I みーあい    ,くりっく,リリース通知作成,"[""ポップス""]",true,299-8160-3,かんたん：3むずかしい：6げきむず：0,,ファイル名をコピー,リリース,Click,ME:I
10011559,2024/06/10,NEW KAWAII FRUITS ZIPPER ふるーつじっぱー    ,にゅーかわいい,リリース通知作成,"[""ポップス""]",true,29937400N01407591,かんたん：2むずかしい：5げきむず：0,,ファイル名をコピー,リリース,NEW KAWAII,FRUITS ZIPPER
10011562,2024/06/24,ハート WEST. うえすと アニメ「キャプテン翼シーズン２ ジュニアユース編」オープニングテーマ           ,はーと,リリース通知作成,"[""アニメ""]",true,299-8889-6,かんたん：4むずかしい：7げきむず：0,,ファイル名をコピー,リリース,ハート,WEST.
10011563,2024/06/04,パジャマパーティーズのうた パジャマパーティーズ ぱじゃまぱーてぃーず    ,ぱじゃまぱーてぃーずのうた,リリース通知作成,"[""アニメ""]",true,779-0526-1,かんたん：1むずかしい：5げきむず：0,,ファイル名をコピー,リリース,パジャマパーティーズのうた,パジャマパーティーズ
20010035,2024/06/29,スーパースター ケツメイシ けつめいし アニメ「クレヨンしんちゃん」主題歌           ,すーぱーすたー,リリース通知作成,"[""キッズ"", ""アニメ""]",true,257-0774-4,かんたん：3むずかしい：6げきむず：0,,ファイル名をコピー,リリース,スーパースター,ケツメイシ
20010037,2024/06/18,世界中のこどもたちが 宝塚少年少女合唱団 たからづかしょうねんしょうじょがっしょうだん    ,せかいじゅうのこどもたちが,リリース通知作成,"[""キッズ""]",true,044-5529-1,かんたん：1むずかしい：5げきむず：0,,ファイル名をコピー,リリース,世界中のこどもたちが,宝塚少年少女合唱団
10011568,2024/06/06,混沌ブギ jon-YAKITORY じょんやきとり    ,こんとんぶぎ,リリース通知作成,"[""ボカロ""]",true,772-9649-4,かんたん：4むずかしい：6げきむず：0,,ファイル名をコピー,リリース,混沌ブギ,jon-YAKITORY
10011569,2024/06/19,《A》BEGINNING Aぇ! group ええぐるーぷ    ,えーびぎにんぐ,リリース通知作成,"[""ポップス""]",true,299-4347-7,かんたん：3むずかしい：6げきむず：0,,ファイル名をコピー,リリース,《A》BEGINNING,Aぇ! group
10011570,2024/06/21,会いにいくのに あいみょん あいみょん ドラマ「アンメット ある脳外科医の日記」主題歌           ,あいにいくのに,リリース通知作成,"[""ポップス""]",true,298-2711-6,かんたん：2むずかしい：5げきむず：0,,ファイル名をコピー,リリース,会いにいくのに,あいみょん
20010039,2024/06/15,ハッピー・ジャムジャム しまじろう しまじろう    ,はっぴーじゃむじゃむ,リリース通知作成,"[""キッズ""]",true,052-6574-6,かんたん：1むずかしい：5げきむず：0,,ファイル名をコピー,リリース,ハッピー・ジャムジャム,しまじろう
10011575,2024/06/14,無責任でええじゃないかLOVE KAMIGATA BOYZ かみがたぼーいず    ,むせきにんでええじゃないからゔ,リリース通知作成,"[""ポップス""]",true,782-3624-0,かんたん：3むずかしい：7げきむず：0,,ファイル名をコピー,リリース,無責任でええじゃないかLOVE,KAMIGATA BOYZ
10011576,2024/08/10,MOTTAI P丸様。 ぴーまるさま    ,もったい,リリース通知作成,"[""ポップス""]",true,27401162N01149505,かんたん：3むずかしい：7げきむず：9,,ファイル名をコピー,リリース,MOTTAI,P丸様。
10011579,2024/07/06,III 宝鐘マリン & Kobo Kanaeru ほうしょうまりんあんどこぼかなえる    ,あいあいあい,リリース通知作成,"[""ポップス""]",true,N01428835,かんたん：2むずかしい：6げきむず：0,,ファイル名をコピー,リリース,III,宝鐘マリン & Kobo Kanaeru
20010040,2024/07/27,ハム太郎とっとこうた ハムちゃんず はむちゃんず    ,はむたろうとっとこうた,リリース通知作成,"[""アニメ""]",true,078-3922-7,かんたん：2むずかしい：6げきむず：0,,ファイル名をコピー,リリース,ハム太郎とっとこうた,ハムちゃんず
10011580,2024/08/01,NEW CLASSIC なにわ男子 なにわだんし AOKI「フレッシャーズフェア」CMソング           ,にゅーくらしっく,リリース通知作成,"[""ポップス""]",true,297-8431-0,かんたん：3むずかしい：6げきむず：0,,ファイル名をコピー,リリース,NEW CLASSIC,なにわ男子
10011591,2024/07/11,たいようのサンバ 合唱 がっしょう    ,たいようのさんば,リリース通知作成,"[""キッズ""]",true,065-2692-6,かんたん：1むずかしい：5げきむず：0,,ファイル名をコピー,リリース,たいようのサンバ,合唱
10011592,2024/07/09,始まりの歌 緑黄色社会 りょくおうしょくしゃかい ABEMA『今日、好きになりました。ニャチャン編』主題歌           ,はじまりのうた,リリース通知作成,"[""ポップス""]",true,718-3852-0,かんたん：2むずかしい：5げきむず：0,,ファイル名をコピー,リリース,始まりの歌,緑黄色社会
10011593,2024/07/30,サクラキミワタシ tuki. つき ABEMA『今日、好きになりました。卒業編2024』挿入歌           ,さくらきみわたし,リリース通知作成,"[""ポップス""]",true,77648269N01388508,かんたん：2むずかしい：5げきむず：0,,ファイル名をコピー,リリース,サクラキミワタシ,tuki.
10011594,2024/07/13,メズマライザー サツキ さつき    ,めずまらいざー,リリース通知作成,"[""ボカロ""]",true,N01432152,かんたん：2むずかしい：7げきむず：8,,ファイル名をコピー,リリース,メズマライザー,サツキ
10011599,2024/07/02,ツキミソウ Novelbright のーべるぶらいと    ,つきみそう,リリース通知作成,"[""ポップス""]",true,74042599N00953948,かんたん：1むずかしい：5げきむず：0,,ファイル名をコピー,リリース,ツキミソウ,Novelbright
10011600,2024/07/20,はいよろこんで こっちのけんと こっちのけんと    ,はいよろこんで,リリース通知作成,"[""ポップス""]",true,N01432157,かんたん：3むずかしい：6げきむず：0,,ファイル名をコピー,リリース,はいよろこんで,こっちのけんと
10011633,2024/07/25,好きな惣菜発表ドラゴン ンバヂ んばぢ    ,すきなそうざいはっぴょうどらごん,リリース通知作成,"[""ボカロ""]",true,29325579N01352773,かんたん：3むずかしい：5げきむず：0,,ファイル名をコピー,リリース,好きな惣菜発表ドラゴン,ンバヂ
10011897,2024/08/03,しなこワールド しなこ しなこ    ,しなこわーるど,リリース通知作成,"[""ポップス""]",true,77969171N01384860,かんたん：2むずかしい：5げきむず：0,,ファイル名をコピー,リリース,しなこワールド,しなこ
10011964,2024/07/26,魔性の女A 紫 今 むらさきいま    ,ましょうのおんなえー,リリース通知作成,"[""ポップス""]",true,782-5693-3,かんたん：2むずかしい：6げきむず：0,,ファイル名をコピー,リリース,魔性の女A,紫 今
20010020,2024/01/10,広告（唱系）    ,こうこく,リリース通知作成,[],true,,かんたん：0むずかしい：0げきむず：0,,ファイル名をコピー,開発中,,
20010034,2025/04/18,広告（あにまらいぶ）    ,こうこく,リリース通知作成,[],true,,かんたん：0むずかしい：0げきむず：0,,ファイル名をコピー,開発中,,
20010004,2028/10/18,広告用 広告用    ,こうこくよう,リリース通知作成,[],true,,かんたん：1むずかしい：4げきむず：0,,ファイル名をコピー,開発中,広告用,広告用
10011555,2024/05/24,ゴーゴーゴー(運動会の歌)    ,ごーごーごー,リリース通知作成,"[""キッズ""]",true,033-0436-1,かんたん：1むずかしい：4げきむず：0,,ファイル名をコピー,リリース,,
10010258,2021/08/22,おどるポンポコリン ちびまる子ちゃんテーマ曲           ,おどるぽんぽこりん,リリース通知作成,"[""アニメ""]",true,015-7704-2,かんたん：3むずかしい：4げきむず：0,,ファイル名をコピー,リリース,おどるポンポコリン,ちびまる子ちゃんテーマ曲
20010018,2024/01/10,広告（和風ボカロ）    ,こうこく,リリース通知作成,[],true,,かんたん：0むずかしい：0げきむず：0,,ファイル名をコピー,開発中,,
20010019,2024/01/10,広告（すとぷり系）    ,こうこく,リリース通知作成,[],true,,かんたん：0むずかしい：0げきむず：0,,ファイル名をコピー,開発中,,
